facility_uid,facility_name,address_query,city,zip_code,service_area,source_file,source_page_start
lacdmh-sa1-8422-1,A PAUL KURKJIAN A MED CORP,"2701 ATLANTIC AVE STE C, LONG BEACH, CA 90805-5910",LONG BEACH,90805,SA 1,1127958_PD_ServiceArea_1.pdf,6
lacdmh-sa1-8412-2,ADVANTAGE NEUROPSYCH ASSOC,"1010 W. CHAPMAN AVE., ORANGE, CA 92868-2847",ORANGE,92868,SA 1,1127958_PD_ServiceArea_1.pdf,7
lacdmh-sa1-8416-3,"AHINASI, SONNIA","3501 CEDAR AVE., LONG BEACH, CA 90807-5910",LONG BEACH,90807,SA 1,1127958_PD_ServiceArea_1.pdf,9
lacdmh-sa1-7539-4,ALAFIA MENTAL HEALTH INSTITUTE,"43845 10TH ST. W 2B, LANCASTER, CA 93534-4800",LANCASTER,93534,SA 1,1127958_PD_ServiceArea_1.pdf,10
lacdmh-sa1-8400-5,"AL-ASADI, GHADA","415 W. ROUTE 66 STE. 202, GLENDORA, CA 91740-4335",GLENDORA,91740,SA 1,1127958_PD_ServiceArea_1.pdf,14
lacdmh-sa1-8240-6,"ALEKSANDRA WIRGA, MD","3505 LONG BEACH BLVD. STE. 2D, LONG BEACH, CA 90807-3947",LONG BEACH,90807,SA 1,1127958_PD_ServiceArea_1.pdf,15
lacdmh-sa1-7716-7,ANTELOPE VALLEY KIDZ CONNECTION-SPECIALIZED FOSTER CARE OUTP,"2323 A E. PALMDALE BLVD., PALMDALE, CA 93550-4957",PALMDALE,93550,SA 1,1127958_PD_ServiceArea_1.pdf,24
lacdmh-sa1-1904-8,ANTELOPE VALLEY MHC,"349A E. AVENUE K6, LANCASTER, CA 93535-4548",LANCASTER,93535,SA 1,1127958_PD_ServiceArea_1.pdf,28
lacdmh-sa1-19LL-9,ANTELOPE VALLEY MHC - FULL SERVICE PARTNERSHIP,"251 E AVENUE K6 STE H, LANCASTER, CA 93535-4548",LANCASTER,93535,SA 1,1127958_PD_ServiceArea_1.pdf,37
lacdmh-sa1-8388-10,ASANA INTEGRATED MED GRP,"1600 WEST AVENUE J, LANCASTER, CA 93534-2814",LANCASTER,93534,SA 1,1127958_PD_ServiceArea_1.pdf,41
lacdmh-sa1-8393-11,ASHLEYWILLIAMS COUNSELING,"10900 E. 183RD ST. STE. 105, CERRITOS, CA 90703-7743",CERRITOS,90703,SA 1,1127958_PD_ServiceArea_1.pdf,43
lacdmh-sa1-7756-12,AV WELLNESS AND ENRICHMENT CENTER,"251 H EAST AVENUE K6, LANCASTER, CA 93535-4513",LANCASTER,93535,SA 1,1127958_PD_ServiceArea_1.pdf,44
lacdmh-sa1-8395-13,"BRIAN P MILLER,MD,A PRO CORP","11303 SPRING MEADOW LN., SAN DIEGO, CA 92128",SAN DIEGO,92128,SA 1,1127958_PD_ServiceArea_1.pdf,45
lacdmh-sa1-7967-14,CA MENTOR,"40015 SIERRA HWY. STE. B280, PALMDALE, CA 93550-2143",PALMDALE,93550,SA 1,1127958_PD_ServiceArea_1.pdf,47
lacdmh-sa1-8508-15,CALIFORNIA PSYCHOLOGY CLINIC,"127 BROADWAY SUITE 200, SANTA MONICA, CA 90401-2330",SANTA MONICA,90401,SA 1,1127958_PD_ServiceArea_1.pdf,61
lacdmh-sa1-8010-16,CHAFFEE JON,"301 VICTORIA ST, COSTA MESA, CA 92627",COSTA MESA,92627,SA 1,1127958_PD_ServiceArea_1.pdf,63
lacdmh-sa1-19BE-17,CHILD AND FAMILY CENTER,"190 SIERRA CT UNIT C-3, PALMDALE, CA 93550-7609",PALMDALE,93550,SA 1,1127958_PD_ServiceArea_1.pdf,65
lacdmh-sa1-7225-18,CHILD AND FAMILY GUIDANCE CTR PALMDALE,"40005 10TH ST. W SUITE 106, PALMDALE, CA 93551-3013",PALMDALE,93551,SA 1,1127958_PD_ServiceArea_1.pdf,71
lacdmh-sa1-7301-19,CHILDRENS BUREAU OF SOUTHERN CALIFORNIA,"525 W AVE P4, PALMDALE, CA 93551-3743",PALMDALE,93551,SA 1,1127958_PD_ServiceArea_1.pdf,82
lacdmh-sa1-7473-20,CHILDREN'S BUREAU OF SOUTHERN CALIFORNIA LANCASTER DT,"921 C AVE. J, LANCASTER, CA 93534-3443",LANCASTER,93534,SA 1,1127958_PD_ServiceArea_1.pdf,91
lacdmh-sa1-8337-21,COMMUNITY BEHAVIORAL,"42055 50TH ST. W. STE. 7, LANCASTER, CA 93536-3520",LANCASTER,93536,SA 1,1127958_PD_ServiceArea_1.pdf,98
lacdmh-sa1-8231-22,COSKINAS EVAGELOS,"301 VICTORIA ST., COSTA MESA, CA 92627-3201",COSTA MESA,92627,SA 1,1127958_PD_ServiceArea_1.pdf,100
lacdmh-sa1-19HJ-23,DIMONDALE ADOLESCENT #2,"44116 63RD ST. W., LANCASTER, CA 93536-7567",LANCASTER,93536,SA 1,1127958_PD_ServiceArea_1.pdf,102
lacdmh-sa1-19HW-24,DIMONDALE ADOLESCENT #7,"44423 HANSTEAD AVE., LANCASTER, CA 93535-3224",LANCASTER,93535,SA 1,1127958_PD_ServiceArea_1.pdf,106
lacdmh-sa1-19HV-25,DIMONDALE ADOLESCENT #8,"823 E. PILLSBURY ST., LANCASTER, CA 93535-3209",LANCASTER,93535,SA 1,1127958_PD_ServiceArea_1.pdf,109
lacdmh-sa1-19HE-26,DIMONDALE ADOLESCENT #9,"1868 E GLADWICK ST., CARSON, CA 90746-2570",CARSON,90746,SA 1,1127958_PD_ServiceArea_1.pdf,112
lacdmh-sa1-7478-27,EOTD CRISIS HOMELESS - ANTELOPE,"2323 A E. PALMDALE BLVD., PALMDALE, CA 93550-4036",PALMDALE,93550,SA 1,1127958_PD_ServiceArea_1.pdf,115
lacdmh-sa1-8013-28,FARRAG HASSAN,"17075 DEVONSHIRE ST. STE. 204, NORTHRIDGE, CA 91325-1600",NORTHRIDGE,91325,SA 1,1127958_PD_ServiceArea_1.pdf,118
lacdmh-sa1-8115-29,FIDEL MANOLITO,"23700 CAMINO DEL SOL, TORRANCE, CA 90505-5017",TORRANCE,90505,SA 1,1127958_PD_ServiceArea_1.pdf,120
lacdmh-sa1-8225-30,FREEMAN CARLOTTA,"20 IRONSIDES STREET SUITE 1, MARINA DEL REY, CA 90292-5981",MARINA DEL REY,90292,SA 1,1127958_PD_ServiceArea_1.pdf,122
lacdmh-sa1-8426-31,HEALING SOURCE MEDICAL INC,"1601 DOVE ST. STE. 185, NEWPORT BEACH, CA 92660-2411",NEWPORT BEACH,92660,SA 1,1127958_PD_ServiceArea_1.pdf,124
lacdmh-sa1-7679-32,HERITAGE CLINIC LANCASTER,"43807 10TH ST. W. STE. D., LANCASTER, CA 93534-4805",LANCASTER,93534,SA 1,1127958_PD_ServiceArea_1.pdf,126
lacdmh-sa1-7931-33,HIGH DESERT REGIONAL CENTER MEDICAL HUB,"335 E AVENUE I AREA 12, LANCASTER, CA 93535-1916",LANCASTER,93535,SA 1,1127958_PD_ServiceArea_1.pdf,130
lacdmh-sa1-8418-34,"HIGHUM, DIANE","460 S. ESPLANADE ST., ORANGE, CA 92869-4802",ORANGE,92869,SA 1,1127958_PD_ServiceArea_1.pdf,132
lacdmh-sa1-8196-35,HIRSCH JEFFREY,"16901 NAPA STREET, NORTH HILLS, CA 91343-9998",NORTH HILLS,91343,SA 1,1127958_PD_ServiceArea_1.pdf,133
lacdmh-sa1-8401-36,INLAND PSYCH MED GRP INC,"1652 W. AVE. J, LANCASTER, CA 93534-2814",LANCASTER,93534,SA 1,1127958_PD_ServiceArea_1.pdf,134
lacdmh-sa1-8354-37,JACOB SAID,"415 W. ROUTE 66 STE. 202, GLENDORA, CA 91740-9998",GLENDORA,91740,SA 1,1127958_PD_ServiceArea_1.pdf,135
lacdmh-sa1-8409-38,"JENKINS MD INC, RICK","4525 ATHERTON ST., LONG BEACH, CA 90815-5910",LONG BEACH,90815,SA 1,1127958_PD_ServiceArea_1.pdf,136
lacdmh-sa1-8260-39,JOHNSON GADSON,"701 SANTA MONICA BLVD 230, SANTA MONICA, CA 90401-2623",SANTA MONICA,90401,SA 1,1127958_PD_ServiceArea_1.pdf,137
lacdmh-sa1-8359-40,JUDEN VALDEZ MD INC,"1000 VIA NOGALES, RANCHO PALOS VERDE, CA 90274-9998",RANCHO PALOS VERDE,90274,SA 1,1127958_PD_ServiceArea_1.pdf,139
lacdmh-sa1-8419-41,KAMAL BIJANPOUR INC,"3605 LONG BEACH BLVD SUITE 304, LONG BEACH, CA 90807-6018",LONG BEACH,90807,SA 1,1127958_PD_ServiceArea_1.pdf,141
lacdmh-sa1-8423-42,KATARIA COUNSELING CENTER,"112 W. GRAND BLVD., CORONA, CA 92882-2006",CORONA,92882,SA 1,1127958_PD_ServiceArea_1.pdf,142
lacdmh-sa1-19F6-43,KENSINGTON,"45244 32ND STREET WEST, LANCASTER, CA 93536-8442",LANCASTER,93536,SA 1,1127958_PD_ServiceArea_1.pdf,143
lacdmh-sa1-8417-44,KO SARAH CHO,"4333 TORRANCE BLVD, TORRANCE, CA 90503-4401",TORRANCE,90503,SA 1,1127958_PD_ServiceArea_1.pdf,147
lacdmh-sa1-8403-45,"LEV GERTSIK, MD INC","1487 E. CHEVY CHASE BLVD, GLENDALE, CA 91206-4008",GLENDALE,91206,SA 1,1127958_PD_ServiceArea_1.pdf,149
lacdmh-sa1-19N5-46,LIBRARY PROGRAM SA 1,"601 W LANCASTER BLVD, LANCASTER, CA 93534-3107",LANCASTER,93534,SA 1,1127958_PD_ServiceArea_1.pdf,151
lacdmh-sa1-8230-47,LIBUS INC SVETLANA,"700 N. PACIFIC COAST HWY STE. 301, REDONDO BEACH, CA 90277-6146",REDONDO BEACH,90277,SA 1,1127958_PD_ServiceArea_1.pdf,152
lacdmh-sa1-8405-48,"LITOS O. MALLARE, MD, INC","23823 MALIBU RD STE 50 189, MALIBU, CA 90265-4628",MALIBU,90265,SA 1,1127958_PD_ServiceArea_1.pdf,153
lacdmh-sa1-8035-49,LITVIN CHESTER,"6229 MORSE AVE, N HOLLYWOOD, CA 91606-9998",N HOLLYWOOD,91606,SA 1,1127958_PD_ServiceArea_1.pdf,155
lacdmh-sa1-8357-50,MAHONEY ALVIN,"2222 FOOTHILL BLVD, LA CANADA, CA 91011-9998",LA CANADA,91011,SA 1,1127958_PD_ServiceArea_1.pdf,156
lacdmh-sa1-7792-51,MASADA HOMES,"314 E. AVE. K-4 UNITS 104-108, LANCASTER, CA 93535-4503",LANCASTER,93535,SA 1,1127958_PD_ServiceArea_1.pdf,157
lacdmh-sa1-19AM-52,MCKINLEY CHILDREN'S CENTER,"2231 E. PALMDALE BLVD., PALMDALE, CA 93550-1326",PALMDALE,93550,SA 1,1127958_PD_ServiceArea_1.pdf,164
lacdmh-sa1-8171-53,MEMORIAL COUNSELING ASSOC,"4525 E ATHERTON STREET, LONG BEACH, CA 90815-3700",LONG BEACH,90815,SA 1,1127958_PD_ServiceArea_1.pdf,171
lacdmh-sa1-19BY-54,MHA PALMDALE ADULT INTEGRATED SRVS,"1529 E PALMDALE BLVD STE 100, PALMDALE, CA 93550-2028",PALMDALE,93550,SA 1,1127958_PD_ServiceArea_1.pdf,174
lacdmh-sa1-7204-55,MHA-ANTELOPE VALLEY,"506 W. JACKMAN ST., LANCASTER, CA 93534-2531",LANCASTER,93534,SA 1,1127958_PD_ServiceArea_1.pdf,177
lacdmh-sa1-19EJ-56,NCMET,"1000 W. AVE J, LANCASTER, CA 93534-3329",LANCASTER,93534,SA 1,1127958_PD_ServiceArea_1.pdf,186
lacdmh-sa1-8101-57,OGBECHIE LAWRENCE,"2491 PACIFIC AVE, LONG BEACH, CA 90806-2900",LONG BEACH,90806,SA 1,1127958_PD_ServiceArea_1.pdf,190
lacdmh-sa1-8415-58,"OMUSON, VICTORIA","3294 SANTA FE AVE., LONG BEACH, CA 90810-5910",LONG BEACH,90810,SA 1,1127958_PD_ServiceArea_1.pdf,191
lacdmh-sa1-8413-59,"ONYEKWE, CORDELIA ROSE","2776 PACIFIC AVENUE, LONG BEACH, CA 90806-2613",LONG BEACH,90806,SA 1,1127958_PD_ServiceArea_1.pdf,192
lacdmh-sa1-7541-60,OPTIMIST PALMDALE,"520 W PALMDALE BLVD SUITE D E F G, PALMDALE, CA 93551-4229",PALMDALE,93551,SA 1,1127958_PD_ServiceArea_1.pdf,194
lacdmh-sa1-7352-61,PALMDALE DISCOVERY CENTER,"1609 E PALMDALE STE G, PALMDALE, CA 93550-4881",PALMDALE,93550,SA 1,1127958_PD_ServiceArea_1.pdf,199
lacdmh-sa1-7386-62,PALMDALE MENTAL HEALTH CENTER,"2260 E PALMDALE BLVD STE J, PALMDALE, CA 93550-4952",PALMDALE,93550,SA 1,1127958_PD_ServiceArea_1.pdf,201
lacdmh-sa1-19M1-63,PARENTS ANONYMOUS ANTELOPE VALLEY,"38345 30TH ST E STE C2, PALMDALE, CA 93550-4982",PALMDALE,93550,SA 1,1127958_PD_ServiceArea_1.pdf,210
lacdmh-sa1-7455-64,PENNY LANE CENTERS,"43520 DIVISION STREET, LANCASTER, CA 93535-4089",LANCASTER,93535,SA 1,1127958_PD_ServiceArea_1.pdf,218
lacdmh-sa1-7954-65,"PERSONAL INVOLVEMENT CENTER, INC.","348 E. AVE. K4, LANCASTER, CA 93535-4505",LANCASTER,93535,SA 1,1127958_PD_ServiceArea_1.pdf,237
lacdmh-sa1-8042-66,PHUN KENNETH,"2418 SAN GABRIEL BLVD, ROSEMEAD, CA 91770-3674",ROSEMEAD,91770,SA 1,1127958_PD_ServiceArea_1.pdf,240
lacdmh-sa1-7195-67,PROBATION CAMPS,"427 S. ENCINAL CYN RD., MALIBU, CA 90265-2404",MALIBU,90265,SA 1,1127958_PD_ServiceArea_1.pdf,241
lacdmh-sa1-8394-68,"RINKENBERGER, AMALIA","15720 VENTURA BLVD SUITE 303, ENCINO, CA 91436-2914",ENCINO,91436,SA 1,1127958_PD_ServiceArea_1.pdf,258
lacdmh-sa1-8283-69,ROBERT IMANI MD INC,"1505 W. AVE J STE. 103, LANCASTER, CA 93534-2843",LANCASTER,93534,SA 1,1127958_PD_ServiceArea_1.pdf,260
lacdmh-sa1-8399-70,"ROSS, GAIL","301 VICTORIA ST., COSTA MESA, CA 92627-1995",COSTA MESA,92627,SA 1,1127958_PD_ServiceArea_1.pdf,262
lacdmh-sa1-19IR SA1-71,ENHANCED CARE MANAGEMENT,"251 E AVENUE K-6 1ST FL STE B, LANCASTER, CA 93535-4513",LANCASTER,93535,SA 1,1127958_PD_ServiceArea_1.pdf,264
lacdmh-sa1-7933 SA1-72,HOME,"2323A E. PALMDALE BLVD., PALMDALE, CA 93550-4957",PALMDALE,93550,SA 1,1127958_PD_ServiceArea_1.pdf,266
lacdmh-sa1-8050-73,SCHNURER ANTHONY,"11900 VENTURA BLVD. STE. 1, STUDIO CITY, CA 91604-2606",STUDIO CITY,91604,SA 1,1127958_PD_ServiceArea_1.pdf,270
lacdmh-sa1-8411-74,"SIDHOM, TAGHRID","415 W. ROUTE 66 STE. 202, GLENDORA, CA 91740-4335",GLENDORA,91740,SA 1,1127958_PD_ServiceArea_1.pdf,272
lacdmh-sa1-7620-75,SPECIALIZED FOSTER CARE LANCASTER,"176 HOLSTON DR., LANCASTER, CA 93535-4531",LANCASTER,93535,SA 1,1127958_PD_ServiceArea_1.pdf,273
lacdmh-sa1-7610-76,SPECIALIZED FOSTER CARE-PALMDALE,"176 HOLSTON DR., LANCASTER, CA 93535-4531",LANCASTER,93535,SA 1,1127958_PD_ServiceArea_1.pdf,276
lacdmh-sa1-7881-77,SSG PROJECT 180 NORTH,"1050 E PALMDLE BLVD STE 211, PALMDALE, CA 93550-4750",PALMDALE,93550,SA 1,1127958_PD_ServiceArea_1.pdf,278
lacdmh-sa1-19D5-78,"STAR VIEW BEHAVIORAL HEALTH, INC","1216 W. AVE. J STE. 300, LANCASTER, CA 93534-2944",LANCASTER,93534,SA 1,1127958_PD_ServiceArea_1.pdf,281
lacdmh-sa1-19G7-79,STAR VIEW URGENT CARE CENTERS,"415 E. AVE. I, LANCASTER, CA 93535-1916",LANCASTER,93535,SA 1,1127958_PD_ServiceArea_1.pdf,286
lacdmh-sa1-7741-80,SYCAMORES-PALMDALE,"861 AUTO CENTER DR., PALMDALE, CA 93551-4493",PALMDALE,93551,SA 1,1127958_PD_ServiceArea_1.pdf,293
lacdmh-sa1-19GG-81,"TARZANA TREATMENT CENTERS, INC","44421 10TH ST. W., LANCASTER, CA 93534-3335",LANCASTER,93534,SA 1,1127958_PD_ServiceArea_1.pdf,300
lacdmh-sa1-19L4-82,"TARZANA TREATMENT CENTERS, INC","1037 E. PALMDALE BLVD., PALMDALE, CA 93550-4745",PALMDALE,93550,SA 1,1127958_PD_ServiceArea_1.pdf,302
lacdmh-sa1-7531-83,"TARZANA TREATMENT CENTERS, INC","44447 10TH ST W, LANCASTER, CA 93534-3324",LANCASTER,93534,SA 1,1127958_PD_ServiceArea_1.pdf,303
lacdmh-sa1-7882-84,"TARZANA TREATMENT CENTERS, INC","320 E. PALMDALE BLVD., PALMDALE, CA 93550-4598",PALMDALE,93550,SA 1,1127958_PD_ServiceArea_1.pdf,304
lacdmh-sa1-7885-85,"TARZANA TREATMENT CENTERS, INC","907 W. LANCASTER BLVD., LANCASTER, CA 93534-2305",LANCASTER,93534,SA 1,1127958_PD_ServiceArea_1.pdf,308
lacdmh-sa1-1916-86,"TARZANA TREATMENT CENTERS, INC.","44443 10TH ST W, LANCASTER, CA 93534-3346",LANCASTER,93534,SA 1,1127958_PD_ServiceArea_1.pdf,310
lacdmh-sa1-7940-87,TESSIE CLEVELAND COMMUNITY SERVICES,"450 W PALMDALE BLVD STE B, PALMDALE, CA 93551-3104",PALMDALE,93551,SA 1,1127958_PD_ServiceArea_1.pdf,319
lacdmh-sa1-7488-88,THE CHILDREN'S CENTER OF THE ANTELOPE VALLEY,"45111 FERN AVE, LANCASTER, CA 93534-2301",LANCASTER,93534,SA 1,1127958_PD_ServiceArea_1.pdf,323
lacdmh-sa1-8235-89,TRADITIONS BEHAVIORAL HLTH,"1580 FIRST ST., NAPA, CA 94559-2841",NAPA,94559,SA 1,1127958_PD_ServiceArea_1.pdf,330
lacdmh-sa1-8392-90,TRANSITIONING LIVES LLC,"15021 VENTURA BLVD SUITE 332, SHERMAN OAKS, CA 91403-2442",SHERMAN OAKS,91403,SA 1,1127958_PD_ServiceArea_1.pdf,333
lacdmh-sa1-8004-91,"TSILYA BASS MD, INC.","7801 SUNSET BLVD., LOS ANGELES, CA 90046-3911",LOS ANGELES,90046,SA 1,1127958_PD_ServiceArea_1.pdf,334
lacdmh-sa1-8424-92,TURNING POINT ALCOHOL & DRUG,"3756 SANTA ROSALIA DR. STE. 617, LOS ANGELES, CA 90008-3606",LOS ANGELES,90008,SA 1,1127958_PD_ServiceArea_1.pdf,336
lacdmh-sa1-8435-93,WILLIAM GILLESPIE ASSOC INC,"510 S. GRAND AVE 200, GLENDORA, CA 91741-4291",GLENDORA,91741,SA 1,1127958_PD_ServiceArea_1.pdf,338
lacdmh-sa1-8077-94,WRONSKI CRAIG,"18811 HUNTINGTON ST. STE. 200, HUNTINGTON BEACH, CA 92648-9998",HUNTINGTON BEACH,92648,SA 1,1127958_PD_ServiceArea_1.pdf,341
lacdmh-sa1-19KA-95,ZOE HOME FOR YOUTH,"8144 ESCONDIDO CANYON RD., ACTON, CA 93510-1534",ACTON,93510,SA 1,1127958_PD_ServiceArea_1.pdf,343
lacdmh-sa2-19M3 19M3R-96,CRT PROGRAMS SYLMAR,"14124 BUCHER AVE, SYLMAR, CA 91342-1424",SYLMAR,91342,SA 2,1127959_PD_ServiceArea_2.pdf,6
lacdmh-sa2-7355J 7355J-97,YOUTH CONTACT BIRM HS_SAT,"17000 HAYNES ST., VAN NUYS, CA 91406-5420",VAN NUYS,91406,SA 2,1127959_PD_ServiceArea_2.pdf,9
lacdmh-sa2-7927-98,ACT HEALTH AND WELLNESS CLINIC,"15760 VENTURA BLVD. STE. 920, ENCINO, CA 91436-3019",ENCINO,91436,SA 2,1127959_PD_ServiceArea_2.pdf,11
lacdmh-sa2-19B4-99,ALL FOR KIDS-VALENCIA,"27200 TOURNEY RD. STE. 175, VALENCIA, CA 91335-4990",VALENCIA,91335,SA 2,1127959_PD_ServiceArea_2.pdf,14
lacdmh-sa2-7589-100,ANNE SIPPI CLINIC COMMUNITY SERVICES,"5335 CRANER AVE., NORTH HOLLYWOOD, CA 91601-3313",NORTH HOLLYWOOD,91601,SA 2,1127959_PD_ServiceArea_2.pdf,18
lacdmh-sa2-7362-101,ASIAN PACIFIC COUNSELING + TX CENTER SFV,"15350 SHERMAN WAY. STE. 200, VAN NUYS, CA 91406-4203",VAN NUYS,91406,SA 2,1127959_PD_ServiceArea_2.pdf,22
lacdmh-sa2-7626-102,AVIVA FAMILY AND CHILDREN'S SERVICES,"5805 SEPULVEDA BLVD. 710, VAN NUYS, CA 91411-2522",VAN NUYS,91411,SA 2,1127959_PD_ServiceArea_2.pdf,26
lacdmh-sa2-7814-103,BALBOA STUDENT AND FAMILY WELLNESS CENTER,"6655 BALBOA BLVD., VAN NUYS, CA 91406-5529",VAN NUYS,91406,SA 2,1127959_PD_ServiceArea_2.pdf,33
lacdmh-sa2-7814X-104,BALBOA STUDENT AND FAMILY WELLNESS CENTER,"6655 BALBOA BLVD., VAN NUYS, CA 91406-5529",VAN NUYS,91406,SA 2,1127959_PD_ServiceArea_2.pdf,36
lacdmh-sa2-6821-105,BARRY NIDORF JUVENILE HALL MENTAL HEALTH,"16350 FILBERT ST, SYLMAR, CA 91342-1002",SYLMAR,91342,SA 2,1127959_PD_ServiceArea_2.pdf,37
lacdmh-sa2-7772-106,BRIDGES TRUSTART,"20501 VENTURA BLVD. STE.170 180, WOODLAND HILLS, CA 91364-2337",WOODLAND HILLS,91364,SA 2,1127959_PD_ServiceArea_2.pdf,50
lacdmh-sa2-7877-107,BURBANK MENTAL HEALTH EVALUATION TEAM,"200 NORTH THIRD STREET 3RD FLOOR, BURBANK, CA 91502-1201",BURBANK,91502,SA 2,1127959_PD_ServiceArea_2.pdf,57
lacdmh-sa2-7966-108,CA MENTOR,"10200 SEPULVEDA BLVD 170, MISSION HILLS, CA 91345-2649",MISSION HILLS,91345,SA 2,1127959_PD_ServiceArea_2.pdf,59
lacdmh-sa2-19KR-109,CENTRAL STAR OLIVE VIEW UCLA CRTP,"14129 BUCHER AVE, SYLMAR, CA 91342-1442",SYLMAR,91342,SA 2,1127959_PD_ServiceArea_2.pdf,73
lacdmh-sa2-7479A-110,CHILD + FAMILY CENTER,"21545 CENTRE POINTE PARKWAY, SANTA CLARITA, CA 91350-2947",SANTA CLARITA,91350,SA 2,1127959_PD_ServiceArea_2.pdf,126
lacdmh-sa2-7247-111,CHILD + FAMILY GUIDANCE CENTER-BALBOA,"8550 BALBOA BLVD STE 150, NORTHRIDGE, CA 91325-3562",NORTHRIDGE,91325,SA 2,1127959_PD_ServiceArea_2.pdf,144
lacdmh-sa2-7980-112,CHILD AND FAM GUIDANCE CTR NHW,"9119 HASKELL AVE, NORTH HILLS, CA 91343-3121",NORTH HILLS,91343,SA 2,1127959_PD_ServiceArea_2.pdf,162
lacdmh-sa2-1975-113,CHILD AND FAMILY GUIDANCE CENTER - NORTHRIDGE,"9650 ZELZAH AVE, NORTHRIDGE, CA 91325-2003",NORTHRIDGE,91325,SA 2,1127959_PD_ServiceArea_2.pdf,170
lacdmh-sa2-8232-114,CLIFFORD I IRIELE MD INC,"1711 W. TEMPLE ST. STE. 6642, LOS ANGELES, CA 90026-5421",LOS ANGELES,90026,SA 2,1127959_PD_ServiceArea_2.pdf,185
lacdmh-sa2-19M9-115,COASTAL API FAMILY MHC- FSP,"14112 S KINGSLEY DR, GARDENA, CA 90249-3018",GARDENA,90249,SA 2,1127959_PD_ServiceArea_2.pdf,187
lacdmh-sa2-7483-116,COUNSELING4KIDS,"225 W. BROADWAY AVE. STE. 155, GLENDALE, CA 91204-1332",GLENDALE,91204,SA 2,1127959_PD_ServiceArea_2.pdf,191
lacdmh-sa2-19GW-117,DIDI HIRSCH AT EAST VALLEY HS,"5525 VINELAND AVE., NORTH HOLLYWOOD, CA 91601-2730",NORTH HOLLYWOOD,91601,SA 2,1127959_PD_ServiceArea_2.pdf,197
lacdmh-sa2-19GP-118,DIDI HIRSCH AT GLENDALE HIGH SCHOOL,"1440 E. BROADWAY, GLENDALE, CA 91205-1503",GLENDALE,91205,SA 2,1127959_PD_ServiceArea_2.pdf,199
lacdmh-sa2-19GN-119,DIDI HIRSCH AT HORACE MANN ES,"501 E. ACACIA AVE., GLENDALE, CA 91205-2823",GLENDALE,91205,SA 2,1127959_PD_ServiceArea_2.pdf,201
lacdmh-sa2-7812-120,DIDI HIRSCH GLENDALE CENTER,"1540 E COLORADO STREET, GLENDALE, CA 91205-1514",GLENDALE,91205,SA 2,1127959_PD_ServiceArea_2.pdf,202
lacdmh-sa2-7868-121,DIDI HIRSCH MHS-VIA AVANTA,"11643 GLENOAKS BLVD, PACOIMA, CA 91331-1050",PACOIMA,91331,SA 2,1127959_PD_ServiceArea_2.pdf,213
lacdmh-sa2-7628-122,DMH SA 2 NAVIGATION TEAM,"10515 BALBOA BLVD. STE. 150, GRANADA HILLS, CA 91344-6355",GRANADA HILLS,91344,SA 2,1127959_PD_ServiceArea_2.pdf,216
lacdmh-sa2-7102-123,DUBNOFF CENTER CHILD DEVELOPMENT,"10526 DUBNOFF WAY, NORTH HOLLYWOOD, CA 91606-3921",NORTH HOLLYWOOD,91606,SA 2,1127959_PD_ServiceArea_2.pdf,217
lacdmh-sa2-7571-124,DUBNOFF CENTER SCHOOL BASED OUTPATIENT,"11631 VICTORY BLVD STE 207, NORTH HOLLYWOOD, CA 91606-3572",NORTH HOLLYWOOD,91606,SA 2,1127959_PD_ServiceArea_2.pdf,218
lacdmh-sa2-7371-125,EL CENTRO DE AMISTAD - SAN FERNANDO,"566 S BRAND BLVD, SAN FERNANDO, CA 91340-4002",SAN FERNANDO,91340,SA 2,1127959_PD_ServiceArea_2.pdf,219
lacdmh-sa2-19MN-126,EL CENTRO DE AMISTAD INC,"14500 ROSCOE BLVD STE 205, LOS ANGELES, CA 91402-4190",LOS ANGELES,91402,SA 2,1127959_PD_ServiceArea_2.pdf,232
lacdmh-sa2-7050-127,"EL CENTRO DE AMISTAD, INC.","7038 OWENSMOUTH AVE, CANOGA PARK, CA 91303-3198",CANOGA PARK,91303,SA 2,1127959_PD_ServiceArea_2.pdf,245
lacdmh-sa2-7477-128,EOTD CRISIS HOMELESS - SAN FERNANDO,"919 1ST ST., SAN FERNANDO, CA 91340-2957",SAN FERNANDO,91340,SA 2,1127959_PD_ServiceArea_2.pdf,259
lacdmh-sa2-8378-129,"ESTELITA B. CALICA, MD, APC","1505 WILSON TER. STE. 230, GLENDALE, CA 91206-4071",GLENDALE,91206,SA 2,1127959_PD_ServiceArea_2.pdf,263
lacdmh-sa2-8406-130,FARMANI MARYAM,"20300 VENTURA BLVD 315, WOODLAND HILLS, CA 91364-2448",WOODLAND HILLS,91364,SA 2,1127959_PD_ServiceArea_2.pdf,265
lacdmh-sa2-8438-131,FAWZY S BASTA MD APC,"17075 DEVONSHIRE ST, NORTHRIDGE, CA 91325-1600",NORTHRIDGE,91325,SA 2,1127959_PD_ServiceArea_2.pdf,267
lacdmh-sa2-8005-132,"FAWZY S. BASTA, MD, APC","18546 ROSCOE BLVD. STE. 210, NORTHRIDGE, CA 91324",NORTHRIDGE,91324,SA 2,1127959_PD_ServiceArea_2.pdf,269
lacdmh-sa2-8014-133,FISCHER MARTIN,"4669 ARRIBA DR., TARZANA, CA 91356-4825",TARZANA,91356,SA 2,1127959_PD_ServiceArea_2.pdf,270
lacdmh-sa2-19CP-134,FREEHAB CRTP,"8142 SUNLAND BLVD., SUN VALLEY, CA 91352-3948",SUN VALLEY,91352,SA 2,1127959_PD_ServiceArea_2.pdf,272
lacdmh-sa2-1954-135,HILLVIEW MH AUXILIARY OUTPT - SITE 2,"12502 VAN NUYS BLVD SUITE 201, PACOIMA, CA 91331-6723",PACOIMA,91331,SA 2,1127959_PD_ServiceArea_2.pdf,276
lacdmh-sa2-7068-136,HILLVIEW MHC - OUTPATIENT,"12450 VAN NUYS BLVD SUITE 200, PACOIMA, CA 91331-1391",PACOIMA,91331,SA 2,1127959_PD_ServiceArea_2.pdf,279
lacdmh-sa2-6758-137,HILLVIEW MHC ADULT RESIDENTIAL,"12408 VAN NUYS BLVD BLDG C, PACOIMA, CA 91331-1313",PACOIMA,91331,SA 2,1127959_PD_ServiceArea_2.pdf,287
lacdmh-sa2-7420-138,HILLVIEW MHC AUXILIARY OUTPATIENT,"12408 VAN NUYS BLVD BLDG D, PACOIMA, CA 91331-1313",PACOIMA,91331,SA 2,1127959_PD_ServiceArea_2.pdf,289
lacdmh-sa2-19CU-139,HSCFS - CCLA HS,"1001 ARROYO ST., SAN FERNANDO, CA 91340-1817",SAN FERNANDO,91340,SA 2,1127959_PD_ServiceArea_2.pdf,292
lacdmh-sa2-19DN-140,HSCFS - FERNANGELES ES,"12001 ART ST., SUN VALLEY, CA 91352-2409",SUN VALLEY,91352,SA 2,1127959_PD_ServiceArea_2.pdf,294
lacdmh-sa2-19E6-141,HSCFS - POLYTECHNIC HS,"12431 ROSCOE BLVD., SUN VALLEY, CA 91352-3723",SUN VALLEY,91352,SA 2,1127959_PD_ServiceArea_2.pdf,296
lacdmh-sa2-19DM-142,HSCFS - VALERIO ES,"15035 VALERIO ST., VAN NUYS, CA 91405-1742",VAN NUYS,91405,SA 2,1127959_PD_ServiceArea_2.pdf,298
lacdmh-sa2-19CV-143,HSCFS - VAUGHN MAINLAND ES,"13330 VAUGHN ST., SAN FERNANDO, CA 91340-2216",SAN FERNANDO,91340,SA 2,1127959_PD_ServiceArea_2.pdf,300
lacdmh-sa2-19D2-144,HSCFS - VAUGHN MIT MS,"13233 EUSTACE ST., PACOIMA, CA 91331-0000",PACOIMA,91331,SA 2,1127959_PD_ServiceArea_2.pdf,302
lacdmh-sa2-19G8-145,HSCFS- VAUGHN- G3,"11200 HERRICK AVE., PACOIMA, CA 91331-1921",PACOIMA,91331,SA 2,1127959_PD_ServiceArea_2.pdf,304
lacdmh-sa2-19G9-146,HSCFS- VAUGHN- PANDALAND,"13421 VAUGHN ST, SAN FERNANDO, CA 91340-2528",SAN FERNANDO,91340,SA 2,1127959_PD_ServiceArea_2.pdf,306
lacdmh-sa2-19GA-147,HSCFS- VAUGHN VISA,"11505 HERRICK AVE., PACOIMA, CA 91331-1807",PACOIMA,91331,SA 2,1127959_PD_ServiceArea_2.pdf,308
lacdmh-sa2-19DY-148,HSCFS-FENTON CHARTER ES,"11828 GAIN ST., LAKE VIEW TERRACE, CA 91342-7132",LAKE VIEW TERRACE,91342,SA 2,1127959_PD_ServiceArea_2.pdf,310
lacdmh-sa2-19EQ-149,HSCFS-MT GLEASON MS,"10965 MOUNT GLEASON AVE., SUNLAND, CA 91040-2229",SUNLAND,91040,SA 2,1127959_PD_ServiceArea_2.pdf,312
lacdmh-sa2-19HF-150,HSCFS-RICHARD E. BYRD MIDDLE SCHOOL,"8501 ARLETA AVE., SUN VALLEY, CA 91352-2958",SUN VALLEY,91352,SA 2,1127959_PD_ServiceArea_2.pdf,314
lacdmh-sa2-19DD-151,HSCFS-SUN VALLEY MS/HS,"7330 BAKMAN AVE., SUN VALLEY, CA 91352-4914",SUN VALLEY,91352,SA 2,1127959_PD_ServiceArea_2.pdf,316
lacdmh-sa2-19EP-152,HSCFS-SYLMAR HS,"13050 BORDEN AVE., SYLMAR, CA 91342-4251",SYLMAR,91342,SA 2,1127959_PD_ServiceArea_2.pdf,318
lacdmh-sa2-8456-153,INNOVATIVE MED SOLUTIONS INC,"14860 ROSCOE BLVD 200, PANORAMA CITY, CA 91402-4684",PANORAMA CITY,91402,SA 2,1127959_PD_ServiceArea_2.pdf,320
lacdmh-sa2-7547-154,INSTITUTE FOR MULTICULTURAL COUNSELING + EDUCATION SVCS INC,"121 W LEXINGTON DRIVE STE 300, GLENDALE, CA 91203-2203",GLENDALE,91203,SA 2,1127959_PD_ServiceArea_2.pdf,324
lacdmh-sa2-8083-155,JUDITH VUKOV MD INC,"121 W. LEXINGTON DR. STE. 210, GLENDALE, CA 91203-1180",GLENDALE,91203,SA 2,1127959_PD_ServiceArea_2.pdf,333
lacdmh-sa2-8248-156,KARPUS EUGENE,"20215 VENTURA BLVD. STE. A, WOODLAND HILLS, CA 91364-2563",WOODLAND HILLS,91364,SA 2,1127959_PD_ServiceArea_2.pdf,334
lacdmh-sa2-8387-157,KEYVAN BEHNAM,"16542 VENTURA BLVD SUITE 320, ENCINO, CA 91436-1234",ENCINO,91436,SA 2,1127959_PD_ServiceArea_2.pdf,336
lacdmh-sa2-8071-158,LAZAR AYLENE,"5341 ALHAMA DR, WOODLAND HILLS, CA 91364-2127",WOODLAND HILLS,91364,SA 2,1127959_PD_ServiceArea_2.pdf,337
lacdmh-sa2-24-159,"Hour Inpatient/Residential Care, Outpatient Clinic Based Care; Outpatient Clinic Based Care","1953 LOS ANGELES COUNTY OLIVE VIEW-UCLA MEDICAL CENTER, 14445 OLIVE VIEW DR., SYLMAR, CA 91342-1495",SYLMAR,91342,SA 2,1127959_PD_ServiceArea_2.pdf,338
lacdmh-sa2-8370-160,MEHBOOB MAKHANI MD PROF CORP,"14400 ROSCOE BLVD. STE. D, PANORAMA CITY, CA 91402",PANORAMA CITY,91402,SA 2,1127959_PD_ServiceArea_2.pdf,340
lacdmh-sa2-7964-161,OLIVE CREST,"805 TO 807 N CENTRAL AVE, GLENDALE, CA 91203-1230",GLENDALE,91203,SA 2,1127959_PD_ServiceArea_2.pdf,342
lacdmh-sa2-7930-162,OLIVE VIEW MEDICAL HUB,"14445 OLIVE VIEW DRIVE, SYLMAR, CA 91342-1437",SYLMAR,91342,SA 2,1127959_PD_ServiceArea_2.pdf,345
lacdmh-sa2-7591-163,OLIVE VIEW MENTAL HEALTH CLINIC,"14238 SARANAC LN., SYLMAR, CA 91342-1435",SYLMAR,91342,SA 2,1127959_PD_ServiceArea_2.pdf,347
lacdmh-sa2-7378-164,PACIFIC ASIAN COUNSELING SERVICES SFV,"6851 LENNOX AVENUE STE 400, VAN NUYS, CA 91405-4073",VAN NUYS,91405,SA 2,1127959_PD_ServiceArea_2.pdf,356
lacdmh-sa2-19J2-165,PACIFIC CLINICS HYE-WRAP,"425 E COLORADO ST STE 710, GLENDALE, CA 91205-1675",GLENDALE,91205,SA 2,1127959_PD_ServiceArea_2.pdf,361
lacdmh-sa2-1941-166,PACIFIC LODGE CAMPUS,"4900 SERRANIA AVE., WOODLAND HILLS, CA 91364-3301",WOODLAND HILLS,91364,SA 2,1127959_PD_ServiceArea_2.pdf,366
lacdmh-sa2-1937-167,PACIFIC LODGE YOUTH SERVICES,"4900 SERRANIA AVENUE, WOODLAND HILLS, CA 91364-3301",WOODLAND HILLS,91364,SA 2,1127959_PD_ServiceArea_2.pdf,368
lacdmh-sa2-7551-168,PACIFIC LODGE YOUTH SERVICES,"4900 SERRANIA AVENUE, WOODLAND HILLS, CA 91364-3301",WOODLAND HILLS,91364,SA 2,1127959_PD_ServiceArea_2.pdf,373
lacdmh-sa2-19JU-169,PACIFICA HOSPITAL OF THE VALLEY URGENT CARE CLINIC,"14228 SARANAC LN., SYLMAR, CA 91342-1435",SYLMAR,91342,SA 2,1127959_PD_ServiceArea_2.pdf,374
lacdmh-sa2-19M8-170,PARENTS ANONYMOUS SFV,"16600 SHERMAN WAY STE 280, VAN NUYS, CA 91406-3785",VAN NUYS,91406,SA 2,1127959_PD_ServiceArea_2.pdf,375
lacdmh-sa2-6863A-171,PENNY LANE CENTERS,"15305 RAYEN ST., NORTH HILLS, CA 91343-5117",NORTH HILLS,91343,SA 2,1127959_PD_ServiceArea_2.pdf,378
lacdmh-sa2-190H-172,PENNY LANE CENTERS - SATELLITE II,"16656 NORDHOFF STREET, NORTH HILLS, CA 91343-3613",NORTH HILLS,91343,SA 2,1127959_PD_ServiceArea_2.pdf,392
lacdmh-sa2-1998-173,PENNY LANE CENTERS - SATELLITE VIII,"9845 HAYVENHURST AVENUE, NORTHRIDGE, CA 91343-1848",NORTHRIDGE,91343,SA 2,1127959_PD_ServiceArea_2.pdf,393
lacdmh-sa2-190F-174,PENNY LANE CENTERS-SATELLITE III,"13804 OSBORNE STREET, ARLETA, CA 91331-6035",ARLETA,91331,SA 2,1127959_PD_ServiceArea_2.pdf,394
lacdmh-sa2-8095-175,PETRUS EARL,"21000 PLUMMER ST, CHATSWORTH, CA 91311-4903",CHATSWORTH,91311,SA 2,1127959_PD_ServiceArea_2.pdf,395
lacdmh-sa2-7356-176,"PHOENIX HOUSES OF LOS ANGELES, INC.","11600 ELDRIDGE AVE., LAKE VIEW TERRACE, CA 91342-6506",LAKE VIEW TERRACE,91342,SA 2,1127959_PD_ServiceArea_2.pdf,396
lacdmh-sa2-6863B-177,PLC - ROSA PARKS ELEMENTARY,"8855 NOBLE AVE. RM. 12, NORTH HILLS, CA 91343-5518",NORTH HILLS,91343,SA 2,1127959_PD_ServiceArea_2.pdf,405
lacdmh-sa2-6863P-178,PLC-LANGDON ELEMENTARY,"8817 LANGDON AVE., NORTH HILLS, CA 91343-5004",NORTH HILLS,91343,SA 2,1127959_PD_ServiceArea_2.pdf,408
lacdmh-sa2-19KZ-179,PMRT MP,"510 S VERMONT AVE FL 21 RM 21M12, LOS ANGELES, CA 90020-1912",LOS ANGELES,90020,SA 2,1127959_PD_ServiceArea_2.pdf,410
lacdmh-sa2-8043-180,POWERS MARK,"1530 E CHEVY CHASE DR 103, GLENDALE, CA 91206-4139",GLENDALE,91206,SA 2,1127959_PD_ServiceArea_2.pdf,413
lacdmh-sa2-19II SA2-181,ENHANCED CARE MANAGEMENT,"6800 OWENSMOUTH AVE. STE. 160, CANOGA PARK, CA 91303-4255",CANOGA PARK,91303,SA 2,1127959_PD_ServiceArea_2.pdf,429
lacdmh-sa2-19MT SA2-182,HOME EAST TEAM,"6800 OWENSMOUTH AVE STE 160, CANOGA PARK, CA 91303-4255",CANOGA PARK,91303,SA 2,1127959_PD_ServiceArea_2.pdf,431
lacdmh-sa2-7922 SA2-183,HOME WEST TEAM,"6800 OWENSMOUTH AVE. STE. 160, CANOGA PARK, CA 91303-4255",CANOGA PARK,91303,SA 2,1127959_PD_ServiceArea_2.pdf,438
lacdmh-sa2-19MM SA2-184,INTERIM HOUSING OUTREACH PGM,"6800 OWENSMOUTH AVE STE 160, CANOGA PARK, CA 91303-4255",CANOGA PARK,91303,SA 2,1127959_PD_ServiceArea_2.pdf,446
lacdmh-sa2-8308-185,SAFVATI LADAN,"5536 TAMPA AVE, TARZANA, CA 91356-3027",TARZANA,91356,SA 2,1127959_PD_ServiceArea_2.pdf,450
lacdmh-sa2-19LX-186,SAN FERNANDO CHILD + FAMILY CENTER-FSP,"919 1ST ST, SAN FERNANDO, CA 91340-2957",SAN FERNANDO,91340,SA 2,1127959_PD_ServiceArea_2.pdf,459
lacdmh-sa2-6840-187,SAN FERNANDO MENTAL HEALTH CENTER,"10605 BALBOA BLVD. STE. 100, GRANADA HILLS, CA 91344-6367",GRANADA HILLS,91344,SA 2,1127959_PD_ServiceArea_2.pdf,462
lacdmh-sa2-7651-188,SAN FERNANDO MHS-FSP PROGRAM,"10515 BALBOA BLVD. STE. 150, GRANADA HILLS, CA 91344-6355",GRANADA HILLS,91344,SA 2,1127959_PD_ServiceArea_2.pdf,477
lacdmh-sa2-7358-189,SAN FERNANDO VALLEY CMHC - AB34,"16650 SHERMAN WY., VAN NUYS, CA 91406-3782",VAN NUYS,91406,SA 2,1127959_PD_ServiceArea_2.pdf,481
lacdmh-sa2-7369-190,SAN FERNANDO VALLEY CMHC - FAMILY LINKS,"11565 LAUREL CANYON BLVD STE 100, SAN FERNANDO, CA 91340-4649",SAN FERNANDO,91340,SA 2,1127959_PD_ServiceArea_2.pdf,486
lacdmh-sa2-19LH-191,SANTA CLARITA VALLEY -FULL SERVICE PARTNERSHIP,"23501 CINEMA DR STE 200, VALENCIA, CA 91355-5430",VALENCIA,91355,SA 2,1127959_PD_ServiceArea_2.pdf,490
lacdmh-sa2-1905-192,SANTA CLARITA VALLEY MENTAL HEALTH CENTER,"23501 CINEMA DR. STE. 200, VALENCIA, CA 91355-5430",VALENCIA,91355,SA 2,1127959_PD_ServiceArea_2.pdf,494
lacdmh-sa2-MF8247400-193,SATTARI MELINA,"21243 VENTURA BLVD, WOODLAND HILLS, CA 91364",WOODLAND HILLS,91364,SA 2,1127959_PD_ServiceArea_2.pdf,501
lacdmh-sa2-8460-194,SCV COUNSELING CENTER,"23504 LYONS AVE 401B, NEWHALL, CA 91321-2500",NEWHALL,91321,SA 2,1127959_PD_ServiceArea_2.pdf,502
lacdmh-sa2-7100-195,SFV CMHC CENTER FAMILY LIVING,"14600 SHERMAN WY STE 100D, VAN NUYS, CA 91405-5869",VAN NUYS,91405,SA 2,1127959_PD_ServiceArea_2.pdf,504
lacdmh-sa2-7174-196,SFV CMHC INC CORNERSTONE,"16650 SHERMAN WY., VAN NUYS, CA 91406-3782",VAN NUYS,91406,SA 2,1127959_PD_ServiceArea_2.pdf,508
lacdmh-sa2-7320-197,SFV CMHC TRANSITIONAL YOUTH,"14535 SHERMAN CIRCLE, VAN NUYS, CA 91405-3087",VAN NUYS,91405,SA 2,1127959_PD_ServiceArea_2.pdf,512
lacdmh-sa2-7177-198,SFV EAST VALLEY CMHC-MCDONALD CAREY,"11631 VICTORY BLVD SUITE 203, NORTH HOLLYWOOD, CA 91606-3572",NORTH HOLLYWOOD,91606,SA 2,1127959_PD_ServiceArea_2.pdf,519
lacdmh-sa2-7252-199,SFVCMH/ADULT FCCS,"14515 HAMLIN STREET SUITE 200, VAN NUYS, CA 91411-1608",VAN NUYS,91411,SA 2,1127959_PD_ServiceArea_2.pdf,523
lacdmh-sa2-7235-200,SFVCMH/VICTORY WELLNESS CENTER,"6501 VAN NUYS BLVD STE 102, VAN NUYS, CA 91401-1425",VAN NUYS,91401,SA 2,1127959_PD_ServiceArea_2.pdf,526
lacdmh-sa2-7445-201,SFVCMHC CSOC FCCS,"14545 SHERMAN CIR, VAN NUYS, CA 91405-3087",VAN NUYS,91405,SA 2,1127959_PD_ServiceArea_2.pdf,530
lacdmh-sa2-7322-202,SFVCMHC HOMEBOUND,"14624 SHERMAN WY STE 508, VAN NUYS, CA 91405-2241",VAN NUYS,91405,SA 2,1127959_PD_ServiceArea_2.pdf,543
lacdmh-sa2-7451-203,SFVCMHC INC/WRAPAROUND,"14545 SHERMAN CIR, VAN NUYS, CA 91405-3087",VAN NUYS,91405,SA 2,1127959_PD_ServiceArea_2.pdf,549
lacdmh-sa2-7622A-204,SFVCMHC JUVENILE JUSTICE PROGRAMS,"6400 LAUREL CANYON BLVD STE 500, NORTH HOLLYWOOD, CA 91606-1571",NORTH HOLLYWOOD,91606,SA 2,1127959_PD_ServiceArea_2.pdf,553
lacdmh-sa2-7597-205,SFVCMHC TBS,"6400 LAUREN CANYON BLVD STE 500, NORTH HOLLYWOOD, CA 91606-1571",NORTH HOLLYWOOD,91606,SA 2,1127959_PD_ServiceArea_2.pdf,555
lacdmh-sa2-7355A-206,SFVCMHC YOUTH CONTACT FCCS,"6400 LAUREL CANYON BLVD STE 500, NORTH HOLLYWOOD, CA 91606-1562",NORTH HOLLYWOOD,91606,SA 2,1127959_PD_ServiceArea_2.pdf,557
lacdmh-sa2-8386-207,SHEREE JONES-PISTOL AMFT COR,"9003 RESEDA BLVD STE 206, NORTHRIDGE, CA 91324-3961",NORTHRIDGE,91324,SA 2,1127959_PD_ServiceArea_2.pdf,562
lacdmh-sa2-8112-208,SHIRAZI ABUL,"17337 VENTURA BLVD. STE. 200, ENCINO, CA 91316-3991",ENCINO,91316,SA 2,1127959_PD_ServiceArea_2.pdf,564
lacdmh-sa2-7987-209,SMMET,"333 OLYMPIC DR 3RD FL, SANTA MONICA, CA 90401-3352",SANTA MONICA,90401,SA 2,1127959_PD_ServiceArea_2.pdf,566
lacdmh-sa2-7754-210,SPECIALIZED FOSTER CARE CHATSWORTH,"20151 NORDHOFF STREET, CHATSWORTH, CA 91311-6215",CHATSWORTH,91311,SA 2,1127959_PD_ServiceArea_2.pdf,568
lacdmh-sa2-7559-211,SPECIALIZED FOSTER CARE SANTA CLARITA,"28490 AVE. STANFORD STE. 300, SANTA CLARITA, CA 91355-0945",SANTA CLARITA,91355,SA 2,1127959_PD_ServiceArea_2.pdf,570
lacdmh-sa2-7949-212,SPECIALIZED FOSTER CARE VAN NUYS,"7555 VAN NUYS BLVD., 4TH FLOOR, VAN NUYS, CA 91405-1949",VAN NUYS,91405,SA 2,1127959_PD_ServiceArea_2.pdf,573
lacdmh-sa2-7952-213,STAR VIEW BEHAVIORAL HEALTH INC.,"7601 CANBY AVENUE STE 3, RESEDA, CA 91335-2979",RESEDA,91335,SA 2,1127959_PD_ServiceArea_2.pdf,575
lacdmh-sa2-19KN-214,STAR VIEW OLIVE VIEW UCLA CRTP,"14139 BUCHER AVE., SYLMAR, CA 91342-1442",SYLMAR,91342,SA 2,1127959_PD_ServiceArea_2.pdf,581
lacdmh-sa2-7600-215,SYCAMORES-PACOIMA 2,"12510 VAN NUYS BLVD. STE. 201, PACOIMA, CA 91331-1338",PACOIMA,91331,SA 2,1127959_PD_ServiceArea_2.pdf,642
lacdmh-sa2-0071H-216,SYLMAR HEALTH AND REHABILITATION CENTER,"12220 FOOTHILL BLVD, SYLMAR, CA 91342-6001",SYLMAR,91342,SA 2,1127959_PD_ServiceArea_2.pdf,649
lacdmh-sa2-7832-217,TARZANA TREATMENT CENTERS INC,"7101 BAIRD AVE, RESEDA, CA 91335-4150",RESEDA,91335,SA 2,1127959_PD_ServiceArea_2.pdf,650
lacdmh-sa2-7833-218,TARZANA TREATMENT CENTERS INC,"8330 RESEDA BLVD, NORTHRIDGE, CA 91324-4619",NORTHRIDGE,91324,SA 2,1127959_PD_ServiceArea_2.pdf,654
lacdmh-sa2-19AQ-219,"TARZANA TREATMENT CENTERS, INC","6022 VARIEL AVE., WOODLAND HILLS, CA 91367-3719",WOODLAND HILLS,91367,SA 2,1127959_PD_ServiceArea_2.pdf,658
lacdmh-sa2-19JI-220,"TARZANA TREATMENT CENTERS, INC","6005 YOLANDA AVE., TARZANA, CA 91356-1421",TARZANA,91356,SA 2,1127959_PD_ServiceArea_2.pdf,664
lacdmh-sa2-7522-221,"TARZANA TREATMENT CENTERS, INC","18700 OXNARD STREET, TARZANA, CA 91356-1413",TARZANA,91356,SA 2,1127959_PD_ServiceArea_2.pdf,666
lacdmh-sa2-7649-222,"TARZANA TREATMENT CENTERS, INC.","18646 OXNARD ST., TARZANA, CA 91356-1411",TARZANA,91356,SA 2,1127959_PD_ServiceArea_2.pdf,672
lacdmh-sa2-19JL-223,TELECARE OLIVE HOUSE,"14149 BUCHER AVE. BLDG. D, SYLMAR, CA 91342-1442",SYLMAR,91342,SA 2,1127959_PD_ServiceArea_2.pdf,678
lacdmh-sa2-7095-224,THE HELP GROUP CHILD + FAMILY CENTER,"13130 BURBANK BLVD, SHERMAN OAKS, CA 91401-6037",SHERMAN OAKS,91401,SA 2,1127959_PD_ServiceArea_2.pdf,681
lacdmh-sa2-1918-225,THE HELP GROUP CHILD AND FAMILY CENTER,"13164 BURBANK BLVD, SHERMAN OAKS, CA 91401-6037",SHERMAN OAKS,91401,SA 2,1127959_PD_ServiceArea_2.pdf,683
lacdmh-sa2-7624-226,THE HELP GROUP CHILD AND FAMILY CENTER,"15339 SATICOY STREET, VAN NUYS, CA 91406-3345",VAN NUYS,91406,SA 2,1127959_PD_ServiceArea_2.pdf,685
lacdmh-sa2-7564-227,THE VILLAGE FAMILY SERVICES,"6736 LAUREL CYN BLVD STE 200, NORTH HOLLYWOOD, CA 91606-1576",NORTH HOLLYWOOD,91606,SA 2,1127959_PD_ServiceArea_2.pdf,709
lacdmh-sa2-7857-228,THE VILLAGE FAMILY SERVICES,"6801 COLDWATER CANYON AVE 1E, NORTH HOLLYWOOD, CA 91605-5167",NORTH HOLLYWOOD,91605,SA 2,1127959_PD_ServiceArea_2.pdf,721
lacdmh-sa2-7971-229,THE VILLAGE MENTAL HEALTH SERVICES,"16650 SHERMAN WY., VAN NUYS, CA 91406-3782",VAN NUYS,91406,SA 2,1127959_PD_ServiceArea_2.pdf,726
lacdmh-sa2-7283-230,TOPANGA WEST GUEST HOME,"22115 ROSCOE BLVD, CANOGA PARK, CA 91304-3839",CANOGA PARK,91304,SA 2,1127959_PD_ServiceArea_2.pdf,730
lacdmh-sa2-8179-231,V. CHARLES CHARUVASTRA MD IN,"14850 ROSCOE BLVD, PANORAMA CITY, CA 91402",PANORAMA CITY,91402,SA 2,1127959_PD_ServiceArea_2.pdf,733
lacdmh-sa2-19KO-232,VALLEY STAR OLIVE VIEW UCLA CRTP,"14119 BUCHER AVE., SYLMAR, CA 91342-1442",SYLMAR,91342,SA 2,1127959_PD_ServiceArea_2.pdf,739
lacdmh-sa2-6841-233,WEST VALLEY MENTAL HEALTH CENTER,"20151 NORDHOFF ST., CHATSWORTH, CA 91311-6215",CHATSWORTH,91311,SA 2,1127959_PD_ServiceArea_2.pdf,789
lacdmh-sa2-7746-234,WEST VALLEY MH CENTER FSP PROGRAM,"20151 NORDHOFF STREET, CHATSWORTH, CA 91311-6215",CHATSWORTH,91311,SA 2,1127959_PD_ServiceArea_2.pdf,802
lacdmh-sa2-7355P-235,YOUTH CONTACT ARLETA HS,"14200 VAN NUYS BLVD., ARLETA, CA 91331-5103",ARLETA,91331,SA 2,1127959_PD_ServiceArea_2.pdf,805
lacdmh-sa2-7355N-236,YOUTH CONTACT CARDENAS ES,"6900 CALHOUN AVE., VAN NUYS, CA 91405-3209",VAN NUYS,91405,SA 2,1127959_PD_ServiceArea_2.pdf,807
lacdmh-sa2-7355Y-237,YOUTH CONTACT COHASSET ES,"15810 SATICOY ST., VAN NUYS, CA 91406-3128",VAN NUYS,91406,SA 2,1127959_PD_ServiceArea_2.pdf,809
lacdmh-sa2-7355L-238,YOUTH CONTACT HAZELTINE ES,"7150 HAZELTINE AVE, VAN NUYS, CA 91405-3244",VAN NUYS,91405,SA 2,1127959_PD_ServiceArea_2.pdf,810
lacdmh-sa2-7355G-239,YOUTH CONTACT MADISON MS,"13000 HART ST., NORTH HOLLYWOOD, CA 91605-4801",NORTH HOLLYWOOD,91605,SA 2,1127959_PD_ServiceArea_2.pdf,812
lacdmh-sa2-7355M-240,YOUTH CONTACT MILLIKAN MS,"5041 SUNNYSLOPE AVE., SHERMAN OAKS, CA 91423-1445",SHERMAN OAKS,91423,SA 2,1127959_PD_ServiceArea_2.pdf,814
lacdmh-sa2-7355F-241,YOUTH CONTACT MULHOLLAND MS,"17120 VANOWEN ST., LAKE BALBOA, CA 91406-4449",LAKE BALBOA,91406,SA 2,1127959_PD_ServiceArea_2.pdf,816
lacdmh-sa2-7355S-242,YOUTH CONTACT POLYTECHNIC HS,"12431 ROSCOE BLVD., SUN VALLEY, CA 91352-3723",SUN VALLEY,91352,SA 2,1127959_PD_ServiceArea_2.pdf,818
lacdmh-sa2-7355T-243,YOUTH CONTACT RANCHITO ES,"7940 RANCHITO AVE., PANORAMA CITY, CA 91402-6131",PANORAMA CITY,91402,SA 2,1127959_PD_ServiceArea_2.pdf,820
lacdmh-sa2-7355U-244,YOUTH CONTACT SYLVAN PARK ES,"6238 NOBLE AVE., VAN NUYS, CA 91411-2026",VAN NUYS,91411,SA 2,1127959_PD_ServiceArea_2.pdf,822
lacdmh-sa2-7355W-245,YOUTH CONTACT VAN NUYS ES,"6464 SYLMAR AVE., VAN NUYS, CA 91401-1433",VAN NUYS,91401,SA 2,1127959_PD_ServiceArea_2.pdf,824
lacdmh-sa2-7355Z-246,YOUTH CONTACT VAN NUYS HS,"6535 CEDROS AVE., VAN NUYS, CA 91411-1506",VAN NUYS,91411,SA 2,1127959_PD_ServiceArea_2.pdf,826
lacdmh-sa2-7355X-247,YOUTH CONTACT VAN NUYS MS,"5435 VESPER AVE., SHERMAN OAKS, CA 91411-3738",SHERMAN OAKS,91411,SA 2,1127959_PD_ServiceArea_2.pdf,828
lacdmh-sa2-7355O-248,YOUTH CONTACT WILL ROG HS,"14711 GILMORE ST., VAN NUYS, CA 91411-1595",VAN NUYS,91411,SA 2,1127959_PD_ServiceArea_2.pdf,830
lacdmh-sa3-7545B 7545B-249,FAM CTR HOLLAND MIDDLE SCHOOL_SAT,"4733 N LANDIS AVENUE, BALDWIN PARK, CA 91706-2565",BALDWIN PARK,91706,SA 3,1127960_PD_ServiceArea_3.pdf,6
lacdmh-sa3-7545F 7545F-250,FAM CTR JONES JR HIGH SCHOOL_SAT,"14250 E MERCED AVENUE, BALDWIN PARK, CA 91706-5205",BALDWIN PARK,91706,SA 3,1127960_PD_ServiceArea_3.pdf,8
lacdmh-sa3-7545P 7545P-251,FAM CTR OLIVE MIDDLE SCHOOL_SAT,"13701 E OLIVE STREET, BALDWIN PARK, CA 91706-2320",BALDWIN PARK,91706,SA 3,1127960_PD_ServiceArea_3.pdf,10
lacdmh-sa3-7545Y 7545Y-252,FAM CTR SIERRA VISTA JR HS_SAT,"13400 FOSTER AVENUE, BALDWIN PARK, CA 91706-4838",BALDWIN PARK,91706,SA 3,1127960_PD_ServiceArea_3.pdf,11
lacdmh-sa3-8452-253,ADIB H. BITAR MD INC,"1161 E. COVINA BLVD, COVINA, CA 91724-1523",COVINA,91724,SA 3,1127960_PD_ServiceArea_3.pdf,17
lacdmh-sa3-7302-254,ALL FOR KIDS - WEST COVINA,"1515 W. CAMERON AVE. STE. 350, WEST COVINA, CA 91790-2726",WEST COVINA,91790,SA 3,1127960_PD_ServiceArea_3.pdf,19
lacdmh-sa3-8450-255,ALLIANCE FOR WELLNESS INC,"16260 VENTURA BLVD STE 630, ENCINO, CA 91436-2255",ENCINO,91436,SA 3,1127960_PD_ServiceArea_3.pdf,22
lacdmh-sa3-7819-256,ALMA FAMILY SERVICES,"4024 DURFEE AVE. WING D, EL MONTE, CA 91732-2510",EL MONTE,91732,SA 3,1127960_PD_ServiceArea_3.pdf,34
lacdmh-sa3-7368-257,ALMANSOR CLINICAL SERVICES,"1317 HUNTINGTON DR., SOUTH PASADENA, CA 91030-4511",SOUTH PASADENA,91030,SA 3,1127960_PD_ServiceArea_3.pdf,41
lacdmh-sa3-7708-258,ALMANSOR CLINICAL SERVICES,"205 PASADENA AVE., SOUTH PASADENA, CA 91030-2919",SOUTH PASADENA,91030,SA 3,1127960_PD_ServiceArea_3.pdf,52
lacdmh-sa3-7982-259,AMET,"211 SOUTH FIRST STREET, ALHAMBRA, CA 91801-3706",ALHAMBRA,91801,SA 3,1127960_PD_ServiceArea_3.pdf,77
lacdmh-sa3-1917-260,ARCADIA MENTAL HEALTH CENTER,"330 E. LIVE OAK AVE., ARCADIA, CA 91006-5617",ARCADIA,91006,SA 3,1127960_PD_ServiceArea_3.pdf,78
lacdmh-sa3-19LI-261,ARCADIA MENTAL HEALTH CENTER - FULL SERVICE PARTNERSHIP,"330 E LIVE OAK AVE, ARCADIA, CA 91006-5617",ARCADIA,91006,SA 3,1127960_PD_ServiceArea_3.pdf,87
lacdmh-sa3-7834-262,ASIAN PACIFIC HEALTH CARE VENTURE INC,"9960 BALDWIN PLACE, EL MONTE, CA 91731-2204",EL MONTE,91731,SA 3,1127960_PD_ServiceArea_3.pdf,90
lacdmh-sa3-8174-263,BEHNAM PARTOVI PHD,"12304 SANTA MONICA BLVD. STE. 315, LOS ANGELES, CA 90025-1542",LOS ANGELES,90025,SA 3,1127960_PD_ServiceArea_3.pdf,92
lacdmh-sa3-1991-264,BIENVENIDOS VILLAGE,"13001 RAMONA BLVD. STE. A, IRWINDALE, CA 91706-3752",IRWINDALE,91706,SA 3,1127960_PD_ServiceArea_3.pdf,93
lacdmh-sa3-8015-265,"BIMLESH GARG, MD, INC.","1135 S. SUNSET AVE, STE. 401, WEST COVINA, CA 91790-3404",WEST COVINA,91790,SA 3,1127960_PD_ServiceArea_3.pdf,100
lacdmh-sa3-19E7-266,BOURNE INC,"3082 THURIN AVE., ALTADENA, CA 91001-4228",ALTADENA,91001,SA 3,1127960_PD_ServiceArea_3.pdf,101
lacdmh-sa3-19E8-267,BOURNE INC,"1280 N. HILL AVE., PASADENA, CA 91104-3050",PASADENA,91104,SA 3,1127960_PD_ServiceArea_3.pdf,103
lacdmh-sa3-19DH-268,BOYS REPUBLIC - MONROVIA,"128 E. PALM AVE., MONROVIA, CA 91016-5108",MONROVIA,91016,SA 3,1127960_PD_ServiceArea_3.pdf,105
lacdmh-sa3-19AU-269,BOYS REPUBLIC-GIRLS REPUBLIC,"184 N. IVY AVE., MONROVIA, CA 91016-2220",MONROVIA,91016,SA 3,1127960_PD_ServiceArea_3.pdf,107
lacdmh-sa3-7243-270,BRIDGES - CASITAS ESPERANZA,"11931 ELLIOTT AVE, EL MONTE, CA 91732-0001",EL MONTE,91732,SA 3,1127960_PD_ServiceArea_3.pdf,109
lacdmh-sa3-7244-271,BRIDGES - CASITAS TRANQUILAS,"11929 ELLIOTT AVE, EL MONTE, CA 91732-0001",EL MONTE,91732,SA 3,1127960_PD_ServiceArea_3.pdf,111
lacdmh-sa3-7595-272,BRIDGES/PROJECT INDEPENDENCE,"1515 W CAMERON AVE STE 310, WEST COVINA, CA 91790-2726",WEST COVINA,91790,SA 3,1127960_PD_ServiceArea_3.pdf,113
lacdmh-sa3-19EE-273,BRIGHT HORIZON STRTP,"2243 N. MOUNTAIN AVE., CLAREMONT, CA 91711-1586",CLAREMONT,91711,SA 3,1127960_PD_ServiceArea_3.pdf,116
lacdmh-sa3-7943-274,CA MENTOR,"801 W. SAN BERNARDINO RD., COVINA, CA 91722-3621",COVINA,91722,SA 3,1127960_PD_ServiceArea_3.pdf,119
lacdmh-sa3-8514-275,CALIFORNIA PSYCHIATRIC GROUP,"1161 E COVINA BLVD, COVINA, CA 91724-1523",COVINA,91724,SA 3,1127960_PD_ServiceArea_3.pdf,133
lacdmh-sa3-8396-276,"CESAR CRUZ,MD,A PRO MED COR","415 W. ROUTE 66 STE. 202, GLENDORA, CA 91740-4335",GLENDORA,91740,SA 3,1127960_PD_ServiceArea_3.pdf,144
lacdmh-sa3-7659-277,CRITTENTON SERVICES FOR CHILDREN AND FAMILIES,"1460 E. HOLT AVE. STE. 166, POMONA, CA 91767-5852",POMONA,91767,SA 3,1127960_PD_ServiceArea_3.pdf,145
lacdmh-sa3-8398-278,"CYRUS NASSERIAN, MD, INC","415 W. ROUTE 66 STE. 202, GLENDORA, CA 91740-4335",GLENDORA,91740,SA 3,1127960_PD_ServiceArea_3.pdf,152
lacdmh-sa3-8486-279,DADOYAN BEHAVIORAL MED GRP,"5000 VAN NUYS BLVD 202, SHERMAN OAKS, CA 91403-2542",SHERMAN OAKS,91403,SA 3,1127960_PD_ServiceArea_3.pdf,160
lacdmh-sa3-19DE-280,DFYS ARROYO HS,"4921 CEDAR AVE. 1035, EL MONTE, CA 91732-1035",EL MONTE,91732,SA 3,1127960_PD_ServiceArea_3.pdf,163
lacdmh-sa3-19DT-281,DFYS BEARDSLEE ACAD,"1212 KELLWILL WAY, DUARTE, CA 91010-3322",DUARTE,91010,SA 3,1127960_PD_ServiceArea_3.pdf,168
lacdmh-sa3-19DF-282,DFYS BRADOAKS ELEM SCH,"930 E. LEMON AVE., MONROVIA, CA 91016-3076",MONROVIA,91016,SA 3,1127960_PD_ServiceArea_3.pdf,173
lacdmh-sa3-19DC-283,DFYS CLIFTON MIDDLE SCH,"226 S. IVY AVE., MONROVIA, CA 91016-2836",MONROVIA,91016,SA 3,1127960_PD_ServiceArea_3.pdf,178
lacdmh-sa3-7872-284,DFYS DUARTE HS,"1565 CENTRAL AVE., DUARTE, CA 91010-3865",DUARTE,91010,SA 3,1127960_PD_ServiceArea_3.pdf,180
lacdmh-sa3-19DB-285,DFYS GLENDORA HIGH SCHOOL,"1600 E. FOOTHILL BLVD., GLENDORA, CA 91741-3024",GLENDORA,91741,SA 3,1127960_PD_ServiceArea_3.pdf,182
lacdmh-sa3-19DR-286,DFYS LEARNING WORKS CHARTER SCH,"1001 DURFEE AVE., EL MONTE, CA 91733-4409",EL MONTE,91733,SA 3,1127960_PD_ServiceArea_3.pdf,184
lacdmh-sa3-19DK-287,DFYS MONROE ELEM SCH,"402 W. COLORADO BLVD., MONROVIA, CA 91016-2647",MONROVIA,91016,SA 3,1127960_PD_ServiceArea_3.pdf,189
lacdmh-sa3-19DG-288,DFYS MONROVIA HS,"845 W. COLORADO BLVD., MONROVIA, CA 91016-2517",MONROVIA,91016,SA 3,1127960_PD_ServiceArea_3.pdf,194
lacdmh-sa3-19DP-289,DFYS PLYMOUTH ELEM SCH,"1300 BOLEY ST., MONROVIA, CA 91016-4905",MONROVIA,91016,SA 3,1127960_PD_ServiceArea_3.pdf,197
lacdmh-sa3-19DQ-290,DFYS ROYAL OAKS STEM ACAD,"2499 ROYAL OAKS DR., BRADBURY, CA 91008-0000",BRADBURY,91008,SA 3,1127960_PD_ServiceArea_3.pdf,201
lacdmh-sa3-7873-291,DFYS TORCH MIDDLE SCHOOL,"751 VINELAND AVE, BASSETT, CA 91746-1914",BASSETT,91746,SA 3,1127960_PD_ServiceArea_3.pdf,209
lacdmh-sa3-19DU-292,DFYS VALLEY VIEW ACAD,"237 MEL CANYON RD., DUARTE, CA 91010-1528",DUARTE,91010,SA 3,1127960_PD_ServiceArea_3.pdf,211
lacdmh-sa3-19DS-293,DFYS WILD ROSE SCH,"232 JASMINE AVE., MONROVIA, CA 91016-2919",MONROVIA,91016,SA 3,1127960_PD_ServiceArea_3.pdf,216
lacdmh-sa3-7775-294,D'VEAL F+Y WRAP,"2750 E. WASHINGTON BLVD. STE. 260, PASADENA, CA 91107-1448",PASADENA,91107,SA 3,1127960_PD_ServiceArea_3.pdf,220
lacdmh-sa3-7878-295,D'VEAL FAM + YTH ALTADENA ELEM SCH,"743 E CALAVERAS ST, ALTADENA, CA 91001-2332",ALTADENA,91001,SA 3,1127960_PD_ServiceArea_3.pdf,223
lacdmh-sa3-7880-296,D'VEAL FAM + YTH JOHN MUIR HIGH SCH,"1905 LINCOLN AVE., PASADENA, CA 91103-1315",PASADENA,91103,SA 3,1127960_PD_ServiceArea_3.pdf,225
lacdmh-sa3-7874-297,D'VEAL FAM AND YTH MT OLIVE ALTER SCH,"1400 MT OLIVE DRIVE, DUARTE, CA 91010-2675",DUARTE,91010,SA 3,1127960_PD_ServiceArea_3.pdf,227
lacdmh-sa3-7777A-298,EAST SAN GABRIEL VALLEY MHC,"1359 N. GRAND AVE., COVINA, CA 91724-1016",COVINA,91724,SA 3,1127960_PD_ServiceArea_3.pdf,230
lacdmh-sa3-19CL-299,EGGLESTON BHS DIANA,"889 DIANA AVE., POMONA, CA 91766-6216",POMONA,91766,SA 3,1127960_PD_ServiceArea_3.pdf,244
lacdmh-sa3-19CN-300,EGGLESTON BHS LA VERNE,"215 W. LA VERNE AVE., POMONA, CA 91767-2333",POMONA,91767,SA 3,1127960_PD_ServiceArea_3.pdf,246
lacdmh-sa3-19CJ-301,EGGLESTON BHS LA VERNE 2,"790 E. LA VERNE AVE., POMONA, CA 91767-2814",POMONA,91767,SA 3,1127960_PD_ServiceArea_3.pdf,248
lacdmh-sa3-19CM-302,EGGLESTON BHS WACO I,"13135 WACO ST., BALDWIN PARK, CA 91706-4727",BALDWIN PARK,91706,SA 3,1127960_PD_ServiceArea_3.pdf,251
lacdmh-sa3-19CG-303,EGGLESTON BHS WACO II,"13133 WACO ST., BALDWIN PARK, CA 91706-4727",BALDWIN PARK,91706,SA 3,1127960_PD_ServiceArea_3.pdf,253
lacdmh-sa3-19CK-304,EGGLESTON BHS WEST COVINA,"1526 S. ST. MALO ST., WEST COVINA, CA 91790-4836",WEST COVINA,91790,SA 3,1127960_PD_ServiceArea_3.pdf,255
lacdmh-sa3-7173-305,ENKI LPVMHC-LA PUENTE,"160 S 7TH AVE, LA PUENTE, CA 91746-3211",LA PUENTE,91746,SA 3,1127960_PD_ServiceArea_3.pdf,256
lacdmh-sa3-7977-306,ENKI YOUTH + FAMILY SERVICES - WEST COVINA,"1215 W WEST COVINA PARKWAY, WEST COVINA, CA 91790-2946",WEST COVINA,91790,SA 3,1127960_PD_ServiceArea_3.pdf,263
lacdmh-sa3-7621-307,EOTD CRISIS HOMELESS - ARCADIA,"1359 N. GRAND AVE., COVINA, CA 91724-1016",COVINA,91724,SA 3,1127960_PD_ServiceArea_3.pdf,270
lacdmh-sa3-7453-308,ETTIE LEE HOMES POMONA,"160 E. HOLT AVE STE. B, POMONA, CA 91767-5407",POMONA,91767,SA 3,1127960_PD_ServiceArea_3.pdf,274
lacdmh-sa3-8505-309,EVEN PITCH NURSING,"1509 WILSON TERRACE, GLENDALE, CA 91206-4007",GLENDALE,91206,SA 3,1127960_PD_ServiceArea_3.pdf,277
lacdmh-sa3-19BN-310,FIVE ACRES,"1236 SOLITA RD., PASADENA, CA 91103-2452",PASADENA,91103,SA 3,1127960_PD_ServiceArea_3.pdf,280
lacdmh-sa3-7640-311,FIVE ACRES,"2934 E. GARVEY AVE. S. STE. 100A, WEST COVINA, CA 91791-2190",WEST COVINA,91791,SA 3,1127960_PD_ServiceArea_3.pdf,315
lacdmh-sa3-19B5-312,FOOTHILL FAMILY SERVICE,"535 DORA GUZMAN, LA PUENTE, CA 91744-5601",LA PUENTE,91744,SA 3,1127960_PD_ServiceArea_3.pdf,341
lacdmh-sa3-19B8-313,FOOTHILL FAMILY SERVICE,"15540 FAIRGROVE AVE, LA PUENTE, CA 91744-1620",LA PUENTE,91744,SA 3,1127960_PD_ServiceArea_3.pdf,351
lacdmh-sa3-19BA-314,FOOTHILL FAMILY SERVICE,"4245 MERCED AVE, BALDWIN PARK, CA 91706-2960",BALDWIN PARK,91706,SA 3,1127960_PD_ServiceArea_3.pdf,360
lacdmh-sa3-19BC-315,FOOTHILL FAMILY SERVICE,"2800 E. HOLLINGWORTH ST., WEST COVINA, CA 91792-3029",WEST COVINA,91792,SA 3,1127960_PD_ServiceArea_3.pdf,369
lacdmh-sa3-7331-316,FOOTHILL FAMILY SERVICE - COVINA,"530 W. BADILLO ST., COVINA, CA 91722-3787",COVINA,91722,SA 3,1127960_PD_ServiceArea_3.pdf,378
lacdmh-sa3-7755-317,FOOTHILL FAMILY SERVICE - DUARTE,"1801 HUNTINGTON DR., DUARTE, CA 91010-2686",DUARTE,91010,SA 3,1127960_PD_ServiceArea_3.pdf,394
lacdmh-sa3-7330-318,FOOTHILL FAMILY SERVICE - PASADENA,"897 GRANITE DR., PASADENA, CA 91101-3501",PASADENA,91101,SA 3,1127960_PD_ServiceArea_3.pdf,406
lacdmh-sa3-7463-319,FOOTHILL FAMILY SERVICE EL MONTE,"11429 VALLEY BLVD, EL MONTE, CA 91731-3229",EL MONTE,91731,SA 3,1127960_PD_ServiceArea_3.pdf,419
lacdmh-sa3-8447-320,GOODMAN JORY,"9730 WILSHIRE BLVD STE 216A, BEVERLY HILLS, CA 90212-2004",BEVERLY HILLS,90212,SA 3,1127960_PD_ServiceArea_3.pdf,435
lacdmh-sa3-19KV-321,GRANDVIEW ACADEMY,"795 GRANDVIEW LN, LA PUENTE, CA 91744-4259",LA PUENTE,91744,SA 3,1127960_PD_ServiceArea_3.pdf,437
lacdmh-sa3-8507-322,H. GOENJIAN PSYCHIATRY INC,"4704 LAVILLA MARINA UNIT A, MARINA DEL REY, CA 90292-7011",MARINA DEL REY,90292,SA 3,1127960_PD_ServiceArea_3.pdf,446
lacdmh-sa3-8097-323,"HENRY H. KHIN, MD, CORP","2331 EL CAPITAN AVE, ARCADIA, CA 91006-9998",ARCADIA,91006,SA 3,1127960_PD_ServiceArea_3.pdf,448
lacdmh-sa3-7430-324,HERITAGE CLINIC COMM FOR SENIORS,"253 N SAN GABRIEL BLVD STE 100, PASADENA, CA 91107-3429",PASADENA,91107,SA 3,1127960_PD_ServiceArea_3.pdf,449
lacdmh-sa3-19EK-325,HERITAGE GROUP HOMES INC,"957 S. VILLAGE OAKS DR., COVINA, CA 91724-3696",COVINA,91724,SA 3,1127960_PD_ServiceArea_3.pdf,455
lacdmh-sa3-7231-326,HILLSIDES FAMILY RESOURCE CENTER,"149 PASADENA AVE. STE. A, SOUTH PASADENA, CA 91030-3351",SOUTH PASADENA,91030,SA 3,1127960_PD_ServiceArea_3.pdf,457
lacdmh-sa3-7883-327,HILLSIDES FRC ESGV,"13001 RAMONA BLVD. SUITE A, IRWINDALE, CA 91706-3752",IRWINDALE,91706,SA 3,1127960_PD_ServiceArea_3.pdf,472
lacdmh-sa3-7925-328,HILLSIDES FRC POMONA,"1902 ROYALTY DR. STE. 240, POMONA, CA 91767-3061",POMONA,91767,SA 3,1127960_PD_ServiceArea_3.pdf,480
lacdmh-sa3-7332-329,HILLSIDES OUTPATIENT,"940 AVENUE 64, PASADENA, CA 91105-2711",PASADENA,91105,SA 3,1127960_PD_ServiceArea_3.pdf,491
lacdmh-sa3-19JK-330,HILLSIDES YMO PEER RESOURCE CENTER,"456 E. ORANGE GROVE BLVD. STE. 140, PASADENA, CA 91104-5235",PASADENA,91104,SA 3,1127960_PD_ServiceArea_3.pdf,493
lacdmh-sa3-7506-331,HOMES FOR LIFE,"506 E. FAIRVIEW AVE. UNIT A, SAN GABRIEL, CA 91766-9998",SAN GABRIEL,91766,SA 3,1127960_PD_ServiceArea_3.pdf,498
lacdmh-sa3-7504-332,HOMES FOR LIFE FOUNDATION,"26 S. ALMANSOR STREET, ALHAMBRA, CA 91801-3921",ALHAMBRA,91801,SA 3,1127960_PD_ServiceArea_3.pdf,500
lacdmh-sa3-7245W-333,HOMES FOR LIFE FOUNDATION - WILSON HOUSE,"54 N WILSON AVE, PASADENA, CA 91106-2306",PASADENA,91106,SA 3,1127960_PD_ServiceArea_3.pdf,502
lacdmh-sa3-7245Z-334,HOMES FOR LIFE FOUNDATION-MADISON HOUSE,"489 N MADISON AVE, PASADENA, CA 91101-1123",PASADENA,91101,SA 3,1127960_PD_ServiceArea_3.pdf,504
lacdmh-sa3-8082-335,"HOWARD ASKINS, MD, A MED COR","960 E GREEN ST, PASADENA, CA 91106-2401",PASADENA,91106,SA 3,1127960_PD_ServiceArea_3.pdf,506
lacdmh-sa3-19D6-336,HSCFS - ALHAMBRA HS,"101 S. 2ND ST., ALHAMBRA, CA 91801-3716",ALHAMBRA,91801,SA 3,1127960_PD_ServiceArea_3.pdf,508
lacdmh-sa3-19CQ-337,HSCFS - LONGFELLOW ES,"1065 E. WASHINGTON BLVD., PASADENA, CA 91104-2441",PASADENA,91104,SA 3,1127960_PD_ServiceArea_3.pdf,509
lacdmh-sa3-19ER-338,HSCFS - MADISON ES,"515 E. ASHTABULA ST., PASADENA, CA 91104-4306",PASADENA,91104,SA 3,1127960_PD_ServiceArea_3.pdf,511
lacdmh-sa3-19HG-339,HSCFS- SPARKS MIDDLE SCHOOL,"15100 GIORDANO ST., LA PUENTE, CA 91744-2718",LA PUENTE,91744,SA 3,1127960_PD_ServiceArea_3.pdf,513
lacdmh-sa3-19EG-340,HSCFS-SAN GABRIEL HS,"801 S. RAMONA ST., SAN GABRIEL, CA 91776-2342",SAN GABRIEL,91776,SA 3,1127960_PD_ServiceArea_3.pdf,515
lacdmh-sa3-19EF-341,INSTITUTE FOR MULTICULTURAL COUNSELING AND EDUCATION SERVICE,"1730 W. CAMERON AVE. STE. 200, WEST COVINA, CA 91790-2722",WEST COVINA,91790,SA 3,1127960_PD_ServiceArea_3.pdf,517
lacdmh-sa3-8324-342,KALPESH BHAVSAR MD PROFESS,"4619 ROSEMEAD BLVD, ROSEMEAD, CA 91770-1478",ROSEMEAD,91770,SA 3,1127960_PD_ServiceArea_3.pdf,525
lacdmh-sa3-0080Q-343,"KF COMMUNITY CARE, LLC","2335 MOUNTAIN AVENUE, DUARTE, CA 91010-3559",DUARTE,91010,SA 3,1127960_PD_ServiceArea_3.pdf,526
lacdmh-sa3-8467-344,KIM JOHN,"150 UCLA MEDICAL PLAZA 4TH FL, LOS ANGELES, CA 90024-8313",LOS ANGELES,90024,SA 3,1127960_PD_ServiceArea_3.pdf,527
lacdmh-sa3-8455-345,"KLC CONSULTANTS, PC","30101 AGOURA HILLS, AGOURA HILLS, CA 91301-4301",AGOURA HILLS,91301,SA 3,1127960_PD_ServiceArea_3.pdf,529
lacdmh-sa3-0055R-346,LANDMARK MEDICAL CENTER,"2030 N. GAREY AVE., POMONA, CA 91767-2722",POMONA,91767,SA 3,1127960_PD_ServiceArea_3.pdf,532
lacdmh-sa3-0058R-347,LAUREL PARK,"1425 W. LAUREL AVE., POMONA, CA 91768-2837",POMONA,91768,SA 3,1127960_PD_ServiceArea_3.pdf,533
lacdmh-sa3-7565-348,LEROY HAYNES CENTER,"1350 3RD ST., LA VERNE, CA 91750-5201",LA VERNE,91750,SA 3,1127960_PD_ServiceArea_3.pdf,534
lacdmh-sa3-7862-349,LEROY HAYNES CENTER,"1025 SENTINEL DRIVE SUITE 200 AND 206, LA VERNE, CA 91750-3280",LA VERNE,91750,SA 3,1127960_PD_ServiceArea_3.pdf,541
lacdmh-sa3-19AJ-350,LONE HILL INTERMEDIATE SCHOOL,"700 S. LONE HILL AVE., SAN DIMAS, CA 91773-3536",SAN DIMAS,91773,SA 3,1127960_PD_ServiceArea_3.pdf,542
lacdmh-sa3-7217-351,M.E.T.,"1441 SANTA ANITA AVE, SOUTH EL MONTE, CA 91733-3311",SOUTH EL MONTE,91733,SA 3,1127960_PD_ServiceArea_3.pdf,543
lacdmh-sa3-7815-352,MARYVALE,"2502 E HUNTINGTON DR, DUARTE, CA 91010-2221",DUARTE,91010,SA 3,1127960_PD_ServiceArea_3.pdf,553
lacdmh-sa3-19L2-353,MCKINLEY,"180 VIA VERDE STE 200, SAN DIMAS, CA 91773-3993",SAN DIMAS,91773,SA 3,1127960_PD_ServiceArea_3.pdf,558
lacdmh-sa3-19B9-354,MCKINLEY-STRTP,"762 CYPRESS ST., SAN DIMAS, CA 91773-3505",SAN DIMAS,91773,SA 3,1127960_PD_ServiceArea_3.pdf,569
lacdmh-sa3-8066-355,MCNEEL WAKELIN,"4619 N. ROSEMEAD BLVD., ROSEMEAD, CA 91770-1478",ROSEMEAD,91770,SA 3,1127960_PD_ServiceArea_3.pdf,574
lacdmh-sa3-7072-356,MENTAL HEALTH COURT LINKAGE PROGRAM,"1499 HUNTINGTON DR STE 101, SOUTH PASADENA, CA 91030-9998",SOUTH PASADENA,91030,SA 3,1127960_PD_ServiceArea_3.pdf,576
lacdmh-sa3-19FY-357,MET-RAMP,"2934 E. GARVEY AVE. S. STE. 230, WEST COVINA, CA 91791-6101",WEST COVINA,91791,SA 3,1127960_PD_ServiceArea_3.pdf,584
lacdmh-sa3-8030-358,"MOIEZ KHANKHANIAN, MD, INC","933 S. SUNSET AVE., WEST COVINA, CA 91790-3410",WEST COVINA,91790,SA 3,1127960_PD_ServiceArea_3.pdf,586
lacdmh-sa3-7993-359,MPMET,"320 WEST NEWMARK AVE, MONTEREY PARK, CA 91754-2818",MONTEREY PARK,91754,SA 3,1127960_PD_ServiceArea_3.pdf,588
lacdmh-sa3-8408-360,NAGESWARA R. GUNTUPALLI MD,"500 W. BADILLO ST., COVINA, CA 91722-3762",COVINA,91722,SA 3,1127960_PD_ServiceArea_3.pdf,590
lacdmh-sa3-19CR-361,NEW DAWN - WALNUT,"20723 WALNUT VALLEY DR., WALNUT, CA 91789-1024",WALNUT,91789,SA 3,1127960_PD_ServiceArea_3.pdf,592
lacdmh-sa3-19ID-362,NUEVO AMANECER LATINO CHILDREN'S SERVICES,"1085 W. BADILLO ST., COVINA, CA 91722-4112",COVINA,91722,SA 3,1127960_PD_ServiceArea_3.pdf,594
lacdmh-sa3-8472-363,OCEANSIDE MEDICAL GROUP,"701 SANTA MONICA BLVD STE 230, SANTA MONICA, CA 90401-2625",SANTA MONICA,90401,SA 3,1127960_PD_ServiceArea_3.pdf,597
lacdmh-sa3-0061R-364,OLIVE VISTA,"2335 S. TOWNE AVE., POMONA, CA 91766-6227",POMONA,91766,SA 3,1127960_PD_ServiceArea_3.pdf,602
lacdmh-sa3-19IS-365,PACIFIC CLINICS ARROYO,"1020 S. ARROYO PKWY., PASADENA, CA 91105-3911",PASADENA,91105,SA 3,1127960_PD_ServiceArea_3.pdf,603
lacdmh-sa3-19J6-366,PACIFIC CLINICS ASIAN PACIFIC FAMILY CENTER,"9353 VALLEY BLVD., ROSEMEAD, CA 91770-1923",ROSEMEAD,91770,SA 3,1127960_PD_ServiceArea_3.pdf,609
lacdmh-sa3-19IX-367,PACIFIC CLINICS BONITA FAMILY CENTER,"790 E. BONITA AVE., POMONA, CA 91767-1906",POMONA,91767,SA 3,1127960_PD_ServiceArea_3.pdf,621
lacdmh-sa3-19IW-368,PACIFIC CLINICS CENTRO FAMILIAR LATINO,"3569 LEXINGTON AVE., EL MONTE, CA 91731-2607",EL MONTE,91731,SA 3,1127960_PD_ServiceArea_3.pdf,626
lacdmh-sa3-19IV-369,PACIFIC CLINICS CHILDREN'S INTENSIVE SERVICES,"1126 N. GRAND AVE., COVINA, CA 91724-1551",COVINA,91724,SA 3,1127960_PD_ServiceArea_3.pdf,631
lacdmh-sa3-19J4-370,PACIFIC CLINICS FOOTHILL SERVICES,"2550 E. FOOTHILL BLVD., PASADENA, CA 91107-3406",PASADENA,91107,SA 3,1127960_PD_ServiceArea_3.pdf,636
lacdmh-sa3-19IT-371,PACIFIC CLINICS HOPE DROP-IN CENTER,"13001 RAMONA BLVD. STE. H AND I, IRWINDALE, CA 91706-3752",IRWINDALE,91706,SA 3,1127960_PD_ServiceArea_3.pdf,643
lacdmh-sa3-19J7-372,PACIFIC CLINICS LA VIA WELLNESS AND RECOVERY,"625 FAIR OAKS AVE STE 125 AND 300, SOUTH PASADENA, CA 91030-2630",SOUTH PASADENA,91030,SA 3,1127960_PD_ServiceArea_3.pdf,648
lacdmh-sa3-19IU-373,PACIFIC CLINICS MONROVIA,"902 S. MYRTLE AVE., MONROVIA, CA 91016-3427",MONROVIA,91016,SA 3,1127960_PD_ServiceArea_3.pdf,661
lacdmh-sa3-19J9-374,PACIFIC CLINICS SIERRA FAMILY CENTER,"1160 S. GRAND AVE., GLENDORA, CA 91740-5000",GLENDORA,91740,SA 3,1127960_PD_ServiceArea_3.pdf,676
lacdmh-sa3-19J5-375,PACIFIC CLINICS SUMMIT WELL-BEING CENTER,"100 N BARRANCA ST STE 130, WEST COVINA, CA 91791-1637",WEST COVINA,91791,SA 3,1127960_PD_ServiceArea_3.pdf,682
lacdmh-sa3-8475-376,PACIFIC HERITAGE MED GRP,"3625 E. THOUSAND OAKS BLVD STE 232, THOUSAND OAKS, CA 91362-6932",THOUSAND OAKS,91362,SA 3,1127960_PD_ServiceArea_3.pdf,689
lacdmh-sa3-7642-377,PASADENA COUNCIL ON ALCOHOLISM AND DRUG DEPENDENCE,"44 S MENTOR AVE STE A, PASADENA, CA 91106-2902",PASADENA,91106,SA 3,1127960_PD_ServiceArea_3.pdf,696
lacdmh-sa3-8180-378,PATEL RAJENDRA,"166 W. COLLEGE ST. STE. A, COVINA, CA 91723-2008",COVINA,91723,SA 3,1127960_PD_ServiceArea_3.pdf,702
lacdmh-sa3-19LA-379,PENN MAR HEALTHCARE CENTER,"3938 COGSWELL RD, EL MONTE, CA 91732-2404",EL MONTE,91732,SA 3,1127960_PD_ServiceArea_3.pdf,703
lacdmh-sa3-8448-380,PETERSON ROBERT 20A143810,"415 W. ROUTE 66 STE. 202, GLENDORA, CA 91740-4335",GLENDORA,91740,SA 3,1127960_PD_ServiceArea_3.pdf,704
lacdmh-sa3-8320-381,"PHILLIP D SNYDER, PHD, APC","960 E GREEN ST SUITE 202, PASADENA, CA 91106-2401",PASADENA,91106,SA 3,1127960_PD_ServiceArea_3.pdf,705
lacdmh-sa3-7991-382,PMET,"490 W MISSION BLVD, POMONA, CA 91766-1608",POMONA,91766,SA 3,1127960_PD_ServiceArea_3.pdf,707
lacdmh-sa3-7992-383,PROTOTYPES OBHS PASADENA,"2650 E. FOOTHILL BLVD., PASADENA, CA 91107-3439",PASADENA,91107,SA 3,1127960_PD_ServiceArea_3.pdf,710
lacdmh-sa3-7990-384,PROTOTYPES OBHS POMONA,"831 E. ARROW HIGHWAY, POMONA, CA 91767-2535",POMONA,91767,SA 3,1127960_PD_ServiceArea_3.pdf,721
lacdmh-sa3-7994-385,PROTOTYPES OBHS WELLNESS CENTER,"40 N ALTADENA DRIVE SUITE 1B, PASADENA, CA 91107-3386",PASADENA,91107,SA 3,1127960_PD_ServiceArea_3.pdf,731
lacdmh-sa3-8477-386,PSYCHIATRIC EXCELLENCE,"651 N. SEPULVEDA BLVD 2012, LOS ANGELES, CA 90049-2185",LOS ANGELES,90049,SA 3,1127960_PD_ServiceArea_3.pdf,732
lacdmh-sa3-7567-387,PUSD MENTAL HEALTH SERVICES,"1520 N. RAYMOND AVE. BLDG. 2-7, PASADENA, CA 91103-1819",PASADENA,91103,SA 3,1127960_PD_ServiceArea_3.pdf,734
lacdmh-sa3-7618-388,RIVER COMMUNITY COVINA,"508 S. 2ND AVE., COVINA, CA 91723-3012",COVINA,91723,SA 3,1127960_PD_ServiceArea_3.pdf,740
lacdmh-sa3-7710-389,RIVER COMMUNITY WELLNESS CENTER,"510 S. 2ND AVE. STE. 6 AND 7, COVINA, CA 91723-3017",COVINA,91723,SA 3,1127960_PD_ServiceArea_3.pdf,749
lacdmh-sa3-19IP SA3-390,ENHANCED CARE MANAGEMENT,"1359 N. GRAND AVE., COVINA, CA 91724-1016",COVINA,91724,SA 3,1127960_PD_ServiceArea_3.pdf,758
lacdmh-sa3-7921 SA3-391,HOME EAST TEAM,"1359 N. GRAND AVE., COVINA, CA 91724-1016",COVINA,91724,SA 3,1127960_PD_ServiceArea_3.pdf,761
lacdmh-sa3-19MU SA3-392,HOME WEST TEAM,"1359 N GRAND AVE 2ND FL, COVINA, CA 91724-1016",COVINA,91724,SA 3,1127960_PD_ServiceArea_3.pdf,768
lacdmh-sa3-19O3 SA3-393,INTERIM HOUSING OUTREACH PGM,"330 E LIVE OAK AVE, ARCADIA, CA 91006-5617",ARCADIA,91006,SA 3,1127960_PD_ServiceArea_3.pdf,772
lacdmh-sa3-7705-394,SA3-FSP PROGRAM,"1359 N. GRAND AVE., COVINA, CA 91724-1016",COVINA,91724,SA 3,1127960_PD_ServiceArea_3.pdf,773
lacdmh-sa3-8410-395,"SAMBIN WANG, DO, A PROF CORP 20A117380","415 W. ROUTE 66 STE. 202, GLENDORA, CA 91740-4335",GLENDORA,91740,SA 3,1127960_PD_ServiceArea_3.pdf,778
lacdmh-sa3-8138-396,"SAMUEL W KAUFMAN, MD, INC","2030 N GAREY AVE, POMONA, CA 91767-2722",POMONA,91767,SA 3,1127960_PD_ServiceArea_3.pdf,780
lacdmh-sa3-7563-397,SAN GABRIEL CHILDREN'S CENTER OUTPATIENT,"4740 N. GRAND AVE., COVINA, CA 91724-2005",COVINA,91724,SA 3,1127960_PD_ServiceArea_3.pdf,781
lacdmh-sa3-0063R-398,"SAN GABRIEL VALLEY, PENN MAR","3938 COGSWELL RD., EL MONTE, CA 91732-2404",EL MONTE,91732,SA 3,1127960_PD_ServiceArea_3.pdf,787
lacdmh-sa3-8136-399,SCHWARTZ MICHAEL,"427 E 17TH ST. STE. 229, COSTA MESA, CA 92627-3201",COSTA MESA,92627,SA 3,1127960_PD_ServiceArea_3.pdf,788
lacdmh-sa3-7544-400,SERENITY INFANT CARE HOMES INC,"600 S. GRAND AVE., COVINA, CA 91724-3638",COVINA,91724,SA 3,1127960_PD_ServiceArea_3.pdf,790
lacdmh-sa3-19C6-401,SGCC - HOMEREST HOME,"5329 N. HOMEREST AVE., AZUSA, CA 91702-5429",AZUSA,91702,SA 3,1127960_PD_ServiceArea_3.pdf,791
lacdmh-sa3-19CB-402,SGCC-ENID HOME,"337 S. ENID AVE., AZUSA, CA 91702-4302",AZUSA,91702,SA 3,1127960_PD_ServiceArea_3.pdf,794
lacdmh-sa3-1942-403,SGMET,"1359 N. GRAND AVE., COVINA, CA 91724-1016",COVINA,91724,SA 3,1127960_PD_ServiceArea_3.pdf,797
lacdmh-sa3-7870-404,SHARE RECOVERY RETREAT,"602 W HELLMAN AVE, MONTEREY PARK, CA 91754-1006",MONTEREY PARK,91754,SA 3,1127960_PD_ServiceArea_3.pdf,799
lacdmh-sa3-8468-405,SISTAH FRIENDS,"3756 SANTA ROSALIA DR 219, LOS ANGELES, CA 90008-3606",LOS ANGELES,90008,SA 3,1127960_PD_ServiceArea_3.pdf,803
lacdmh-sa3-7442-406,SPECIALIZED FOSTER CARE BRAND,"611 N BRAND BLVD 3RD, 4TH FL, GLENDALE, CA 91203-3286",GLENDALE,91203,SA 3,1127960_PD_ServiceArea_3.pdf,805
lacdmh-sa3-7810-407,SPECIALIZED FOSTER CARE COVINA,"4024 N. DURFEE AVE. RM. 216, EL MONTE, CA 91732-2510",EL MONTE,91732,SA 3,1127960_PD_ServiceArea_3.pdf,807
lacdmh-sa3-7809-408,SPECIALIZED FOSTER CARE EL MONTE,"4024 DURFEE AVE, EL MONTE, CA 91732-2510",EL MONTE,91732,SA 3,1127960_PD_ServiceArea_3.pdf,809
lacdmh-sa3-7753-409,SPECIALIZED FOSTER CARE GLENDORA,"725 S GRAND AVENUE, GLENDORA, CA 91740-4141",GLENDORA,91740,SA 3,1127960_PD_ServiceArea_3.pdf,811
lacdmh-sa3-7811-410,SPECIALIZED FOSTER CARE POMONA,"801 CORPORATE CENTER DRIVE, POMONA, CA 91768-2628",POMONA,91768,SA 3,1127960_PD_ServiceArea_3.pdf,813
lacdmh-sa3-7187-411,SSG APCTC ALHAMBRA CENTER,"1635 W. MAIN ST. STE. 100, ALHAMBRA, CA 91801-1951",ALHAMBRA,91801,SA 3,1127960_PD_ServiceArea_3.pdf,819
lacdmh-sa3-19KM-412,SSG APCTC WEST COVINA,"1107 S GLENDORA AVE, WEST COVINA, CA 91790-4923",WEST COVINA,91790,SA 3,1127960_PD_ServiceArea_3.pdf,823
lacdmh-sa3-7950-413,STAR VIEW BEHAVIORAL HEALTH INC.,"9040 TELSTAR AVENUE SUITE 101, EL MONTE, CA 91731-2838",EL MONTE,91731,SA 3,1127960_PD_ServiceArea_3.pdf,827
lacdmh-sa3-19A9X-414,STAR VIEW URGENT CARE CENTERS,"18501 GALE AVENUE SUITE 100, CITY OF INDUSTRY, CA 91748-1359",CITY OF INDUSTRY,91748,SA 3,1127960_PD_ServiceArea_3.pdf,832
lacdmh-sa3-8442-415,"SUNG E. SHIM, MD INC","415 W. ROUTE 66 STE 202, GLENDORA, CA 91740-4335",GLENDORA,91740,SA 3,1127960_PD_ServiceArea_3.pdf,841
lacdmh-sa3-7669-416,SYCAMORES - COVINA,"1411 N GRAND AVE STE 100, COVINA, CA 91724-1001",COVINA,91724,SA 3,1127960_PD_ServiceArea_3.pdf,842
lacdmh-sa3-7601-417,SYCAMORES - EL NIDO,"2933 EL NIDO DR., ALTADENA, CA 91001-4529",ALTADENA,91001,SA 3,1127960_PD_ServiceArea_3.pdf,848
lacdmh-sa3-7602-418,SYCAMORES - OAKLAND,"851 N. OAKLAND AVE., PASADENA, CA 91104-4343",PASADENA,91104,SA 3,1127960_PD_ServiceArea_3.pdf,859
lacdmh-sa3-190X-419,SYCAMORES-STRTP NORTH,"2933 EL NIDO DRIVE, ALTADENA, CA 91001-4529",ALTADENA,91001,SA 3,1127960_PD_ServiceArea_3.pdf,867
lacdmh-sa3-19KL-420,SYCAMORES-STRTP SOUTH,"2901 EL NIDO DR, ALTADENA, CA 91001-4529",ALTADENA,91001,SA 3,1127960_PD_ServiceArea_3.pdf,870
lacdmh-sa3-7131-421,THE RIVER COMMUNITY,"23701 E. EAST FORK RD., AZUSA, CA 91702-1477",AZUSA,91702,SA 3,1127960_PD_ServiceArea_3.pdf,871
lacdmh-sa3-8451-422,TOGETHER PSYCHIATRIC NPASSOC,"3030 W. OLYMPIC BLVD 217, LOS ANGELES, CA 90006-6507",LOS ANGELES,90006,SA 3,1127960_PD_ServiceArea_3.pdf,886
lacdmh-sa3-7731-423,TRI-CITY MENTAL HEALTH AUTHORITY,"2008 N. GAREY AVE., POMONA, CA 91767-2722",POMONA,91767,SA 3,1127960_PD_ServiceArea_3.pdf,889
lacdmh-sa3-7798A-424,TRI-CITY MENTAL HEALTH AUTHORITY,"1900 ROYALTY DR. STE. 180, POMONA, CA 91767-3032",POMONA,91767,SA 3,1127960_PD_ServiceArea_3.pdf,901
lacdmh-sa3-7552A-425,TRINITY EL MONTE,"1000 CORPORATE CENTER DR. STE 650, MONTEREY PARK, CA 91754-7639",MONTEREY PARK,91754,SA 3,1127960_PD_ServiceArea_3.pdf,911
lacdmh-sa3-7787-426,"VIP CMHC, INC.","4024 DURFEE AVE, EL MONTE, CA 91732-2510",EL MONTE,91732,SA 3,1127960_PD_ServiceArea_3.pdf,914
lacdmh-sa3-19BV-427,VTC POMONA,"801 CORPORATE CENTER DR. STE. 202, POMONA, CA 91768-2627",POMONA,91768,SA 3,1127960_PD_ServiceArea_3.pdf,916
lacdmh-sa3-1924-428,VTC ROMBERGER HOUSE,"1023 FREMONT AVE., SOUTH PASADENA, CA 91030-3224",SOUTH PASADENA,91030,SA 3,1127960_PD_ServiceArea_3.pdf,922
lacdmh-sa3-8220-429,WADIE ALKHOURI INC,"1620 S. GRAND AVE, GLENDORA, CA 91740-5433",GLENDORA,91740,SA 3,1127960_PD_ServiceArea_3.pdf,923
lacdmh-sa3-19M4-430,WAYFINDER FAMILY SERVICES,"437 S CATARACT AVE STE 3, SAN DIMAS, CA 91773-2973",SAN DIMAS,91773,SA 3,1127960_PD_ServiceArea_3.pdf,924
lacdmh-sa3-19LC-431,WELL-BEING PROGRAM LA PUENTE HIGH,"15615 NELSON AVE E, LA PUENTE, CA 91744-3910",LA PUENTE,91744,SA 3,1127960_PD_ServiceArea_3.pdf,929
lacdmh-sa3-8429-432,WHOLESOME COMMUNITY MEMBERS,"6309 VAN NUYS BLVD UNIT 102, VAN NUYS, CA 91401-6629",VAN NUYS,91401,SA 3,1127960_PD_ServiceArea_3.pdf,930
lacdmh-sa3-8017-433,WILLIAM GILLESPIE & ASSOC IN,"510 S. GRAND AVE. STE. 200, GLENDORA, CA 91741-4291",GLENDORA,91741,SA 3,1127960_PD_ServiceArea_3.pdf,932
lacdmh-sa3-1932-434,WSGVMET,"250 W. HUNTINGTON DR., ARCADIA, CA 91007-3401",ARCADIA,91007,SA 3,1127960_PD_ServiceArea_3.pdf,934
lacdmh-sa3-8443-435,ZAHEIB IDREES DO PRO MED COR 20A136240,"415 W. ROUTE 66 STE 202, GLENDORA, CA 91740-4335",GLENDORA,91740,SA 3,1127960_PD_ServiceArea_3.pdf,936
lacdmh-sa4-19B6B 19B6B-436,JWCH INST MED CLINIC WEINGART_SAT,"522 S SAN PEDRO ST., LOS ANGELES, CA 90013-2102",LOS ANGELES,90013,SA 4,1127961_PD_ServiceArea_4.pdf,6
lacdmh-sa4-7802-437,ADULT SYSTEM OF CARE,"550 S VERMONT AVENUE, LOS ANGELES, CA 90020-1912",LOS ANGELES,90020,SA 4,1127961_PD_ServiceArea_4.pdf,7
lacdmh-sa4-8493-438,ALBA WELLNESS GROUP,"14500 ROSCOE BLVD STE 400, PANORAMA CITY, CA 91402-4194",PANORAMA CITY,91402,SA 4,1127961_PD_ServiceArea_4.pdf,8
lacdmh-sa4-7300-439,ALL FOR KIDS-WILSHIRE,"3435 WILSHIRE BLVD STE 1840, LOS ANGELES, CA 90010-2004",LOS ANGELES,90010,SA 4,1127961_PD_ServiceArea_4.pdf,10
lacdmh-sa4-7875-440,ALMA FAMILY SERVICES,"456 S. MATHEWS ST., LOS ANGELES, CA 90033-4326",LOS ANGELES,90033,SA 4,1127961_PD_ServiceArea_4.pdf,14
lacdmh-sa4-7893-441,ALMA FAMILY SERVICES,"1200 N. STATE ST. STE. 1016, LOS ANGELES, CA 90033-1083",LOS ANGELES,90033,SA 4,1127961_PD_ServiceArea_4.pdf,16
lacdmh-sa4-7104A-442,"AMANECER COMMUNITY COUNSELING SERVICE, A NON-PROFIT CORPORAT","1200 WILSHIRE BLVD STE 300, LOS ANGELES, CA 90017-1931",LOS ANGELES,90017,SA 4,1127961_PD_ServiceArea_4.pdf,21
lacdmh-sa4-7945-443,"AMANECER COMMUNITY COUNSELING SERVICE, A NON-PROFIT CORPORAT","3680 E. IMPERIAL HWY. STE. 480, LYNWOOD, CA 90262-2662",LYNWOOD,90262,SA 4,1127961_PD_ServiceArea_4.pdf,34
lacdmh-sa4-7784-444,AMERICAN INDIAN COUNSELING CTR FSP,"947 COLE AVENUE 2ND FLOOR, LOS ANGELES, CA 90038-2610",LOS ANGELES,90038,SA 4,1127961_PD_ServiceArea_4.pdf,39
lacdmh-sa4-7517-445,ASIAN PACIFIC COUNSELING + TREATMENT CENTER,"1310 WILSHIRE BLVD., LOS ANGELES, CA 90017-1705",LOS ANGELES,90017,SA 4,1127961_PD_ServiceArea_4.pdf,43
lacdmh-sa4-7186-446,ASIAN PACIFIC COUNSELING AND TREATMENT CENTER,"520 S. LA FAYETTE PARK PL. STE. 300, LOS ANGELES, CA 90057-5400",LOS ANGELES,90057,SA 4,1127961_PD_ServiceArea_4.pdf,49
lacdmh-sa4-7928-447,ASSISTED OUTPATIENT TREATMENT-LA,"222 S. HILL ST. FL. 2, LOS ANGELES, CA 90012-3508",LOS ANGELES,90012,SA 4,1127961_PD_ServiceArea_4.pdf,56
lacdmh-sa4-8074-448,"ASYA KUPISK, MD, INC","7779 SUNSET BLVD, LOS ANGELES, CA 90046-3911",LOS ANGELES,90046,SA 4,1127961_PD_ServiceArea_4.pdf,59
lacdmh-sa4-7221-449,AVIVA FAMILY AND CHILDREN'S SERVICES,"1701 CAMINO PALMERO ST., LOS ANGELES, CA 90046-2902",LOS ANGELES,90046,SA 4,1127961_PD_ServiceArea_4.pdf,61
lacdmh-sa4-7268-450,AVIVA FAMILY AND CHILDREN'S SERVICES,"5700 WILSHIRE BLVD STE 560, LOS ANGELES, CA 90036-5418",LOS ANGELES,90036,SA 4,1127961_PD_ServiceArea_4.pdf,62
lacdmh-sa4-7494-451,AVIVA FAMILY AND CHILDREN'S SERVICES,"7120 FRANKLIN AVE., LOS ANGELES, CA 90046-3002",LOS ANGELES,90046,SA 4,1127961_PD_ServiceArea_4.pdf,75
lacdmh-sa4-8421-452,BARBOUR JACK,"1066 REDONDO BLVD, LOS ANGELES, CA 90019-6672",LOS ANGELES,90019,SA 4,1127961_PD_ServiceArea_4.pdf,79
lacdmh-sa4-7521-453,BHS HOLLYWOOD RECOVERY CENTER,"6838 W SUNSET BLVD., LOS ANGELES, CA 90028-7008",LOS ANGELES,90028,SA 4,1127961_PD_ServiceArea_4.pdf,80
lacdmh-sa4-19AX-454,BOYS REPUBLIC - MONROVIA RESIDENCE,"802 OCEAN VIEW AVE, MONROVIA, CA 91016-2420",MONROVIA,91016,SA 4,1127961_PD_ServiceArea_4.pdf,84
lacdmh-sa4-7590-455,CALIF HOSPITAL MEDICAL CTR-CALIF BEHAVIORAL HEALTH CLINIC,"1400 S. GRAND AVE. STE. 600, LOS ANGELES, CA 90015-3048",LOS ANGELES,90015,SA 4,1127961_PD_ServiceArea_4.pdf,86
lacdmh-sa4-7519-456,CALIFORNIA HISPANIC COMMISSION ON ALCOHOL + DRUG ABUSE INC,"2309 DALY STREET, LOS ANGELES, CA 90031-2703",LOS ANGELES,90031,SA 4,1127961_PD_ServiceArea_4.pdf,92
lacdmh-sa4-19BJ-457,CALWORKS DMH HQ ADMIN,"510 S. VERMONT AVE. 21ST FL., LOS ANGELES, CA 90020-1912",LOS ANGELES,90020,SA 4,1127961_PD_ServiceArea_4.pdf,95
lacdmh-sa4-19JS-458,CCR - CLINICAL OPS NORTH,"3303 N. BROADWAY FL. 4, LOS ANGELES, CA 90031-2803",LOS ANGELES,90031,SA 4,1127961_PD_ServiceArea_4.pdf,96
lacdmh-sa4-19KE-459,CENTRAL STAR LAC - USC CRTP,"1774 ZONAL AVE. BLDG. C, LOS ANGELES, CA 90033-1045",LOS ANGELES,90033,SA 4,1127961_PD_ServiceArea_4.pdf,101
lacdmh-sa4-19MF-460,CHATEAU #1,"1860 S ORANGE GROVE AVE, LOS ANGELES, CA 90019-5049",LOS ANGELES,90019,SA 4,1127961_PD_ServiceArea_4.pdf,151
lacdmh-sa4-7884-461,CHCADA ROOSEVELT-ISHC,"456 S MATHEWS STREET, LOS ANGELES, CA 90033-4326",LOS ANGELES,90033,SA 4,1127961_PD_ServiceArea_4.pdf,154
lacdmh-sa4-7614-462,CHILDRENS HOSPITAL COMMUNITY MENTAL HEALTH CENTER,"3250 WILSHIRE BLVD STE 320, LOS ANGELES, CA 90010-1577",LOS ANGELES,90010,SA 4,1127961_PD_ServiceArea_4.pdf,156
lacdmh-sa4-7817-463,CHILDREN'S INSTITUTE INC,"2121 W. TEMPLE ST BLDGS. A B C, LOS ANGELES, CA 90026-4915",LOS ANGELES,90026,SA 4,1127961_PD_ServiceArea_4.pdf,186
lacdmh-sa4-19N3-464,COMMUNITY REINTEGRATION OPERATIONS,"631-A MAPLE AVE, LOS ANGELES, CA 90014-2211",LOS ANGELES,90014,SA 4,1127961_PD_ServiceArea_4.pdf,203
lacdmh-sa4-7171-465,CONTINUUM OF CARE REFORM DIVISION,"510 S. VERMONT AVE. 18TH FL., LOS ANGELES, CA 90020-1992",LOS ANGELES,90020,SA 4,1127961_PD_ServiceArea_4.pdf,206
lacdmh-sa4-19B6-466,CORNER OF HOPE,"500 S. SAN PEDRO ST., LOS ANGELES, CA 90013-2102",LOS ANGELES,90013,SA 4,1127961_PD_ServiceArea_4.pdf,217
lacdmh-sa4-19HP-467,DIDI HIRSCH AT CNCA BURLINGTON,"697 S. BURLINGTON AVE., LOS ANGELES, CA 90057-3743",LOS ANGELES,90057,SA 4,1127961_PD_ServiceArea_4.pdf,226
lacdmh-sa4-19HX-468,DIDI HIRSCH AT CNCA DALZELL LANCE,"3500 W. TEMPLE ST., LOS ANGELES, CA 90004-3620",LOS ANGELES,90004,SA 4,1127961_PD_ServiceArea_4.pdf,227
lacdmh-sa4-19HZ-469,DIDI HIRSCH AT CNCA EISNER,"2755 W. 15TH ST., LOS ANGELES, CA 90006-4301",LOS ANGELES,90006,SA 4,1127961_PD_ServiceArea_4.pdf,228
lacdmh-sa4-19GL-470,DIDI HIRSCH AT EAGLE ROCK ES,"2057 FAIR PARK AVE., LOS ANGELES, CA 90041-1918",LOS ANGELES,90041,SA 4,1127961_PD_ServiceArea_4.pdf,230
lacdmh-sa4-19HU-471,DIDI HIRSCH AT LAAAE,"1575 W 2ND ST RM 364, LOS ANGELES, CA 90026-5701",LOS ANGELES,90026,SA 4,1127961_PD_ServiceArea_4.pdf,232
lacdmh-sa4-19HR-472,DIDI HIRSCH AT SANDRA CISNEROS,"1018 MOHAWK ST., LOS ANGELES, CA 90026-3131",LOS ANGELES,90026,SA 4,1127961_PD_ServiceArea_4.pdf,233
lacdmh-sa4-19BH-473,DMH CBEST PROGRAM,"510 S. VERMONT AVE. 21ST FL., LOS ANGELES, CA 90020-1912",LOS ANGELES,90020,SA 4,1127961_PD_ServiceArea_4.pdf,235
lacdmh-sa4-7630-474,DMH SA 4 NAVIGATION TEAM,"1224 N. VINE ST.2ND FL., LOS ANGELES, CA 90038-9998",LOS ANGELES,90038,SA 4,1127961_PD_ServiceArea_4.pdf,236
lacdmh-sa4-7788-475,DMH TRANS AGE YOUTH-ADMIN,"550 SOUTH VERMONT AVENUE, LOS ANGELES, CA 90020-1912",LOS ANGELES,90020,SA 4,1127961_PD_ServiceArea_4.pdf,237
lacdmh-sa4-7057-476,DOWNTOWN MENTAL HEALTH CENTER,"529 S MAPLE AVE, LOS ANGELES, CA 90013-1511",LOS ANGELES,90013,SA 4,1127961_PD_ServiceArea_4.pdf,241
lacdmh-sa4-7706-477,DOWNTOWN-FSP PROGRAM,"631-B MAPLE AVENUE, LOS ANGELES, CA 90014-2211",LOS ANGELES,90014,SA 4,1127961_PD_ServiceArea_4.pdf,252
lacdmh-sa4-7581-478,EL CENTRO DEL PUEBLO INC,"1157 LEMOYNE ST., LOS ANGELES, CA 90026-3206",LOS ANGELES,90026,SA 4,1127961_PD_ServiceArea_4.pdf,257
lacdmh-sa4-7255-479,ENKI - BOYLE HEIGHTS ADULT,"560 S ST LOUIS ST, LOS ANGELES, CA 90033-4320",LOS ANGELES,90033,SA 4,1127961_PD_ServiceArea_4.pdf,260
lacdmh-sa4-7472-480,ENKI YOUTH AND FAMILY SERVICES BOYLE HEIGHTS,"560 S ST LOUIS ST, LOS ANGELES, CA 90033-4390",LOS ANGELES,90033,SA 4,1127961_PD_ServiceArea_4.pdf,264
lacdmh-sa4-7379-481,EOTD CRISIS HOMELESS - DOWNTOWN,"510 S. VERMONT AVE. 21 FL RM 21M12, LOS ANGELES, CA 90020-1992",LOS ANGELES,90020,SA 4,1127961_PD_ServiceArea_4.pdf,267
lacdmh-sa4-190C-482,EXODUS IMHT,"1902 MARENGO ST STE 200C, LOS ANGELES, CA 90033-1382",LOS ANGELES,90033,SA 4,1127961_PD_ServiceArea_4.pdf,274
lacdmh-sa4-19CA-483,EXODUS RECOVERY NORTHEAST LA FSP PROGRAM,"1902 MARENGO ST STE 200B, LOS ANGELES, CA 90033-1382",LOS ANGELES,90033,SA 4,1127961_PD_ServiceArea_4.pdf,278
lacdmh-sa4-7783-484,"EXODUS RECOVERY, INC","1920 MARENGO STREET, LOS ANGELES, CA 90033-1317",LOS ANGELES,90033,SA 4,1127961_PD_ServiceArea_4.pdf,283
lacdmh-sa4-7796X-485,"EXODUS RECOVERY, INC - EASTSIDE","1700 E ZONAL AVE UNIT A, LOS ANGELES, CA 90033-1045",LOS ANGELES,90033,SA 4,1127961_PD_ServiceArea_4.pdf,288
lacdmh-sa4-8188-486,FARHAD KHOSSOUSSI MD INC,"504 N. BEDFORD DR., BEVERLY HILLS, CA 90210-4817",BEVERLY HILLS,90210,SA 4,1127961_PD_ServiceArea_4.pdf,318
lacdmh-sa4-7147-487,"FILIPINO/AMERICAN SERVICE GROUP, INC.","135 N PARK VIEW STREET, LOS ANGELES, CA 90026-5215",LOS ANGELES,90026,SA 4,1127961_PD_ServiceArea_4.pdf,319
lacdmh-sa4-1982-488,GATEWAY HOSPITAL + COMMUNITY MH CENTER,"1891 EFFIE ST., LOS ANGELES, CA 90026-1711",LOS ANGELES,90026,SA 4,1127961_PD_ServiceArea_4.pdf,322
lacdmh-sa4-7957-489,GATEWAYS CHILD AND ADOLESCENT OUTPATIENT PROGRAM,"711 W COLLEGE ST 4TH FL, LOS ANGELES, CA 90012-3177",LOS ANGELES,90012,SA 4,1127961_PD_ServiceArea_4.pdf,328
lacdmh-sa4-6757-490,GATEWAYS COMMUNITY MHC,"433 N. HOOVER ST., LOS ANGELES, CA 90004-2306",LOS ANGELES,90004,SA 4,1127961_PD_ServiceArea_4.pdf,335
lacdmh-sa4-1907-491,GATEWAYS HOMELESS SERVICE PROGRAM,"320 N. MADISON AVE. STE.B, LOS ANGELES, CA 90004-3791",LOS ANGELES,90004,SA 4,1127961_PD_ServiceArea_4.pdf,341
lacdmh-sa4-7412-492,GATEWAYS HOSPITAL SOCIAL REHABILITATION PROGRAM,"423 N. HOOVER ST., LOS ANGELES, CA 90004-2306",LOS ANGELES,90004,SA 4,1127961_PD_ServiceArea_4.pdf,344
lacdmh-sa4-7470-493,GATEWAYS NORMANDIE VILLAGE EAST OUTPATIENT CLINIC,"1338 S. GRAND AVE., LOS ANGELES, CA 90015-3009",LOS ANGELES,90015,SA 4,1127961_PD_ServiceArea_4.pdf,348
lacdmh-sa4-7671-494,GATEWAYS PERCY VILLAGE OP CLINIC,"4063 WHITTIER BLVD. STE. 202, LOS ANGELES, CA 90023-2536",LOS ANGELES,90023,SA 4,1127961_PD_ServiceArea_4.pdf,358
lacdmh-sa4-7241-495,GENESIS COUNTYWIDE OLDER ADULT PROGRAM,"510 S. VERMONT AVE 17TH FLOOR, LOS ANGELES, CA 90020-1992",LOS ANGELES,90020,SA 4,1127961_PD_ServiceArea_4.pdf,367
lacdmh-sa4-19BG-496,GROW DMH HQ ADMIN,"510 S. VERMONT AVE. 21ST FL., LOS ANGELES, CA 90020-1912",LOS ANGELES,90020,SA 4,1127961_PD_ServiceArea_4.pdf,376
lacdmh-sa4-7461-497,H.O.P.E. (HOMELESS OUTREACH + PSYCHIATRIC EVALUATION),"220 S. RAYMOND AVE. STE. 101, PASADENA, CA 91105-4109",PASADENA,91105,SA 4,1127961_PD_ServiceArea_4.pdf,377
lacdmh-sa4-7785-498,HERITAGE-MID-CITY,"3600 WILSHIRE BLVD. STE. 2200, LOS ANGELES, CA 90010-2632",LOS ANGELES,90010,SA 4,1127961_PD_ServiceArea_4.pdf,380
lacdmh-sa4-7645-499,HILLSIDES FRC EP,"4927 HUNTINGTON DR. N. STE. 200, LOS ANGELES, CA 90032-1679",LOS ANGELES,90032,SA 4,1127961_PD_ServiceArea_4.pdf,387
lacdmh-sa4-19KF-500,HILLSIDES STRTP LA,"940 N. AVE. 65, LOS ANGELES, CA 90042-1542",LOS ANGELES,90042,SA 4,1127961_PD_ServiceArea_4.pdf,398
lacdmh-sa4-1909-501,HOLLYWOOD MENTAL HEALTH CENTER,"1224 N. VINE ST., LOS ANGELES, CA 90038-1612",LOS ANGELES,90038,SA 4,1127961_PD_ServiceArea_4.pdf,401
lacdmh-sa4-7771-502,HOLLYWOOD MENTAL HEALTH CENTER-FULL SERVICE PARTNERSHIP PROG,"947 COLE AVENUE, LOS ANGELES, CA 90038-2610",LOS ANGELES,90038,SA 4,1127961_PD_ServiceArea_4.pdf,411
lacdmh-sa4-19KY-503,HOLLYWOOD MH CO-OP,"5000 W. SUNSET. BLVD. STE. 600, LOS ANGELES, CA 90027-5863",LOS ANGELES,90027,SA 4,1127961_PD_ServiceArea_4.pdf,415
lacdmh-sa4-7739-504,HOLLYWOOD MHC-WELLNESS CENTER,"5000 SUNSET BLVD SUITE 600, LOS ANGELES, CA 90027-5861",LOS ANGELES,90027,SA 4,1127961_PD_ServiceArea_4.pdf,423
lacdmh-sa4-19L1-505,HOME OPERATIONS AND NAVIGATION,"222 S HILL ST 5TH FL, LOS ANGELES, CA 90012-3508",LOS ANGELES,90012,SA 4,1127961_PD_ServiceArea_4.pdf,424
lacdmh-sa4-19MS-506,HOME RECOVERY AND WELLNESS,"222 S HILL ST 5TH FL, LOS ANGELES, CA 90012-3508",LOS ANGELES,90012,SA 4,1127961_PD_ServiceArea_4.pdf,429
lacdmh-sa4-19L9-507,HSCFS - EASTMAN AVE ELEMENTARY SCHOOL,"4112 E OLYMPIC BLVD, LOS ANGELES, CA 90023-3313",LOS ANGELES,90023,SA 4,1127961_PD_ServiceArea_4.pdf,435
lacdmh-sa4-19GE-508,HSCFS- FRANKLIN HS,"820 N. AVE. 54, LOS ANGELES, CA 90042-2428",LOS ANGELES,90042,SA 4,1127961_PD_ServiceArea_4.pdf,437
lacdmh-sa4-8345-509,HUMAN DEVELOPMENT ASSOCIATES,"7250 FRANKLIN AVE. STE. 1115, LOS ANGELES, CA 90046-3046",LOS ANGELES,90046,SA 4,1127961_PD_ServiceArea_4.pdf,439
lacdmh-sa4-7312-510,INSTITUTE FOR MULTICULTURAL COUNSELING AND EDUCATION SERVICE,"3580 WILSHIRE BLVD STE 2000, 2025 & 2050, LOS ANGELES, CA 90010-2501",LOS ANGELES,90010,SA 4,1127961_PD_ServiceArea_4.pdf,441
lacdmh-sa4-19JY-511,JEWISH FAMILY SERVICE OF LOS ANGELES,"330 N. FAIRFAX AVE., LOS ANGELES, CA 90036-2109",LOS ANGELES,90036,SA 4,1127961_PD_ServiceArea_4.pdf,451
lacdmh-sa4-7694-512,JEWISH FAMILY SERVICE OF LOS ANGELES,"12821 VICTORY BLVD., NORTH HOLLYWOOD, CA 91606-3012",NORTH HOLLYWOOD,91606,SA 4,1127961_PD_ServiceArea_4.pdf,454
lacdmh-sa4-7727-513,JWCH INSTITUTE INC.,"521 S. SAN PEDRO ST., LOS ANGELES, CA 90013-2148",LOS ANGELES,90013,SA 4,1127961_PD_ServiceArea_4.pdf,458
lacdmh-sa4-7727B-514,"JWCH INSTITUTE, INC. MEDICAL CLINIC WEINGART CENTER","522 S. SAN PEDRO ST., LOS ANGELES, CA 90013-2102",LOS ANGELES,90013,SA 4,1127961_PD_ServiceArea_4.pdf,461
lacdmh-sa4-7825-515,"KOREAN AMERICAN FAMILY SERVICES, INC (KFAM)","3727 W 6TH STREET STE 320, LOS ANGELES, CA 90020-5105",LOS ANGELES,90020,SA 4,1127961_PD_ServiceArea_4.pdf,463
lacdmh-sa4-19KJ-516,KOREATOWN MENTAL HEALTH CENTER,"510 S. VERMONT AVE., LOS ANGELES, CA 90020-1992",LOS ANGELES,90020,SA 4,1127961_PD_ServiceArea_4.pdf,466
lacdmh-sa4-7103-517,"KOREATOWN YOUTH + COMMUNITY CENTER, INC.","3727 W. 6TH ST. STE. 402, LOS ANGELES, CA 90020-5112",LOS ANGELES,90020,SA 4,1127961_PD_ServiceArea_4.pdf,470
lacdmh-sa4-7520-518,LINCOLN HEIGHTS FAMILY RECOVERY CENTER,"4099 N. MISSION RD., LOS ANGELES, CA 90032-2554",LOS ANGELES,90032,SA 4,1127961_PD_ServiceArea_4.pdf,474
lacdmh-sa4-7106-519,LOS ANGELES GAY + LESBIAN COMMUNITY SERVICE CENTER,"1625 SCHRADER BLVD, LOS ANGELES, CA 90028-6213",LOS ANGELES,90028,SA 4,1127961_PD_ServiceArea_4.pdf,477
lacdmh-sa4-1956-520,LOS ANGELES GENERAL MEDICAL CENTER,"2051 MARENGO ST, LOS ANGELES, CA 90033-1352",LOS ANGELES,90033,SA 4,1127961_PD_ServiceArea_4.pdf,485
lacdmh-sa4-7170-521,MENTAL HEALTH ASSESSMENT PROGRAM,"510 S. VERMONT AVE. 21ST FL., LOS ANGELES, CA 90020-1912",LOS ANGELES,90020,SA 4,1127961_PD_ServiceArea_4.pdf,512
lacdmh-sa4-8461-522,NEW CARE MEDICAL GROUP,"898 N. FAIR OAKS SUITE G, PASADENA, CA 91103-3067",PASADENA,91103,SA 4,1127961_PD_ServiceArea_4.pdf,514
lacdmh-sa4-1914-523,NORTHEAST MHC,"3303 N. BROADWAY 3RD, 4TH FL., LOS ANGELES, CA 90031-0061",LOS ANGELES,90031,SA 4,1127961_PD_ServiceArea_4.pdf,516
lacdmh-sa4-19LJ-524,NORTHEAST MHC - FULL SERVICE PARTNERSHIP,"3303 N BROADWAY FL 3 AND FL 4, LOS ANGELES, CA 90031-2803",LOS ANGELES,90031,SA 4,1127961_PD_ServiceArea_4.pdf,534
lacdmh-sa4-19K1-525,OFFICE OF DIVERSION AND REENTRY,"222 S. HILL ST. 4TH FL., LOS ANGELES, CA 90012-3508",LOS ANGELES,90012,SA 4,1127961_PD_ServiceArea_4.pdf,538
lacdmh-sa4-7786-526,OLDER ADULT PEI SPECIAL PROGRAMS,"550 SOUTH VERMONT AVE STE 601, LOS ANGELES, CA 90020-1912",LOS ANGELES,90020,SA 4,1127961_PD_ServiceArea_4.pdf,539
lacdmh-sa4-7963-527,OPCC AND LAMP COMMUNITY INC,"527 CROCKER ST., LOS ANGELES, CA 90013-2116",LOS ANGELES,90013,SA 4,1127961_PD_ServiceArea_4.pdf,540
lacdmh-sa4-1946-528,OPTIMIST CAMPUS,"6957 N. FIGUEROA ST., LOS ANGELES, CA 90042-1245",LOS ANGELES,90042,SA 4,1127961_PD_ServiceArea_4.pdf,541
lacdmh-sa4-1933-529,OPTIMIST EAGLE ROCK,"1635 SILVER OAK TER, LOS ANGELES, CA 90041-3121",LOS ANGELES,90041,SA 4,1127961_PD_ServiceArea_4.pdf,545
lacdmh-sa4-7644-530,OUTREACH AND ENGAGEMENT PLANNING DIVISION,"695 S. VERMONT AVENUE 15TH FLOOR, LOS ANGELES, CA 90005-1349",LOS ANGELES,90005,SA 4,1127961_PD_ServiceArea_4.pdf,546
lacdmh-sa4-7749-531,PACIFIC CLINICS HOLLYWOOD,"815 N. EL CENTRO AVE., LOS ANGELES, CA 90038-3805",LOS ANGELES,90038,SA 4,1127961_PD_ServiceArea_4.pdf,547
lacdmh-sa4-19IY-532,PACIFIC CLINICS PORTALS,"679 S. NEW HAMPSHIRE AVE. STE. 400, LOS ANGELES, CA 90005-1355",LOS ANGELES,90005,SA 4,1127961_PD_ServiceArea_4.pdf,551
lacdmh-sa4-7794-533,PEI EARLY START - CHILD,"600 S COMMONWEALTH AVE 6TH FL, LOS ANGELES, CA 90005-4001",LOS ANGELES,90005,SA 4,1127961_PD_ServiceArea_4.pdf,569
lacdmh-sa4-19JQ-534,PMRT D,"510 S VERMONT AVE 21ST FL R 21M12, LOS ANGELES, CA 90020-1912",LOS ANGELES,90020,SA 4,1127961_PD_ServiceArea_4.pdf,570
lacdmh-sa4-19CC-535,PREVENT HOMELESSNESS PROMOTE HLTH,"222 S. HILL ST., 6TH FL. STE. 600, LOS ANGELES, CA 90012-3523",LOS ANGELES,90012,SA 4,1127961_PD_ServiceArea_4.pdf,574
lacdmh-sa4-7759-536,PROJECT 50 MENTAL HEALTH CLINIC,"521 S SAN PEDRO ST, LOS ANGELES, CA 90013-2148",LOS ANGELES,90013,SA 4,1127961_PD_ServiceArea_4.pdf,579
lacdmh-sa4-7213-537,RESIDENTIAL AND BRIDGING SERVICES,"510 S. VERMONT AVE. FL. 20, LOS ANGELES, CA 90020-1992",LOS ANGELES,90020,SA 4,1127961_PD_ServiceArea_4.pdf,580
lacdmh-sa4-8433-538,ROOT CARE HEALTH,"7083 HOLLYWOOD BLVD 4090, LOS ANGELES, CA 90028-8907",LOS ANGELES,90028,SA 4,1127961_PD_ServiceArea_4.pdf,589
lacdmh-sa4-19JX-539,SA 1 + 2 COMMUNITY REINTEGRATION,"919 1ST. ST., SAN FERNANDO, CA 91340-2957",SAN FERNANDO,91340,SA 4,1127961_PD_ServiceArea_4.pdf,590
lacdmh-sa4-7995-540,SA 3 COMMUNITY REINTEGRATION,"631-A MAPLE AVE, LOS ANGELES, CA 90014-2211",LOS ANGELES,90014,SA 4,1127961_PD_ServiceArea_4.pdf,594
lacdmh-sa4-19JW-541,SA 4 COMMUNITY REINTEGRATION,"5000 W. SUNSET BLVD. STE. 600, LOS ANGELES, CA 90027-5863",LOS ANGELES,90027,SA 4,1127961_PD_ServiceArea_4.pdf,605
lacdmh-sa4-7701-542,SA 4 HOME SKID ROW,"224 E. 6TH ST., LOS ANGELES, CA 90014-2119",LOS ANGELES,90014,SA 4,1127961_PD_ServiceArea_4.pdf,610
lacdmh-sa4-19IQ SA4-543,ENHANCED CARE MANAGEMENT,"3303 N. BROADWAY 4TH FL., LOS ANGELES, CA 90031-2803",LOS ANGELES,90031,SA 4,1127961_PD_ServiceArea_4.pdf,615
lacdmh-sa4-7924 SA4-544,HOME EAST TEAM,"222 S. HILL ST. FL. 5, LOS ANGELES, CA 90012-3508",LOS ANGELES,90012,SA 4,1127961_PD_ServiceArea_4.pdf,618
lacdmh-sa4-19MV SA4-545,HOME WEST TEAM,"222 S HILL ST 5TH FL, LOS ANGELES, CA 90012-3508",LOS ANGELES,90012,SA 4,1127961_PD_ServiceArea_4.pdf,626
lacdmh-sa4-19K9 SA4-546,INTERIM HOUSING OUTREACH PROGRAM,"655 MAPLE AVE, LOS ANGELES, CA 90014-2211",LOS ANGELES,90014,SA 4,1127961_PD_ServiceArea_4.pdf,631
lacdmh-sa4-1900 SA7-547,ENHANCED CARE MANAGEMENT,"550 S. VERMONT AVE., LOS ANGELES, CA 90020-1912",LOS ANGELES,90020,SA 4,1127961_PD_ServiceArea_4.pdf,652
lacdmh-sa4-8476-548,SHAO HUA YE MD INC,"416 W. LAS TUNAS DR. STE 205, SAN GABRIEL, CA 91776-1236",SAN GABRIEL,91776,SA 4,1127961_PD_ServiceArea_4.pdf,653
lacdmh-sa4-7773-549,SHARE DOWNTOWN,"425 S. BROADWAY, LOS ANGELES, CA 90013-1102",LOS ANGELES,90013,SA 4,1127961_PD_ServiceArea_4.pdf,655
lacdmh-sa4-19KQ-550,SKID ROW CONCIERGE,"631-A-MAPLE AVE., LOS ANGELES, CA 90014-2211",LOS ANGELES,90014,SA 4,1127961_PD_ServiceArea_4.pdf,659
lacdmh-sa4-7216-551,SMART,"100 W. 1ST ST. 6TH F. STE. 630, LOS ANGELES, CA 90012-4112",LOS ANGELES,90012,SA 4,1127961_PD_ServiceArea_4.pdf,663
lacdmh-sa4-7124-552,SPECIAL SERVICE FOR GROUPS A/P RECOVERY,"3530 WILSHIRE BLVD STE 1220, LOS ANGELES, CA 90010-2341",LOS ANGELES,90010,SA 4,1127961_PD_ServiceArea_4.pdf,676
lacdmh-sa4-7619-553,SPECIAL SERVICES FOR GROUPS/ALLIANCE,"515 COLUMBIA AVE. STE. 200, LOS ANGELES, CA 90017-1209",LOS ANGELES,90017,SA 4,1127961_PD_ServiceArea_4.pdf,681
lacdmh-sa4-7443-554,SPECIALIZED FOSTER CARE METRO NORTH,"1933 S. BROADWAY ST. 1ST FL. AND 6TH FL., LOS ANGELES, CA 90007-4501",LOS ANGELES,90007,SA 4,1127961_PD_ServiceArea_4.pdf,700
lacdmh-sa4-7795-555,SPECIALIZED FOSTER CARE WEST LOS ANGELES,"5757 WILSHIRE BLVD STE 200, LOS ANGELES, CA 90036-3682",LOS ANGELES,90036,SA 4,1127961_PD_ServiceArea_4.pdf,703
lacdmh-sa4-19LF-556,SSG APAIT,"3055 WILSHIRE BLVD SUITE 300, LOS ANGELES, CA 90010-1147",LOS ANGELES,90010,SA 4,1127961_PD_ServiceArea_4.pdf,706
lacdmh-sa4-7981-557,SSG KYCC,"3727 W 6TH ST STE 402, LOS ANGELES, CA 90020-5112",LOS ANGELES,90020,SA 4,1127961_PD_ServiceArea_4.pdf,720
lacdmh-sa4-7400-558,SSG PROJECT 180,"470 E 3RD STREET, LOS ANGELES, CA 90013-1629",LOS ANGELES,90013,SA 4,1127961_PD_ServiceArea_4.pdf,723
lacdmh-sa4-7985-559,SSG SILVER,"515 COLUMBIA AVE. STE. 100, LOS ANGELES, CA 90017-1209",LOS ANGELES,90017,SA 4,1127961_PD_ServiceArea_4.pdf,739
lacdmh-sa4-7112-560,SSG/BACUP LIFE CENTER,"515 COLUMBIA AVE. STE. 310, LOS ANGELES, CA 90017-1209",LOS ANGELES,90017,SA 4,1127961_PD_ServiceArea_4.pdf,753
lacdmh-sa4-7685-561,SSG-CHINATOWN SERVICE CENTER,"767 N HILL STREET NO 400, LOS ANGELES, CA 90012-2343",LOS ANGELES,90012,SA 4,1127961_PD_ServiceArea_4.pdf,756
lacdmh-sa4-7680-562,SSG-LITTLE TOKYO SERVICE CENTER,"231 E 3RD STREET SUITE G106, LOS ANGELES, CA 90013-1494",LOS ANGELES,90013,SA 4,1127961_PD_ServiceArea_4.pdf,758
lacdmh-sa4-7538-563,ST ANNE'S,"155 N. OCCIDENTAL BLVD. FL. 1 2 3, LOS ANGELES, CA 90026-4641",LOS ANGELES,90026,SA 4,1127961_PD_ServiceArea_4.pdf,761
lacdmh-sa4-19A1-564,ST ANNE'S STRTP,"155 N. OCCIDENTAL BLVD. FL. 1 2 3, LOS ANGELES, CA 90026-4641",LOS ANGELES,90026,SA 4,1127961_PD_ServiceArea_4.pdf,770
lacdmh-sa4-7503B-565,STAR VIEW COMMUNITY SERVICES,"1625 W OLYMPIC BLVD SUITE 600, LOS ANGELES, CA 90015-3809",LOS ANGELES,90015,SA 4,1127961_PD_ServiceArea_4.pdf,775
lacdmh-sa4-7805-566,STEP UP HOLLYWOOD,"6762 LEXINGTON AVENUE STE A, LOS ANGELES, CA 90038-1217",LOS ANGELES,90038,SA 4,1127961_PD_ServiceArea_4.pdf,796
lacdmh-sa4-8469-567,STEVE YANG NP NURSING CORP,"415 W. ROUTE 66 STE 202, GLENDORA, CA 91740-4335",GLENDORA,91740,SA 4,1127961_PD_ServiceArea_4.pdf,806
lacdmh-sa4-7278-568,SYCAMORES - HIGHLAND PARK,"840 N AVENUE 66, HIGHLAND PARK, CA 90042-1508",HIGHLAND PARK,90042,SA 4,1127961_PD_ServiceArea_4.pdf,808
lacdmh-sa4-7623-569,TAY NAVIGATION TEAM,"510 S. VERMONT AVE. 21ST FLOOR., LOS ANGELES, CA 90020-1992",LOS ANGELES,90020,SA 4,1127961_PD_ServiceArea_4.pdf,814
lacdmh-sa4-7844-570,TELECARE DOWNTOWN LOS ANGELES,"600 ST PAUL AVENUE STE 200, LOS ANGELES, CA 90017-2038",LOS ANGELES,90017,SA 4,1127961_PD_ServiceArea_4.pdf,820
lacdmh-sa4-7262-571,TELECARE LA ACT 4 OP,"3125 N. BROADWAY, LOS ANGELES, CA 90031-2703",LOS ANGELES,90031,SA 4,1127961_PD_ServiceArea_4.pdf,821
lacdmh-sa4-19LW-572,TELECARE LA JIMHCS,"3125 N BROADWAY, LOS ANGELES, CA 90031-2703",LOS ANGELES,90031,SA 4,1127961_PD_ServiceArea_4.pdf,826
lacdmh-sa4-19KC-573,TELECARE MAGNOLIA HOUSE,"1774 ZONAL AVE. BLDG. D, LOS ANGELES, CA 90033-1064",LOS ANGELES,90033,SA 4,1127961_PD_ServiceArea_4.pdf,832
lacdmh-sa4-19MJ-574,THE BRINE RESIDENTIAL,"3016 N MAIN ST, LOS ANGELES, CA 90031-2620",LOS ANGELES,90031,SA 4,1127961_PD_ServiceArea_4.pdf,835
lacdmh-sa4-7961-575,THE WELLNESS CENTER AND FIELD-BASED MHS,"345 S. SAN PEDRO ST., LOS ANGELES, CA 90013-1633",LOS ANGELES,90013,SA 4,1127961_PD_ServiceArea_4.pdf,837
lacdmh-sa4-19ES-576,THE WHOLE CHILD - MENTAL HEALTH + HOUSING SERVICES,"1801 LAKE SHORE AVE., LOS ANGELES, CA 90026-1715",LOS ANGELES,90026,SA 4,1127961_PD_ServiceArea_4.pdf,861
lacdmh-sa4-7414-577,UNITED AMERICAN INDIAN INVOLVEMENT INC,"1453 W TEMPLE ST, LOS ANGELES, CA 90026-9177",LOS ANGELES,90026,SA 4,1127961_PD_ServiceArea_4.pdf,862
lacdmh-sa4-19KP-578,VALLEY STAR LAC-USC CRTP,"1774 ZONAL AVE. BLDG. B, LOS ANGELES, CA 90033-1045",LOS ANGELES,90033,SA 4,1127961_PD_ServiceArea_4.pdf,866
lacdmh-sa4-7865-579,VETERAN + MILITARY FAMILY SERVICES,"1816 S. FIGUEROA ST. 6TH FL., LOS ANGELES, CA 90015-3422",LOS ANGELES,90015,SA 4,1127961_PD_ServiceArea_4.pdf,917
lacdmh-sa4-8093-580,VIGUEN MOVSESIAN MD INC,"3030 W. OLYMPIC BLVD 217, LOS ANGELES, CA 90006-6507",LOS ANGELES,90006,SA 4,1127961_PD_ServiceArea_4.pdf,926
lacdmh-sa4-7879-581,VIP COMMUNITY MENTAL HEALTH CENTER INC,"456 S MATHEWS ST THEODORE ROOSEVELT HS, LOS ANGELES, CA 90033-4326",LOS ANGELES,90033,SA 4,1127961_PD_ServiceArea_4.pdf,940
lacdmh-sa4-19FX-582,VIP EVERGREEN ELEMENTARY SCHOOL,"2730 GANAHL ST., LOS ANGELES, CA 90033-2019",LOS ANGELES,90033,SA 4,1127961_PD_ServiceArea_4.pdf,946
lacdmh-sa4-19EM-583,VIP FIRST STREET ELEMENTARY SCHOOL,"2820 E. 1ST ST., LOS ANGELES, CA 90033-3636",LOS ANGELES,90033,SA 4,1127961_PD_ServiceArea_4.pdf,948
lacdmh-sa4-7978-584,VIP SMIDT TECH HIGH SCHOOL,"211 SOUTH AVENUE 20, LOS ANGELES, CA 90031-2508",LOS ANGELES,90031,SA 4,1127961_PD_ServiceArea_4.pdf,950
lacdmh-sa4-7776-585,VISTA DEL MAR-SPA 4,"3333 WILSHIRE BLVD STE 604, LOS ANGELES, CA 90010-4106",LOS ANGELES,90010,SA 4,1127961_PD_ServiceArea_4.pdf,952
lacdmh-sa4-8140-586,WAGNER LILIET,"24509 WALNUT ST STE 201, NEWHALL, CA 91321-2846",NEWHALL,91321,SA 4,1127961_PD_ServiceArea_4.pdf,963
lacdmh-sa4-19A5-587,WHMET,"780 N SAN VINCENTE BLVD RM 127, WEST HOLLYWOOD, CA 90069-5021",WEST HOLLYWOOD,90069,SA 4,1127961_PD_ServiceArea_4.pdf,964
lacdmh-sa4-8063-588,ZLATOGOROV FAINA,"7531 SANTA MONICA BLVD. STE. 205, LOS ANGELES, CA 90046-6458",LOS ANGELES,90046,SA 4,1127961_PD_ServiceArea_4.pdf,966
lacdmh-sa5-8128-589,AHADDIAN SOHEIL,"9735 WILSHIRE BLVD. STE. 228, BEVERLY HILLS, CA 90212-2110",BEVERLY HILLS,90212,SA 5,1127962_PD_ServiceArea_5.pdf,6
lacdmh-sa5-7229-590,ALCOTT CENTER FOR MENTAL HEALTH SERVICES,"10559 JEFFERSON BLVD STE A D E, CULVER CITY, CA 90232-9023",CULVER CITY,90232,SA 5,1127962_PD_ServiceArea_5.pdf,8
lacdmh-sa5-8517-591,ALEXANDRIAN ARTIN,"510 S GRAND AVE 400, GLENDORA, CA 91741-4207",GLENDORA,91741,SA 5,1127962_PD_ServiceArea_5.pdf,16
lacdmh-sa5-7942-592,ASPIRANET 8,"3605 LONG BEACH BLVD STE 410, LONG BEACH, CA 90807-4026",LONG BEACH,90807,SA 5,1127962_PD_ServiceArea_5.pdf,18
lacdmh-sa5-19L7-593,BHMHET,"464 N REXFORD DR, BEVERLY HILLS, CA 90210-4873",BEVERLY HILLS,90210,SA 5,1127962_PD_ServiceArea_5.pdf,22
lacdmh-sa5-8008-594,BLAIR GEORGE,"2001 S. BARRINGTON AVE. STE. 204, LOS ANGELES, CA 90025",LOS ANGELES,90025,SA 5,1127962_PD_ServiceArea_5.pdf,24
lacdmh-sa5-8008-595,BLAIR GEORGE,"2001 S. BARRINGTON AVE. STE. 204, LOS ANGELES, CA 90025",LOS ANGELES,90025,SA 5,1127962_PD_ServiceArea_5.pdf,25
lacdmh-sa5-8300-596,BORKHEIM MARC,"864 S. ROBERTSON BLVD 104, LOS ANGELES, CA 90035-1622",LOS ANGELES,90035,SA 5,1127962_PD_ServiceArea_5.pdf,27
lacdmh-sa5-7984-597,CCMET,"4040 DUQUESNE AVE, CULVER CITY, CA 90232-2804",CULVER CITY,90232,SA 5,1127962_PD_ServiceArea_5.pdf,29
lacdmh-sa5-7178-598,CLOVERFIELD MENTAL HEALTH SERVICES,"1751 CLOVERFIELD BLVD., SANTA MONICA, CA 90404-4007",SANTA MONICA,90404,SA 5,1127962_PD_ServiceArea_5.pdf,31
lacdmh-sa5-00A347420-599,Community Mental Hlth Assoc,"132 N. WETHERLY DR., BEVERLY HILLS, CA 90210-1813",BEVERLY HILLS,90210,SA 5,1127962_PD_ServiceArea_5.pdf,34
lacdmh-sa5-7357-600,DIDI HIRSCH CMHC CULVER PALMS CENTER,"11133 WASHINGTON BLVD, CULVER CITY, CA 90230-3918",CULVER CITY,90230,SA 5,1127962_PD_ServiceArea_5.pdf,35
lacdmh-sa5-7110-601,DIDI HIRSCH CMHC PROJECT JUMP STREET,"1233 S. LA CIENEGA BLVD., LOS ANGELES, CA 90035-2520",LOS ANGELES,90035,SA 5,1127962_PD_ServiceArea_5.pdf,36
lacdmh-sa5-1973-602,DIDI HIRSCH COMMUNITY MENTAL HEALTH CTR,"4760 S. SEPULVEDA BLVD., CULVER CITY, CA 90230-4820",CULVER CITY,90230,SA 5,1127962_PD_ServiceArea_5.pdf,38
lacdmh-sa5-7631-603,DMH SA 5 NAVIGATION TEAM,"11303 W WASHINGTON BLVD STE 200, LOS ANGELES, CA 90066-6003",LOS ANGELES,90066,SA 5,1127962_PD_ServiceArea_5.pdf,47
lacdmh-sa5-19AB-604,EDELMAN - SANTA MONICA HIGH SCH,"601 PICO BLVD, SANTA MONICA, CA 90405-1224",SANTA MONICA,90405,SA 5,1127962_PD_ServiceArea_5.pdf,48
lacdmh-sa5-19LS-605,EDELMAN WESTSIDE MHC - FSP,"5860 UPLANDER WAY, CULVER CITY, CA 90230-6608",CULVER CITY,90230,SA 5,1127962_PD_ServiceArea_5.pdf,50
lacdmh-sa5-1906-606,EDMUND D. EDELMAN WESTSIDE MHC,"5860 UPLANDER WY, CULVER CITY, CA 90230-6608",CULVER CITY,90230,SA 5,1127962_PD_ServiceArea_5.pdf,53
lacdmh-sa5-7191-607,EDMUND D. EDELMAN WESTSIDE MHC CHILD + FAMILY,"11303 W. WASHINGTON BLVD. STE. 200, LOS ANGELES, CA 90066-6003",LOS ANGELES,90066,SA 5,1127962_PD_ServiceArea_5.pdf,68
lacdmh-sa5-19LM-608,EDMUND D. EDELMAN WESTSIDE MHC CHILD + FAMILY - FSP,"11303 W WASHINGTON BLVD 200, LOS ANGELES, CA 90066-6003",LOS ANGELES,90066,SA 5,1127962_PD_ServiceArea_5.pdf,73
lacdmh-sa5-8073-609,EGHRARI HALEH,"1314 WESTWOOD BLVD. STE. 206, LOS ANGELES, CA 90024-4928",LOS ANGELES,90024,SA 5,1127962_PD_ServiceArea_5.pdf,76
lacdmh-sa5-7475-610,EOTD CRISIS + HOMELESS EDELMAN,"11303 W WASHINGTON BLVD 2ND FL, LOS ANGELES, CA 90066-6003",LOS ANGELES,90066,SA 5,1127962_PD_ServiceArea_5.pdf,77
lacdmh-sa5-190I-611,EXODUS RECOVERY INC,"3754-56 OVERLAND AVENUE, LOS ANGELES, CA 90034-6312",LOS ANGELES,90034,SA 5,1127962_PD_ServiceArea_5.pdf,84
lacdmh-sa5-7871-612,EXODUS RECOVERY INC,"9808 VENICE BLVD SUITE 300 AND PATIO, CULVER CITY, CA 90232-2750",CULVER CITY,90232,SA 5,1127962_PD_ServiceArea_5.pdf,89
lacdmh-sa5-7646-613,EXODUS RECOVERY INC-OP,"10811 W. WASHINGTON BLVD. STE. 300, CULVER CITY, CA 90232-3619",CULVER CITY,90232,SA 5,1127962_PD_ServiceArea_5.pdf,91
lacdmh-sa5-7797X-614,"EXODUS RECOVERY, INC. WESTSIDE","11444 W WASHINGTON BLVD, STE D, LOS ANGELES, CA 90066-6024",LOS ANGELES,90066,SA 5,1127962_PD_ServiceArea_5.pdf,98
lacdmh-sa5-7429-615,FAMILY SERVICES OF SANTA MONICA-A DIVISION OF VISTA DEL MAR,"1533 EUCLID ST., SANTA MONICA, CA 90404-3306",SANTA MONICA,90404,SA 5,1127962_PD_ServiceArea_5.pdf,123
lacdmh-sa5-8151-616,GODDARD LAURA,"18411 CRENSHAW BLVD 412, TORRANCE, CA 90504-1919",TORRANCE,90504,SA 5,1127962_PD_ServiceArea_5.pdf,128
lacdmh-sa5-7245A-617,HOMES FOR LIFE FOUNDATION-MADISON HOUSE,"8939 S SEPULVEDA BLVDSTE 460, LOS ANGELES, CA 90045-3631",LOS ANGELES,90045,SA 5,1127962_PD_ServiceArea_5.pdf,130
lacdmh-sa5-7693-618,JEWISH FAMILY SERVICE OF LOS ANGELES,"8838 W PICO BLVD, LOS ANGELES, CA 90035-3302",LOS ANGELES,90035,SA 5,1127962_PD_ServiceArea_5.pdf,131
lacdmh-sa5-8028-619,KARR ELAINE,"11850 WILSHIRE BOULEVARD, LOS ANGELES, CA 90025-6629",LOS ANGELES,90025,SA 5,1127962_PD_ServiceArea_5.pdf,135
lacdmh-sa5-8033-620,LAVRETSKY ELEANOR,"462 N. LINDEN DR. STE. 230, BEVERLY HILLS, CA 90212-2264",BEVERLY HILLS,90212,SA 5,1127962_PD_ServiceArea_5.pdf,136
lacdmh-sa5-1944-621,LAWAMET,"9160 LOYOLA BLVD., LOS ANGELES, CA 90045-3576",LOS ANGELES,90045,SA 5,1127962_PD_ServiceArea_5.pdf,138
lacdmh-sa5-8494-622,LYNCH NASIM,"2001 S. BARRINGTON 204, LOS ANGELES, CA 90025-5385",LOS ANGELES,90025,SA 5,1127962_PD_ServiceArea_5.pdf,141
lacdmh-sa5-8110-623,MARKIE ALAN,"466 FOOTHILL BLVD. STE. 391, LA CANADA, CA 91011-3518",LA CANADA,91011,SA 5,1127962_PD_ServiceArea_5.pdf,143
lacdmh-sa5-8104-624,MARKLEY KEITH,"1617 REDESDALE AVE., LOS ANGELES, CA 90026-1653",LOS ANGELES,90026,SA 5,1127962_PD_ServiceArea_5.pdf,144
lacdmh-sa5-19O8-625,MARTIN LUTHER KING JR. COMMUNITY HOSPITAL,"1680 E 120TH ST, LOS ANGELES, CA 90059-3026",LOS ANGELES,90059,SA 5,1127962_PD_ServiceArea_5.pdf,145
lacdmh-sa5-8487-626,MATLOOB AFSANEH,"1293 S. BEVERLY GLEN BLVD 308, LOS ANGELES, CA 90024-5252",LOS ANGELES,90024,SA 5,1127962_PD_ServiceArea_5.pdf,146
lacdmh-sa5-0059R-627,MEADOW BROOK MANOR,"3951 EAST BLVD., LOS ANGELES, CA 90066-4605",LOS ANGELES,90066,SA 5,1127962_PD_ServiceArea_5.pdf,147
lacdmh-sa5-8515-628,MIRAMINDS HOLISTIC CARE INC,"21515 HAWTHORNE BLVD SUITE 200, TORRANCE, CA 90503-6512",TORRANCE,90503,SA 5,1127962_PD_ServiceArea_5.pdf,148
lacdmh-sa5-7515-629,NDVETS VOC,"11303 WILSHIRE BLVD.VA BLDG. 116, LOS ANGELES, CA 90025-5069",LOS ANGELES,90025,SA 5,1127962_PD_ServiceArea_5.pdf,150
lacdmh-sa5-7909-630,NDVETS VOCN,"11301 WILSHIRE BLVD VA BLDG 257, LOS ANGELES, CA 90073-1003",LOS ANGELES,90073,SA 5,1127962_PD_ServiceArea_5.pdf,153
lacdmh-sa5-8234-631,NOW I SEE A PERSON IN CORP,"1440 REEVES ST. 101, LOS ANGELES, CA 90035-2950",LOS ANGELES,90035,SA 5,1127962_PD_ServiceArea_5.pdf,154
lacdmh-sa5-7820-632,OLYMPIC MENTAL HEALTH SERVICES,"503 OLYMPIC BLVD., SANTA MONICA, CA 90401-3311",SANTA MONICA,90401,SA 5,1127962_PD_ServiceArea_5.pdf,156
lacdmh-sa5-7272-633,PACIFIC ASIAN COUNSELING SERVICES L.A.,"8616 LA TIJERA BLVD STE 200, LOS ANGELES, CA 90045-3945",LOS ANGELES,90045,SA 5,1127962_PD_ServiceArea_5.pdf,158
lacdmh-sa5-8325-634,PANTEA FARHADI,"8631 W. 3RD ST. STE. W1065, LOS ANGELES, CA 90048-5901",LOS ANGELES,90048,SA 5,1127962_PD_ServiceArea_5.pdf,163
lacdmh-sa5-6792-635,PROVIDENCE SAINT JOHNS HEALTH CID,"1339 20TH ST., SANTA MONICA, CA 90404-2033",SANTA MONICA,90404,SA 5,1127962_PD_ServiceArea_5.pdf,165
lacdmh-sa5-6773-636,PROVIDENCE SAINT JOHNS HEALTH COP,"1339 20TH ST., SANTA MONICA, CA 90404-2033",SANTA MONICA,90404,SA 5,1127962_PD_ServiceArea_5.pdf,167
lacdmh-sa5-8339-637,RABIZADEH FARIBA,"12304 SANTA MONICA BLVD SUITE 310, LOS ANGELES, CA 90025-2551",LOS ANGELES,90025,SA 5,1127962_PD_ServiceArea_5.pdf,177
lacdmh-sa5-19IM SA5-638,ENHANCED CARE MANAGEMENT,"11080 W OLYMPIC BLVD 3RD FL, LOS ANGELES, CA 90064-1937",LOS ANGELES,90064,SA 5,1127962_PD_ServiceArea_5.pdf,178
lacdmh-sa5-19MW SA5-639,HOME NORTH TEAM,"11080 W OLYMPIC BLVD 2ND FL, LOS ANGELES, CA 90064-1937",LOS ANGELES,90064,SA 5,1127962_PD_ServiceArea_5.pdf,180
lacdmh-sa5-7934 SA5-640,HOME SOUTH TEAM,"11080 W OLYMPIC BLVD FL 2, LOS ANGELES, CA 90064-1937",LOS ANGELES,90064,SA 5,1127962_PD_ServiceArea_5.pdf,186
lacdmh-sa5-19O2 SA5-641,INTERIM HOUSING OUTREACH PGM,"11080 W OLYMPIC BLVD 4TH FL, LOS ANGELES, CA 90064-1937",LOS ANGELES,90064,SA 5,1127962_PD_ServiceArea_5.pdf,193
lacdmh-sa5-PSY138592-642,"SALFAS, SHARON","11911 SAN VICENTE BLVD, LOS ANGELES, CA 90049",LOS ANGELES,90049,SA 5,1127962_PD_ServiceArea_5.pdf,194
lacdmh-sa5-7596-643,SHARE CULVER CITY,"6666 GREEN VALLEY CIR., CULVER CITY, CA 90230-7068",CULVER CITY,90230,SA 5,1127962_PD_ServiceArea_5.pdf,195
lacdmh-sa5-7657-644,SSG-PACS (PACIFIC ASIAN COUNSELING SERVICES),"8616 LA TIJERA BLVD SUITE 200, LOS ANGELES, CA 90045-3944",LOS ANGELES,90045,SA 5,1127962_PD_ServiceArea_5.pdf,203
lacdmh-sa5-7842-645,ST JOSEPH CENTER,"1450 20TH STREET, SANTA MONICA, CA 90404-2906",SANTA MONICA,90404,SA 5,1127962_PD_ServiceArea_5.pdf,209
lacdmh-sa5-7114-646,ST. JOSEPH CENTER,"204 HAMPTON DRIVE, VENICE, CA 90291-2623",VENICE,90291,SA 5,1127962_PD_ServiceArea_5.pdf,213
lacdmh-sa5-7762-647,ST. JOSEPH CENTER HOMELESS SERVICE,"404 LINCOLN BLVD, VENICE, CA 90291-2829",VENICE,90291,SA 5,1127962_PD_ServiceArea_5.pdf,217
lacdmh-sa5-7099-648,STEP UP ON SECOND STREET,"1328 SECOND STREET, SANTA MONICA, CA 90401-1122",SANTA MONICA,90401,SA 5,1127962_PD_ServiceArea_5.pdf,220
lacdmh-sa5-7525-649,STEP UP ON SECOND STREET DANIELS PLACE,"1619 SANTA MONICA BLVD, SANTA MONICA, CA 90404-1807",SANTA MONICA,90404,SA 5,1127962_PD_ServiceArea_5.pdf,225
lacdmh-sa5-19KT-650,"STEP UP ON SECOND STREET, INC","3745 OVERLAND AVE., LOS ANGELES, CA 90034-6311",LOS ANGELES,90034,SA 5,1127962_PD_ServiceArea_5.pdf,226
lacdmh-sa5-7394-651,THE HELP GROUP CHILD AND FAMILY CENTER,"12099 W. WASHINGTON BLVD., LOS ANGELES, CA 90066-5882",LOS ANGELES,90066,SA 5,1127962_PD_ServiceArea_5.pdf,231
lacdmh-sa5-19JP-652,THERAPEUTIC TRANSPORTATION-FS59,"11505 W. OLYMPIC BLVD., LOS ANGELES, CA 90064-1508",LOS ANGELES,90064,SA 5,1127962_PD_ServiceArea_5.pdf,239
lacdmh-sa5-19LN-653,THERAPEUTIC TRANSPORTATION-SM,"1444 7TH ST, SANTA MONICA, CA 90401-2604",SANTA MONICA,90401,SA 5,1127962_PD_ServiceArea_5.pdf,242
lacdmh-sa5-8058-654,UCLA NEUROPSYCH BEHAV SVCS,"10920 WILSHIRE BLVD. STE. 1010, LOS ANGELES, CA 90024-6502",LOS ANGELES,90024,SA 5,1127962_PD_ServiceArea_5.pdf,244
lacdmh-sa5-19KH-655,UCLA TELE-MENTAL HEALTH HUB,"740 WESTWOOD PLAZA ROOM A8-216, LOS ANGELES, CA 90005-1759",LOS ANGELES,90005,SA 5,1127962_PD_ServiceArea_5.pdf,269
lacdmh-sa5-7789-656,UCLA TIES FOR FAMILIES,"1033 GAYLEY AVENUE STE 204, LOS ANGELES, CA 90024-3417",LOS ANGELES,90024,SA 5,1127962_PD_ServiceArea_5.pdf,273
lacdmh-sa5-19M2-657,VETERAN + MIL FAM SVCS SA 2 + 5,"11080 W OLYMPIC BLVD, LOS ANGELES, CA 90064-1937",LOS ANGELES,90064,SA 5,1127962_PD_ServiceArea_5.pdf,284
lacdmh-sa5-1997-658,VISTA DEL MAR CH + FAM STRTP,"3321 EDITH ST, LOS ANGELES, CA 90064-4736",LOS ANGELES,90064,SA 5,1127962_PD_ServiceArea_5.pdf,288
lacdmh-sa5-7196-659,VISTA DEL MAR CHILD + FAMILY SERVICES,"3200 MOTOR AVENUE, LOS ANGELES, CA 90034-3710",LOS ANGELES,90034,SA 5,1127962_PD_ServiceArea_5.pdf,296
lacdmh-sa5-19EX-660,VISTA-SANTA MONICA HIGH SCH,"601 PICO BLVD. AD 508-513, SANTA MONICA, CA 90405-1224",SANTA MONICA,90405,SA 5,1127962_PD_ServiceArea_5.pdf,319
lacdmh-sa5-19JC-661,WELLNEST GOLDLEAF,"5120 W. GOLDLEAF CIR. STE. 300, LOS ANGELES, CA 90056-1293",LOS ANGELES,90056,SA 5,1127962_PD_ServiceArea_5.pdf,322
lacdmh-sa5-7847-662,WEST SIDE MENTAL HEALTH SERVICES,"1749 14TH ST., SANTA MONICA, CA 90404-4342",SANTA MONICA,90404,SA 5,1127962_PD_ServiceArea_5.pdf,323
lacdmh-sa5-8069-663,WONG JON,"8306 WILSHIRE BLVD. STE. 501, BEVERLY HILLS, CA 90211-2382",BEVERLY HILLS,90211,SA 5,1127962_PD_ServiceArea_5.pdf,330
lacdmh-sa5-8062-664,YOUNG JEANNE,"10801 NATIONAL BLVD SUITE 240, LOS ANGELES, CA 90064-4141",LOS ANGELES,90064,SA 5,1127962_PD_ServiceArea_5.pdf,332
lacdmh-sa6-7348 1736-665,FAMILY CRISIS CENTER,"2116 ARLINGTON AVE. STE. 200, LOS ANGELES, CA 90018-1336",LOS ANGELES,90018,SA 6,1127963_PD_ServiceArea_6.pdf,6
lacdmh-sa6-19LR 19LRA-666,"CHILDRENS INSTITUTE, INC","325 E 111TH ST, LOS ANGELES, CA 90061-3003",LOS ANGELES,90061,SA 6,1127963_PD_ServiceArea_6.pdf,8
lacdmh-sa6-19KU-667,A BRIGHTER DAY - BRANDY HOUSE,"407 408 409 W 103RD ST, LOS ANGELES, CA 90003-4405",LOS ANGELES,90003,SA 6,1127963_PD_ServiceArea_6.pdf,10
lacdmh-sa6-8458-668,ACKERMAN EMILY,"415 W. ROUTE 66 STE 202, GLENDORA, CA 91740-4335",GLENDORA,91740,SA 6,1127963_PD_ServiceArea_6.pdf,12
lacdmh-sa6-7558-669,AFH CRISIS RESOLUTION SERVICES (CRS),"12021 S WILMINGTON AVE, LOS ANGELES, CA 90059-3019",LOS ANGELES,90059,SA 6,1127963_PD_ServiceArea_6.pdf,14
lacdmh-sa6-7655-670,ALAFIA MENTAL HEALTH INSTITUTE,"3756 SANTA ROSALIA DR STE 628, LOS ANGELES, CA 90008-3606",LOS ANGELES,90008,SA 6,1127963_PD_ServiceArea_6.pdf,19
lacdmh-sa6-8483-671,ALEXANIAN LUKAS,"1560 E. CHEVY CHASE DR. STE. 130, GLENDALE, CA 91206-4140",GLENDALE,91206,SA 6,1127963_PD_ServiceArea_6.pdf,25
lacdmh-sa6-8440-672,ALLENS COUNSELING & CONS,"5631 S. LACIENEGA BLVD, LOS ANGELES, CA 90056-1333",LOS ANGELES,90056,SA 6,1127963_PD_ServiceArea_6.pdf,27
lacdmh-sa6-6864L-673,AUGUSTUS F HAWKINS FAMILY MHS,"12021 S WILMINGTON AVE STE 2D, LOS ANGELES, CA 90059-3019",LOS ANGELES,90059,SA 6,1127963_PD_ServiceArea_6.pdf,28
lacdmh-sa6-19LV-674,AUGUSTUS F. HAWKINS MHC - FSP,"12021 S WILMINGTON AVE BLDG 18, LOS ANGELES, CA 90059-3019",LOS ANGELES,90059,SA 6,1127963_PD_ServiceArea_6.pdf,43
lacdmh-sa6-7733-675,AVIS AND MARK RIDLEY-THOMAS LIFE LEARNING CENTER (LLC),"5054 S. VERMONT AVE., LOS ANGELES, CA 90037-2946",LOS ANGELES,90037,SA 6,1127963_PD_ServiceArea_6.pdf,48
lacdmh-sa6-7936-676,AVIVA FAMILY AND CHILDREN'S SERVICES,"3680 E. IMPERIAL HWY. STE. 520, LYNWOOD, CA 90262-2697",LYNWOOD,90262,SA 6,1127963_PD_ServiceArea_6.pdf,53
lacdmh-sa6-7218-677,BARBOUR + FLOYD MEDICAL ASSOCIATES,"2640 INDUSTRY WAY SUITE B, LYNWOOD, CA 90262-4000",LYNWOOD,90262,SA 6,1127963_PD_ServiceArea_6.pdf,58
lacdmh-sa6-7939-678,BAYFRONT YOUTH AND FAMILY SERVICES,"16444 PARAMOUNT BLVD STE 203, PARAMOUNT, CA 90723-5454",PARAMOUNT,90723,SA 6,1127963_PD_ServiceArea_6.pdf,66
lacdmh-sa6-8009-679,BRAND JONATHAN,"3630 E IMPERIAL HWY, LYNWOOD, CA 90262-2636",LYNWOOD,90262,SA 6,1127963_PD_ServiceArea_6.pdf,73
lacdmh-sa6-7972-680,CA MENTOR,"3756 SANTA ROSALIA DR STE 424, LOS ANGELES, CA 90008-3614",LOS ANGELES,90008,SA 6,1127963_PD_ServiceArea_6.pdf,74
lacdmh-sa6-8114-681,CARLSON PETER,"23210 CRENSHAW BLVD SUITE 100, TORRANCE, CA 90505-9998",TORRANCE,90505,SA 6,1127963_PD_ServiceArea_6.pdf,88
lacdmh-sa6-7782-682,CHILDREN'S BUREAU OF SOUTHERN CALIFORNIA MAGNOLIA PLACE,"1910 MAGNOLIA AVENUE, LOS ANGELES, CA 90007-1220",LOS ANGELES,90007,SA 6,1127963_PD_ServiceArea_6.pdf,90
lacdmh-sa6-19L3-683,CHILDREN'S INSTITUTE INC,"12226 S WESTERN AVE, LOS ANGELES, CA 90047-5240",LOS ANGELES,90047,SA 6,1127963_PD_ServiceArea_6.pdf,95
lacdmh-sa6-19CE-684,"CHILDREN'S INSTITUTE, INC.","1963 E. 103RD. ST., LOS ANGELES, CA 90002-3123",LOS ANGELES,90002,SA 6,1127963_PD_ServiceArea_6.pdf,98
lacdmh-sa6-7736-685,"CHILDREN'S INSTITUTE, INC.","10200 SUCCESS AVE., LOS ANGELES, CA 90002-3338",LOS ANGELES,90002,SA 6,1127963_PD_ServiceArea_6.pdf,102
lacdmh-sa6-1938-686,COMPTON FAMILY MHS,"921 E. COMPTON BLVD., COMPTON, CA 90221-3303",COMPTON,90221,SA 6,1127963_PD_ServiceArea_6.pdf,120
lacdmh-sa6-7707-687,COMPTON MHC-FSP PROGRAM,"921 E COMPTON BLVD 1ST FLR, COMPTON, CA 90221-3303",COMPTON,90221,SA 6,1127963_PD_ServiceArea_6.pdf,129
lacdmh-sa6-19JD-688,CRTP SSG FLORENCE HOUSE,"8627 JUNIPER ST., LOS ANGELES, CA 90002-1539",LOS ANGELES,90002,SA 6,1127963_PD_ServiceArea_6.pdf,132
lacdmh-sa6-19D3-689,DANGERFIELD HOME #1,"4915 11TH AVE., LOS ANGELES, CA 90043-4847",LOS ANGELES,90043,SA 6,1127963_PD_ServiceArea_6.pdf,138
lacdmh-sa6-19F1-690,DANGERFIELD HOME #2,"1537 W. 49TH ST., LOS ANGELES, CA 90062-2451",LOS ANGELES,90062,SA 6,1127963_PD_ServiceArea_6.pdf,141
lacdmh-sa6-19EZ-691,DANGERFIELD HOME #3,"1762 W. 42ND ST., LOS ANGELES, CA 90062-1526",LOS ANGELES,90062,SA 6,1127963_PD_ServiceArea_6.pdf,143
lacdmh-sa6-19EY-692,DANGERFIELD HOME #4,"4173 2ND AVE., LOS ANGELES, CA 90008-4041",LOS ANGELES,90008,SA 6,1127963_PD_ServiceArea_6.pdf,145
lacdmh-sa6-19GI-693,DIDI HIRSCH AT ALLIANCE BURTON TECH,"10101 S. BROADWAY, LOS ANGELES, CA 90003-4534",LOS ANGELES,90003,SA 6,1127963_PD_ServiceArea_6.pdf,148
lacdmh-sa6-19GB-694,DIDI HIRSCH AT ALLIANCE CRMA4,"9179 S. MAIN ST., LOS ANGELES, CA 90003-4135",LOS ANGELES,90003,SA 6,1127963_PD_ServiceArea_6.pdf,150
lacdmh-sa6-19DL-695,DIDI HIRSCH AT ALLIANCE PBS,"8515 KANSAS AVE., LOS ANGELES, CA 90044-3496",LOS ANGELES,90044,SA 6,1127963_PD_ServiceArea_6.pdf,151
lacdmh-sa6-19HS-696,DIDI HIRSCH AT CNCA CASTELLANOS,"1723 CORDOVA ST., LOS ANGELES, CA 90007-1114",LOS ANGELES,90007,SA 6,1127963_PD_ServiceArea_6.pdf,152
lacdmh-sa6-19DZ-697,DIDI HIRSCH AT HOOVER ES,"2726 FRANCIS AVE. RM 16, LOS ANGELES, CA 90005-1252",LOS ANGELES,90005,SA 6,1127963_PD_ServiceArea_6.pdf,153
lacdmh-sa6-7423-698,DIDI HIRSCH TAPER CENTER,"1328 WEST MANCHESTER AVENUE, LOS ANGELES, CA 90044-2240",LOS ANGELES,90044,SA 6,1127963_PD_ServiceArea_6.pdf,154
lacdmh-sa6-7535-699,DREW CHILD DEVELOPMENT CORPORATION,"1770 EAST 118TH STREET, LOS ANGELES, CA 90059-2518",LOS ANGELES,90059,SA 6,1127963_PD_ServiceArea_6.pdf,161
lacdmh-sa6-7476-700,EOTD CRISIS HOMELESS-AUGUSTUS HAWKINS,"1720 E 120TH ST RM 1172, LOS ANGELES, CA 90059-3052",LOS ANGELES,90059,SA 6,1127963_PD_ServiceArea_6.pdf,168
lacdmh-sa6-19D9-701,EXODUS CENTRAL FSP,"3737 MARTIN LUTHER KING JR BLVD STE 515, LYNWOOD, CA 90262-3517",LYNWOOD,90262,SA 6,1127963_PD_ServiceArea_6.pdf,172
lacdmh-sa6-7911-702,EXODUS FOUNDATION FOR RECOVERY,"12021 S WILMINGTON AVE 2ND FL IC1 TO IC7, LOS ANGELES, CA 90059-3019",LOS ANGELES,90059,SA 6,1127963_PD_ServiceArea_6.pdf,176
lacdmh-sa6-19ML-703,EXODUS HSSP,"3737 MARTIN LUTHER KING JR BLVD STE 550, LYNWOOD, CA 90262-3536",LYNWOOD,90262,SA 6,1127963_PD_ServiceArea_6.pdf,177
lacdmh-sa6-19AP-704,EXODUS MLK ICC CTT,"12021 S. WILMINGTON AVE. STE. 100, LOS ANGELES, CA 90059-3019",LOS ANGELES,90059,SA 6,1127963_PD_ServiceArea_6.pdf,179
lacdmh-sa6-7385-705,EXODUS RECOVERY INC,"8401 SOUTH VERMONT AVENUE, LOS ANGELES, CA 90044-3423",LOS ANGELES,90044,SA 6,1127963_PD_ServiceArea_6.pdf,183
lacdmh-sa6-7958-706,EXODUS RECOVERY INC,"11460 S NORMANDIE AVE, LOS ANGELES, CA 90044-1215",LOS ANGELES,90044,SA 6,1127963_PD_ServiceArea_6.pdf,187
lacdmh-sa6-19ASX-707,EXODUS UCC AT MLK,"12021 WILMINGTON AVE BLDG 18, LOS ANGELES, CA 90059-3019",LOS ANGELES,90059,SA 6,1127963_PD_ServiceArea_6.pdf,191
lacdmh-sa6-8123-708,HOFFMAN ERCELL,"4034 ELIZABETH STREET, COMPTON, CA 90221-4672",COMPTON,90221,SA 6,1127963_PD_ServiceArea_6.pdf,226
lacdmh-sa6-8499-709,HORIZON COMMUNITY MENTAL,"848 W. LANCASTER BLVD STE 102, LANCASTER, CA 93534-2347",LANCASTER,93534,SA 6,1127963_PD_ServiceArea_6.pdf,228
lacdmh-sa6-19HH-710,HSCFS - STELLA HIGH,"1600 W. IMPERIAL HWY, LOS ANGELES, CA 90047-4810",LOS ANGELES,90047,SA 6,1127963_PD_ServiceArea_6.pdf,230
lacdmh-sa6-19GU-711,HSCFS- 20TH STREET ELEMENTARY SCHOOL,"1353 E. 20TH ST., LOS ANGELES, CA 90011-1226",LOS ANGELES,90011,SA 6,1127963_PD_ServiceArea_6.pdf,232
lacdmh-sa6-7916-712,JACQUELINE AVANT WELLBEING CENTER MEDICAL HUB,"1741 E. 120TH ST. 1ST FL., LOS ANGELES, CA 90059-3051",LOS ANGELES,90059,SA 6,1127963_PD_ServiceArea_6.pdf,234
lacdmh-sa6-8457-713,JEROMY ASIDO NP PSYCH SVC,"415 W. ROUTE 66 STE 202, GLENDORA, CA 91740-4335",GLENDORA,91740,SA 6,1127963_PD_ServiceArea_6.pdf,237
lacdmh-sa6-8502-714,K. PHUN MEDICAL CLINIC,"2418 SAN GABRIEL BLVD, ROSEMEAD, CA 91770-3648",ROSEMEAD,91770,SA 6,1127963_PD_ServiceArea_6.pdf,239
lacdmh-sa6-8506-715,KAMRON FARIBA DO INC 20A227600,"415 WEST ROUTE 66 STE 202, GLENDORA, CA 91740-4335",GLENDORA,91740,SA 6,1127963_PD_ServiceArea_6.pdf,241
lacdmh-sa6-8222-716,KANTOR WILLIAM,"5122 VERONICA ST, LOS ANGELES, CA 90008-1123",LOS ANGELES,90008,SA 6,1127963_PD_ServiceArea_6.pdf,243
lacdmh-sa6-8446-717,"KARUN GOGNA, MD INC","415 W. ROUTE 66 STE 202, GLENDORA, CA 91740-4335",GLENDORA,91740,SA 6,1127963_PD_ServiceArea_6.pdf,244
lacdmh-sa6-7080-718,KEDREN COMMUNITY MENTAL HEALTH CENTER,"4211 SOUTH AVALON BLVD, LOS ANGELES, CA 90011-5622",LOS ANGELES,90011,SA 6,1127963_PD_ServiceArea_6.pdf,247
lacdmh-sa6-7577-719,KEDREN COMMUNITY MENTAL HEALTH CENTER,"710 E.111TH PLACE, LOS ANGELES, CA 90059-1518",LOS ANGELES,90059,SA 6,1127963_PD_ServiceArea_6.pdf,264
lacdmh-sa6-7876-720,KEDREN COMMUNITY MENTAL HEALTH CENTER INC,"3800 S FIGUEROA STREET, LOS ANGELES, CA 90037-1206",LOS ANGELES,90037,SA 6,1127963_PD_ServiceArea_6.pdf,273
lacdmh-sa6-7265-721,L.A. CHILD GUIDANCE CLINIC FAMILIES IN TOUCH,"3031 S. VERMONT AVE., LOS ANGELES, CA 90007-3033",LOS ANGELES,90007,SA 6,1127963_PD_ServiceArea_6.pdf,276
lacdmh-sa6-0057-722,LA PAZ GEROPSYCHIATRIC CENTER,"8835 VANS ST., PARAMOUNT, CA 90723-4656",PARAMOUNT,90723,SA 6,1127963_PD_ServiceArea_6.pdf,283
lacdmh-sa6-8510-723,LA THERAPY AND COUNSELING,"800 S. VICTORY BLVD STE 106, BURBANK, CA 91502-2489",BURBANK,91502,SA 6,1127963_PD_ServiceArea_6.pdf,284
lacdmh-sa6-7211-724,LAUSD 97TH STREET SCHOOL MH CLINIC,"439 W 97TH ST, LOS ANGELES, CA 90003-3968",LOS ANGELES,90003,SA 6,1127963_PD_ServiceArea_6.pdf,286
lacdmh-sa6-7211X-725,LAUSD 97TH STREET SCHOOL MH CLINIC,"439 W 97TH ST, LOS ANGELES, CA 90003-3968",LOS ANGELES,90003,SA 6,1127963_PD_ServiceArea_6.pdf,424
lacdmh-sa6-7974-726,LOCKE WELLNESS CENTER,"316 E 111TH ST, LOS ANGELES, CA 90061-3004",LOS ANGELES,90061,SA 6,1127963_PD_ServiceArea_6.pdf,425
lacdmh-sa6-7974X-727,LOCKE WELLNESS CENTER,"316 E 111TH ST, LOS ANGELES, CA 90061-3004",LOS ANGELES,90061,SA 6,1127963_PD_ServiceArea_6.pdf,427
lacdmh-sa6-8449-728,"LORENA FUENTES,NP PSYCH NURS","415 W. ROUTE 66 STE 202, GLENDORA, CA 91740-4335",GLENDORA,91740,SA 6,1127963_PD_ServiceArea_6.pdf,428
lacdmh-sa6-6870-729,LOS ANGELES CHILD GUIDANCE CLINIC,"3787 S. VERMONT AVE., LOS ANGELES, CA 90007-4203",LOS ANGELES,90007,SA 6,1127963_PD_ServiceArea_6.pdf,430
lacdmh-sa6-8243-730,LOWE JOANNE,"1156 BRONSON AVE, LOS ANGELES, CA 90019-3235",LOS ANGELES,90019,SA 6,1127963_PD_ServiceArea_6.pdf,445
lacdmh-sa6-8185-731,MANGASEP CONCEPCION,"7661 PUERTO RICO DRIVE, BUENA PARK, CA 90620-1270",BUENA PARK,90620,SA 6,1127963_PD_ServiceArea_6.pdf,446
lacdmh-sa6-19GJ-732,MANN UCLA COMMUNITY SCHOOL,"7001 S. ST. ANDREWS PL., LOS ANGELES, CA 90047-1833",LOS ANGELES,90047,SA 6,1127963_PD_ServiceArea_6.pdf,448
lacdmh-sa6-8482-733,"MATTHEW M. WHITE, PMHNP-BC","1560 E. CHEVY CHASE DR STE 130, GLENDALE, CA 91206-4140",GLENDALE,91206,SA 6,1127963_PD_ServiceArea_6.pdf,451
lacdmh-sa6-19K3-734,MINDFUL GROWTH FOUNDATION,"5739 CHESLEY AVENUE, LOS ANGELES, CA 90043-2423",LOS ANGELES,90043,SA 6,1127963_PD_ServiceArea_6.pdf,453
lacdmh-sa6-19MG-735,MINDFUL GROWTH FOUNDATION,"4715 GRAMERCY PL, LOS ANGELES, CA 90062-1931",LOS ANGELES,90062,SA 6,1127963_PD_ServiceArea_6.pdf,461
lacdmh-sa6-19MH-736,MINDFUL GROWTH FOUNDATION,"6430 3RD AVE, LOS ANGELES, CA 90043-4542",LOS ANGELES,90043,SA 6,1127963_PD_ServiceArea_6.pdf,463
lacdmh-sa6-19LD-737,MINDFUL GROWTH FOUNDATION #2,"1811 W 41ST DR, LOS ANGELES, CA 90062-1517",LOS ANGELES,90062,SA 6,1127963_PD_ServiceArea_6.pdf,465
lacdmh-sa6-8444-738,MIR ALI-KHAN MD PROF CORP,"2900 EAST DEL MAR BLVD, PASADENA, CA 91107-4375",PASADENA,91107,SA 6,1127963_PD_ServiceArea_6.pdf,472
lacdmh-sa6-19F3-739,NEW CONCEPT,"4240 W. 62ND ST., LOS ANGELES, CA 90043-3615",LOS ANGELES,90043,SA 6,1127963_PD_ServiceArea_6.pdf,474
lacdmh-sa6-19J3-740,PACIFIC CLINICS COMMUNITY CONNECTIONS,"3881 S WESTERN AVE, LOS ANGELES, CA 90062-1105",LOS ANGELES,90062,SA 6,1127963_PD_ServiceArea_6.pdf,477
lacdmh-sa6-7750-741,PACIFIC CLINICS LYNWOOD,"3680 E IMPERIAL HWY, SUITE 220 AND 240, LYNWOOD, CA 90262-2663",LYNWOOD,90262,SA 6,1127963_PD_ServiceArea_6.pdf,484
lacdmh-sa6-7774-742,PEJ EXODUS WELLNESS CENTER,"3737 MARTIN LUTHER KING JR BLVD STE 525, LYNWOOD, CA 90262-3535",LYNWOOD,90262,SA 6,1127963_PD_ServiceArea_6.pdf,490
lacdmh-sa6-7542-743,PERSONAL INVOLVEMENT CENTER INC,"8220 SOUTH SAN PEDRO STREET, LOS ANGELES, CA 90003-3030",LOS ANGELES,90003,SA 6,1127963_PD_ServiceArea_6.pdf,493
lacdmh-sa6-19KB-744,PROJECT IMPACT INC,"2640 INDUSTRY WAY STES. G AND H, LYNWOOD, CA 90262-4000",LYNWOOD,90262,SA 6,1127963_PD_ServiceArea_6.pdf,499
lacdmh-sa6-7715-745,SA 6 COMMUNITY REINTEGRATION,"8300 S VERMONT AVE, LOS ANGELES, CA 90044-3422",LOS ANGELES,90044,SA 6,1127963_PD_ServiceArea_6.pdf,505
lacdmh-sa6-19IK SA6-746,ENHANCED CARE MANAGEMENT,"12021 S WILMINGTON AVE BLDG 18 STE 4D, LOS ANGELES, CA 90059-3019",LOS ANGELES,90059,SA 6,1127963_PD_ServiceArea_6.pdf,514
lacdmh-sa6-7917 SA6-747,HOME EAST TEAM,"12021 S WILMINGTON AVE RM 2A, LOS ANGELES, CA 90059-3019",LOS ANGELES,90059,SA 6,1127963_PD_ServiceArea_6.pdf,516
lacdmh-sa6-19MX SA6-748,HOME WEST TEAM,"12021 S WILMINGTON AVE RM 2A, LOS ANGELES, CA 90059-3019",LOS ANGELES,90059,SA 6,1127963_PD_ServiceArea_6.pdf,522
lacdmh-sa6-19M6 SA6-749,INTERIM HOUSING OUTREACH PROGRAM,"12021 S WILMINGTON AVE BLDG 18 STE 4D, LOS ANGELES, CA 90059-3019",LOS ANGELES,90059,SA 6,1127963_PD_ServiceArea_6.pdf,527
lacdmh-sa6-8463-750,SASINEE J BHOSAI NP CORP,"415 W. ROUTE 66 STE 202, GLENDORA, CA 91740-4335",GLENDORA,91740,SA 6,1127963_PD_ServiceArea_6.pdf,533
lacdmh-sa6-8464-751,SCCT MEDICAL GROUP PC,"23845 MCBEAN PKWY, VALENCIA, CA 91355-2001",VALENCIA,91355,SA 6,1127963_PD_ServiceArea_6.pdf,535
lacdmh-sa6-7396-752,SCHARP,"3320 W. ADAMS BLVD. EDUCATIONAL BLDG., LOS ANGELES, CA 90018-1838",LOS ANGELES,90018,SA 6,1127963_PD_ServiceArea_6.pdf,538
lacdmh-sa6-7409-753,SCHARP ADULT SERVICES,"3850 CRENSHAW BLVD., LOS ANGELES, CA 90008-1821",LOS ANGELES,90008,SA 6,1127963_PD_ServiceArea_6.pdf,539
lacdmh-sa6-7654-754,SCHARP CHILD OUTPATIENT SERVICES,"2594 INDUSTRY WAY, LYNWOOD, CA 90262-4015",LYNWOOD,90262,SA 6,1127963_PD_ServiceArea_6.pdf,560
lacdmh-sa6-7826-755,SCHARP LYNWOOD,"3591 E IMPERIAL HWY, LYNWOOD, CA 90262-2684",LYNWOOD,90262,SA 6,1127963_PD_ServiceArea_6.pdf,566
lacdmh-sa6-7242-756,SCHARP OASIS HOUSE,"8836 S. VERMONT AVE., LOS ANGELES, CA 90044-4832",LOS ANGELES,90044,SA 6,1127963_PD_ServiceArea_6.pdf,567
lacdmh-sa6-7303-757,SCHARP-COMPTON,"2620 INDUSTRY WAY. STE. C, LYNWOOD, CA 90262-4024",LYNWOOD,90262,SA 6,1127963_PD_ServiceArea_6.pdf,579
lacdmh-sa6-8497-758,SCV COUNSELING MFT CENTER,"23504 LYONS AVE STE 401B, NEWHALL, CA 91321-5777",NEWHALL,91321,SA 6,1127963_PD_ServiceArea_6.pdf,584
lacdmh-sa6-19GX-759,SHIELDS FOR FAMILIES,"3584 MARTIN LUTHER KING JR. BLVD., LYNWOOD, CA 90262-2050",LYNWOOD,90262,SA 6,1127963_PD_ServiceArea_6.pdf,588
lacdmh-sa6-19GZ-760,SHIELDS FOR FAMILIES,"11705 DEPUTY YAMAMOTO PL. STE. A, LYNWOOD, CA 90262-4031",LYNWOOD,90262,SA 6,1127963_PD_ServiceArea_6.pdf,591
lacdmh-sa6-7365-761,SHIELDS FOR FAMILIES,"2620 INDUSTRY WAY SUITE A, LYNWOOD, CA 90262-4024",LYNWOOD,90262,SA 6,1127963_PD_ServiceArea_6.pdf,594
lacdmh-sa6-19AE-762,"SHIELDS FOR FAMILIES, INC.","15116 S. GIBSON AVE., COMPTON, CA 90221-3106",COMPTON,90221,SA 6,1127963_PD_ServiceArea_6.pdf,604
lacdmh-sa6-8051-763,SIMPSON LOUIS,"3756 SANTA ROSALIA DR. STE. 210, LOS ANGELES, CA 90008-2816",LOS ANGELES,90008,SA 6,1127963_PD_ServiceArea_6.pdf,608
lacdmh-sa6-8500-764,SOUL ENRICHMENT MINISTRIES,"11901 S. AVALON BLVD, LOS ANGELES, CA 90061-2836",LOS ANGELES,90061,SA 6,1127963_PD_ServiceArea_6.pdf,610
lacdmh-sa6-7555-765,SOUTH CENTRAL HEALTH + REHABILITATION PROGRAM,"7410 S BROADWAY, LOS ANGELES, CA 90003-2034",LOS ANGELES,90003,SA 6,1127963_PD_ServiceArea_6.pdf,612
lacdmh-sa6-7608-766,SPECIALIZED FOSTER CARE FIGUEROA,"1741 E 120TH ST FL 1, LOS ANGELES, CA 90059-3051",LOS ANGELES,90059,SA 6,1127963_PD_ServiceArea_6.pdf,613
lacdmh-sa6-7611-767,SPECIALIZED FOSTER CARE VERMONT,"8300 S VERMONT AVE 4TH FL, LOS ANGELES, CA 90044-3422",LOS ANGELES,90044,SA 6,1127963_PD_ServiceArea_6.pdf,616
lacdmh-sa6-7612-768,SPECIALIZED FOSTER CARE WATERIDGE,"5110 W GOLDLEAF CIR 2ND FL, LOS ANGELES, CA 90056-1282",LOS ANGELES,90056,SA 6,1127963_PD_ServiceArea_6.pdf,619
lacdmh-sa6-7607-769,"SPECIALIZED FOSTER CARE, PARKVIEW OFFICE","5110 W. GOLDLEAF CIRCLE 3RD. FL., LOS ANGELES, CA 90056-1282",LOS ANGELES,90056,SA 6,1127963_PD_ServiceArea_6.pdf,622
lacdmh-sa6-7681-770,SSG WEBER COMMUNITY CENTER,"4601 S BROADWAY FL 1, LOS ANGELES, CA 90037-2729",LOS ANGELES,90037,SA 6,1127963_PD_ServiceArea_6.pdf,624
lacdmh-sa6-7956-771,ST. ANNE'S AT CRENSHAW DISTRICT,"3870 CRENSHAW BLVD. STE. 221, LOS ANGELES, CA 90008-1837",LOS ANGELES,90008,SA 6,1127963_PD_ServiceArea_6.pdf,630
lacdmh-sa6-19GF-772,ST. FRANCIS MEDICAL CENTER - COUNSELING CENTER,"3630 E. IMPERIAL HIGHWAY, LYNWOOD, CA 90262-2609",LYNWOOD,90262,SA 6,1127963_PD_ServiceArea_6.pdf,634
lacdmh-sa6-19C7-773,ST. JOSEPH CENTER,"8525 S. BROADWAY, LOS ANGELES, CA 90003-3334",LOS ANGELES,90003,SA 6,1127963_PD_ServiceArea_6.pdf,636
lacdmh-sa6-7493-774,STAR VIEW COMMUNITY SERVICES,"1180 W MAHALO PL UNIT B, COMPTON, CA 90220-5443",COMPTON,90220,SA 6,1127963_PD_ServiceArea_6.pdf,641
lacdmh-sa6-7549-775,STEP OUT,"2010 E. EL SEGUNDO BLVD., COMPTON, CA 90222-7109",COMPTON,90222,SA 6,1127963_PD_ServiceArea_6.pdf,655
lacdmh-sa6-8471-776,STEPHANIE EILAND NP PSY CORP,"415 W. ROUTE 66 STE 202, GLENDORA, CA 91740-4335",GLENDORA,91740,SA 6,1127963_PD_ServiceArea_6.pdf,656
lacdmh-sa6-7744-777,SYCAMORES-SLA,"4525 W. ADAMS BLVD., LOS ANGELES, CA 90016-3021",LOS ANGELES,90016,SA 6,1127963_PD_ServiceArea_6.pdf,658
lacdmh-sa6-19M5-778,TELECARE MLK ADULT PHF,"12021 WILMINGTON AVE UNIT 4A, LOS ANGELES, CA 90059-3019",LOS ANGELES,90059,SA 6,1127963_PD_ServiceArea_6.pdf,666
lacdmh-sa6-7641-779,TESSIE CLEVELAND COMMUNITY SERVICES,"8019 S. COMPTON AVENUE, LOS ANGELES, CA 90001-3409",LOS ANGELES,90001,SA 6,1127963_PD_ServiceArea_6.pdf,668
lacdmh-sa6-7790-780,TESSIE CLEVELAND COMMUNITY SERVICES,"7813 SOUTH CENTRAL AVENUE, LOS ANGELES, CA 90001-2943",LOS ANGELES,90001,SA 6,1127963_PD_ServiceArea_6.pdf,692
lacdmh-sa6-7850-781,UMMA COMMUNITY CLINIC,"711 W FLORENCE AVE, LOS ANGELES, CA 90044-6105",LOS ANGELES,90044,SA 6,1127963_PD_ServiceArea_6.pdf,708
lacdmh-sa6-19KG-782,VALLEY STAR MLK BEHAVIORAL HEALTH CENTER CRTP,"12021 WILMINGTON AVE. STE. 2B, LOS ANGELES, CA 90059-3019",LOS ANGELES,90059,SA 6,1127963_PD_ServiceArea_6.pdf,711
lacdmh-sa6-8504-783,VERTU PSYCHIATRY INC,"415 W. ROUTE 66 SUITE 202, GLENDORA, CA 91740-4335",GLENDORA,91740,SA 6,1127963_PD_ServiceArea_6.pdf,761
lacdmh-sa6-19MP-784,VETERAN + MIL FAM SVCS SA 6,"12021 WILMINGTON AVE BLDG 18 STE 4D, LOS ANGELES, CA 90059-3019",LOS ANGELES,90059,SA 6,1127963_PD_ServiceArea_6.pdf,763
lacdmh-sa6-0067R-785,VIEW HEIGHTS CONVALESCENT HOSPITAL,"12619 S. AVALON BLVD., LOS ANGELES, CA 90061-2727",LOS ANGELES,90061,SA 6,1127963_PD_ServiceArea_6.pdf,766
lacdmh-sa6-7937-786,VISTA DEL MAR WRAPAROUND SA6,"5708 S BROADWAY, LOS ANGELES, CA 90037-4132",LOS ANGELES,90037,SA 6,1127963_PD_ServiceArea_6.pdf,767
lacdmh-sa6-7031-787,WATTS LABOR COMMUNITY ACTION COMMITTEE,"12206 S. WILMINGTON AVE., COMPTON, CA 90222-1283",COMPTON,90222,SA 6,1127963_PD_ServiceArea_6.pdf,777
lacdmh-sa6-19AN-788,WAYFINDER FAMILY SERVICE/CRP-STRTP,"5300 ANGELES VISTA BLVD., LOS ANGELES, CA 90043-1648",LOS ANGELES,90043,SA 6,1127963_PD_ServiceArea_6.pdf,780
lacdmh-sa6-7836-789,WAYFINDER FAMILY SERVICES,"5300 ANGELES VISTA BLVD, LOS ANGELES, CA 90043-1648",LOS ANGELES,90043,SA 6,1127963_PD_ServiceArea_6.pdf,781
lacdmh-sa6-7955-790,WCNTRL WELLNESS AND FIELD BASED TEAMS,"1720 E. 120TH ST., LOS ANGELES, CA 90059-3052",LOS ANGELES,90059,SA 6,1127963_PD_ServiceArea_6.pdf,792
lacdmh-sa6-7276-791,WELLNEST-LEIMERT PARK,"4401 CRENSHAW BLVD. STE. 300, LOS ANGELES, CA 90043-1227",LOS ANGELES,90043,SA 6,1127963_PD_ServiceArea_6.pdf,795
lacdmh-sa6-7827-792,WESLEY HEALTH CENTERS (LYNWOOD),"3590 E. IMPERIAL HWY., LYNWOOD, CA 90262-2655",LYNWOOD,90262,SA 6,1127963_PD_ServiceArea_6.pdf,803
lacdmh-sa6-1908-793,WEST CENTRAL FAMILY MENTAL HEALTH SERVICES,"3609 10TH AVE 1ST FL, LOS ANGELES, CA 90018-4114",LOS ANGELES,90018,SA 6,1127963_PD_ServiceArea_6.pdf,805
lacdmh-sa6-19LQ-794,WEST CENTRAL FAMILY MENTAL HEALTH SERVICES-FULL SERVICE PART,"3609 10TH AVE 1ST FL, LOS ANGELES, CA 90018-4114",LOS ANGELES,90018,SA 6,1127963_PD_ServiceArea_6.pdf,816
lacdmh-sa6-19GY-795,WOMEN'S WELL-BEING CENTER,"12021 S WILMINGTON AVE BLDG 18 STE 4D, LOS ANGELES, CA 90059-3019",LOS ANGELES,90059,SA 6,1127963_PD_ServiceArea_6.pdf,818
lacdmh-sa6-8241-796,WONG MATTHEW,"23700 CAMINO DEL SOL, TORRANCE, CA 90505-5017",TORRANCE,90505,SA 6,1127963_PD_ServiceArea_6.pdf,822
lacdmh-sa7-7983F 7983F-797,ALMA FAMILY SERVICES_SAT,"6537 MALABAR ST. RM.61, HUNTINGTON PARK, CA 90255-4025",HUNTINGTON PARK,90255,SA 7,1127964_PD_ServiceArea_7.pdf,6
lacdmh-sa7-7983G 7983G-798,ALMA FAMILY SERVICES_SAT,"6222 STATE ST. RM. COU, HUNTINGTON PARK, CA 90255-4403",HUNTINGTON PARK,90255,SA 7,1127964_PD_ServiceArea_7.pdf,7
lacdmh-sa7-7983Y 7983Y-799,ALMA FAMILY SERVICES_SAT,"3232 SATURN AVE. RM. WELL, HUNTINGTON PARK, CA 90255-5440",HUNTINGTON PARK,90255,SA 7,1127964_PD_ServiceArea_7.pdf,8
lacdmh-sa7-19O4-800,"A GREATER LOVE FOSTER FAMILY AGENCY, INC.","7731 PAINTER AVE, WHITTIER, CA 90602-2411",WHITTIER,90602,SA 7,1127964_PD_ServiceArea_7.pdf,9
lacdmh-sa7-7206-801,ACCESS CENTER,"12440 E. IMPERIAL HWY. STE. 116, NORWALK, CA 90650-8347",NORWALK,90650,SA 7,1127964_PD_ServiceArea_7.pdf,10
lacdmh-sa7-7647-802,ADULT TELECARE LA SERVICES 7(ATLAS),"12501 IMPERIAL HWY STE 500B, NORWALK, CA 90650-3179",NORWALK,90650,SA 7,1127964_PD_ServiceArea_7.pdf,26
lacdmh-sa7-7019A-803,ALMA FAMILY SERVICES,"9101 WHITTIER BLVD., PICO RIVERA, CA 90660-2405",PICO RIVERA,90660,SA 7,1127964_PD_ServiceArea_7.pdf,35
lacdmh-sa7-7562-804,ALMA FAMILY SERVICES,"4701 E. CESAR CHAVEZ AVE., LOS ANGELES, CA 90022-1209",LOS ANGELES,90022,SA 7,1127964_PD_ServiceArea_7.pdf,43
lacdmh-sa7-7709-805,ALMA FAMILY SERVICES,"6505 ROSEMEAD BLVD STE 101, 103A, PICO RIVERA, CA 90660-3565",PICO RIVERA,90660,SA 7,1127964_PD_ServiceArea_7.pdf,49
lacdmh-sa7-7806-806,ALMA FAMILY SERVICES,"2958 E. FLORENCE AVE. 2ND FL. RM. 11, HUNTINGTON PARK, CA 90255-5826",HUNTINGTON PARK,90255,SA 7,1127964_PD_ServiceArea_7.pdf,51
lacdmh-sa7-7983A-807,ALMA FAMILY SERVICES,"2958 E. FLORENCE AVE. FL. 2, HUNTINGTON PARK, CA 90255-5826",HUNTINGTON PARK,90255,SA 7,1127964_PD_ServiceArea_7.pdf,54
lacdmh-sa7-7983P-808,ALMA FAMILY SERVICES,"6055 CORONA AVENUE, RM PSA, HUNTINGTON PARK, CA 90255-3332",HUNTINGTON PARK,90255,SA 7,1127964_PD_ServiceArea_7.pdf,58
lacdmh-sa7-7983V-809,ALMA FAMILY SERVICES,"2660 E. 57TH STREET RM. 12, HUNTINGTON PARK, CA 90255-2545",HUNTINGTON PARK,90255,SA 7,1127964_PD_ServiceArea_7.pdf,59
lacdmh-sa7-7667-810,ALMANSOR CLINICAL SERVICES,"5900 S EASTERN AVENUE SUITE 138, COMMERCE, CA 90040-4020",COMMERCE,90040,SA 7,1127964_PD_ServiceArea_7.pdf,60
lacdmh-sa7-7421-811,AMERICAN INDIAN COUNSELING CENTER,"17707 S. STUDEBAKER RD., CERRITOS, CA 90703-2640",CERRITOS,90703,SA 7,1127964_PD_ServiceArea_7.pdf,75
lacdmh-sa7-7579-812,ASIAN PACIFIC COUNSELING + TREATMENT CENTERS APCTC CERRITOS,"11050 E ARTESIA BLVD NO F, CERRITOS, CA 90703-2542",CERRITOS,90703,SA 7,1127964_PD_ServiceArea_7.pdf,81
lacdmh-sa7-1912-813,BELL GARDENS Y + FS,"5100 S EASTERN AVE ST 100, LOS ANGELES, CA 90040-2964",LOS ANGELES,90040,SA 7,1127964_PD_ServiceArea_7.pdf,84
lacdmh-sa7-1967-814,BIENVENIDOS FAMILY RESOURCE CENTER,"5400 E. OLYMPIC BLVD. STE. 100, COMMERCE, CA 90022-5190",COMMERCE,90022,SA 7,1127964_PD_ServiceArea_7.pdf,87
lacdmh-sa7-7722-815,CA HISP COMMISSION A+D ABUSE-OP,"10012 NORWALK BLVD STE140, SANTA FE SPRINGS, CA 90670-3343",SANTA FE SPRINGS,90670,SA 7,1127964_PD_ServiceArea_7.pdf,98
lacdmh-sa7-7996-816,CA MENTOR,"12631 IMPERIAL HWY SUITE C-103, SANTA FE SPRINGS, CA 90670-4710",SANTA FE SPRINGS,90670,SA 7,1127964_PD_ServiceArea_7.pdf,99
lacdmh-sa7-19KD-817,CENTRAL STAR RANCHO LOS AMIGOS CRTP,"7745 LEEDS ST., DOWNEY, CA 90242-3489",DOWNEY,90242,SA 7,1127964_PD_ServiceArea_7.pdf,113
lacdmh-sa7-190Z-818,CFGC JEES,"4443 LIVE OAK ST., CUDAHY, CA 90201-4207",CUDAHY,90201,SA 7,1127964_PD_ServiceArea_7.pdf,164
lacdmh-sa7-7638-819,CHCADA/ENHANCED SPECIALIZED FOSTER CARE MENTAL HLTH SERVICES,"9033 WASHINGTON BLVD, PICO RIVERA, CA 90660-3839",PICO RIVERA,90660,SA 7,1127964_PD_ServiceArea_7.pdf,166
lacdmh-sa7-7246-820,COMMUNITY FAMILY GUIDANCE CENTER,"10929 SOUTH STREET SUITE 214B, CERRITOS, CA 90703-5340",CERRITOS,90703,SA 7,1127964_PD_ServiceArea_7.pdf,179
lacdmh-sa7-7175-821,CONTINUING CARE SERVICES-METRO UNIT,"12440 E IMPERIAL HWY STE 116, NORWALK, CA 90650-9998",NORWALK,90650,SA 7,1127964_PD_ServiceArea_7.pdf,196
lacdmh-sa7-7660-822,CRITTENTON SERVICES FOR CHILDREN AND FAMILIES,"12440 FIRESTONE BLVD SUITE 215, NORWALK, CA 90650-4328",NORWALK,90650,SA 7,1127964_PD_ServiceArea_7.pdf,197
lacdmh-sa7-19LG-823,CRT PROGRAMS DOWNEY,"7765 LEEDS ST, DOWNEY, CA 90242-3489",DOWNEY,90242,SA 7,1127964_PD_ServiceArea_7.pdf,203
lacdmh-sa7-7634-824,DMH SA 7 NAVIGATION TEAM,"550 S VERMONT AVE 10TH FL, LOS ANGELES, CA 90020-9998",LOS ANGELES,90020,SA 7,1127964_PD_ServiceArea_7.pdf,207
lacdmh-sa7-3300-825,DOROTHY KIRBY CENTER,"1500 S MCDONNELL AVE, COMMERCE, CA 90040-5623",COMMERCE,90040,SA 7,1127964_PD_ServiceArea_7.pdf,209
lacdmh-sa7-7360-826,ENKI - COMMERCE YOUTH + FAMILY SERVICES,"1000 GOODRICH BLVD., COMMERCE, CA 90022-5103",COMMERCE,90022,SA 7,1127964_PD_ServiceArea_7.pdf,213
lacdmh-sa7-7254-827,ENKI ELAMHS - BELL GARDENS,"6001 CLARA ST., BELL GARDENS, CA 90201-4723",BELL GARDENS,90201,SA 7,1127964_PD_ServiceArea_7.pdf,218
lacdmh-sa7-7253-828,ENKI-ELAMHS-COMMERCE,"1436 GOODRICH BLVD., CITY OF COMMERCE, CA 90022-5111",CITY OF COMMERCE,90022,SA 7,1127964_PD_ServiceArea_7.pdf,221
lacdmh-sa7-7588-829,EOTD CRISIS HOMELESS - RIO HONDO,"17707 S. STUDEBAKER RD., CERRITOS, CA 90703-2640",CERRITOS,90703,SA 7,1127964_PD_ServiceArea_7.pdf,227
lacdmh-sa7-19MK-830,EXODUS CRTP AT LAC-USC,"1774 ZONAL AVE BLDG A, LOS ANGELES, CA 90033-1064",LOS ANGELES,90033,SA 7,1127964_PD_ServiceArea_7.pdf,231
lacdmh-sa7-8511-831,FAMILY SOLUTIONS COUNSELING,"8050 FLORENCE AVE STE 32, DOWNEY, CA 90240-3896",DOWNEY,90240,SA 7,1127964_PD_ServiceArea_7.pdf,234
lacdmh-sa7-8466-832,HEALTH SERVICE ALLIANCE,"220 S. INDIAN HILL BLVD STE. F, CLAREMONT, CA 91711-4929",CLAREMONT,91711,SA 7,1127964_PD_ServiceArea_7.pdf,235
lacdmh-sa7-19DV-833,HELPLINE YOUTH COUNSELING INC,"14181 TELEGRAPH RD., WHITTIER, CA 90604-2554",WHITTIER,90604,SA 7,1127964_PD_ServiceArea_7.pdf,237
lacdmh-sa7-7574-834,HELPLINE YOUTH COUNSELING INC,"12440 E FIRESTONE BLVD SUITE 316, NORWALK, CA 90650-9319",NORWALK,90650,SA 7,1127964_PD_ServiceArea_7.pdf,240
lacdmh-sa7-19JH-835,"HELPLINE YOUTH COUNSELING, INC.","5400 E. OLYMPIC BLVD. STE. 225, COMMERCE, CA 90022-5154",COMMERCE,90022,SA 7,1127964_PD_ServiceArea_7.pdf,246
lacdmh-sa7-8019-836,HERNANDEZ MICHAEL,"1720 CESAR CHAVEZ AVE, LOS ANGELES, CA 90033-2414",LOS ANGELES,90033,SA 7,1127964_PD_ServiceArea_7.pdf,247
lacdmh-sa7-7594-837,HOMES FOR LIFE CEDAR ST HOMES @ METROPOLITAN STATE HOSPIPAL,"14401 BLOOMFIELD BLVD MSH BLDG 506 507, NORWALK, CA 90650-9998",NORWALK,90650,SA 7,1127964_PD_ServiceArea_7.pdf,248
lacdmh-sa7-7245L-838,HOMES FOR LIFE FOUNDATION - HARVEST HOUSE,"14029 HARVEST AVE, NORWALK, CA 90650-3740",NORWALK,90650,SA 7,1127964_PD_ServiceArea_7.pdf,250
lacdmh-sa7-19LB-839,HSCFS - HARRISON ELEMENTARY SCHOOL,"3529 CITY TERRACE DR, LOS ANGELES, CA 90063-3741",LOS ANGELES,90063,SA 7,1127964_PD_ServiceArea_7.pdf,252
lacdmh-sa7-7821-840,JJTRANSITOUTPATIENTTREATMENTSRVCS,"6330 RUGBY AVE. 2ND. FLR. STE. 200, HUNTINGTON PARK, CA 90255-4066",HUNTINGTON PARK,90255,SA 7,1127964_PD_ServiceArea_7.pdf,254
lacdmh-sa7-7166-841,LOS PADRINOS JUV HALL MH UNIT,"7285 E. QUILL DR., DOWNEY, CA 90242-2001",DOWNEY,90242,SA 7,1127964_PD_ServiceArea_7.pdf,257
lacdmh-sa7-8059-842,MADELEINE M. VALENCERINA MD,"14730 BEACH BLVD. STE. 123, LA MIRADA, CA 90638-4256",LA MIRADA,90638,SA 7,1127964_PD_ServiceArea_7.pdf,265
lacdmh-sa7-19A3-843,MASADA FULL SERVICE PARTNERSHIPS,"12715 PIONEER BLVD., NORWALK, CA 90650-2873",NORWALK,90650,SA 7,1127964_PD_ServiceArea_7.pdf,267
lacdmh-sa7-7852-844,MASADA HOMES,"21409 ELAINE AVE., HAWAIIAN GARDENS, CA 90716-1025",HAWAIIAN GARDENS,90716,SA 7,1127964_PD_ServiceArea_7.pdf,273
lacdmh-sa7-7718-845,MASADA OUTPATIENT SERVICES,"10222 ROSECRANS AVE., BELLFLOWER, CA 90706-2602",BELLFLOWER,90706,SA 7,1127964_PD_ServiceArea_7.pdf,275
lacdmh-sa7-7997-846,MMET,"1600 W BEVERLY BLVD ROOM 210, MONTEBELLO, CA 90640-3932",MONTEBELLO,90640,SA 7,1127964_PD_ServiceArea_7.pdf,278
lacdmh-sa7-8480-847,NOBLEQUEST HEALTH FOUNDATION,"14435 HAMLIN ST STE 108, VAN NUYS, CA 91401-6205",VAN NUYS,91401,SA 7,1127964_PD_ServiceArea_7.pdf,280
lacdmh-sa7-8041-848,NOBLEZA LUZVIMINDA,"2221 W. 232ND ST., TORRANCE, CA 90501-5721",TORRANCE,90501,SA 7,1127964_PD_ServiceArea_7.pdf,282
lacdmh-sa7-19GM-849,NUEVO AMANECER LATINO CHILDREN'S SERVICES,"5400 POMONA BLVD., LOS ANGELES, CA 90022-1717",LOS ANGELES,90022,SA 7,1127964_PD_ServiceArea_7.pdf,284
lacdmh-sa7-7534A-850,OLIVE CREST,"17800 WOODRUFF AVENUE, BELLFLOWER, CA 90706-7079",BELLFLOWER,90706,SA 7,1127964_PD_ServiceArea_7.pdf,287
lacdmh-sa7-19IZ-851,PACIFIC CLINICS CENTRO DE SALUD DE NINOS,"11731 TELEGRAPH RD. STE. G, SANTA FE SPRINGS, CA 90670-6819",SANTA FE SPRINGS,90670,SA 7,1127964_PD_ServiceArea_7.pdf,294
lacdmh-sa7-19J8-852,PACIFIC CLINICS EL CAMINO,"11721 TELEGRAPH RD. STE. A, SANTA FE SPRINGS, CA 90670-6835",SANTA FE SPRINGS,90670,SA 7,1127964_PD_ServiceArea_7.pdf,308
lacdmh-sa7-19JA-853,PACIFIC CLINICS EL CAMINO EXPANSION,"11741 TELEGRAPH RD STE A, SANTA FE SPRINGS, CA 90670-3681",SANTA FE SPRINGS,90670,SA 7,1127964_PD_ServiceArea_7.pdf,315
lacdmh-sa7-19J1-854,PACIFIC CLINICS LATINA YOUTH PROGRAM,"11741 TELEGRAPH RD. STE. G, SANTA FE SPRINGS, CA 90670-3687",SANTA FE SPRINGS,90670,SA 7,1127964_PD_ServiceArea_7.pdf,321
lacdmh-sa7-19EN-855,"PATHWAYS COMMUNITY SERVICES, LLC","8337 TELEGRAPH RD. STE 300, PICO RIVERA, CA 90660-4909",PICO RIVERA,90660,SA 7,1127964_PD_ServiceArea_7.pdf,324
lacdmh-sa7-19DW-856,PCS-CORVALLIS MS COUNSELING CENTER,"11032 LEFFINGWELL RD., NORWALK, CA 90650-3638",NORWALK,90650,SA 7,1127964_PD_ServiceArea_7.pdf,330
lacdmh-sa7-7511-857,PENNY LANE CENTERS,"5628 E SLAUSON AVENUE, COMMERCE, CA 90040-2922",COMMERCE,90040,SA 7,1127964_PD_ServiceArea_7.pdf,332
lacdmh-sa7-7918-858,PROJECT RETURN,"2677 12 ZOE AVENUE, HUNTINGTON PARK, CA 90255-4195",HUNTINGTON PARK,90255,SA 7,1127964_PD_ServiceArea_7.pdf,344
lacdmh-sa7-7813-859,RIO HONDO CENTRO DE BIENESTAR,"6330 RUGBY AVE. STE. 200, HUNTINGTON PARK, CA 90255-6938",HUNTINGTON PARK,90255,SA 7,1127964_PD_ServiceArea_7.pdf,393
lacdmh-sa7-1930-860,RIO HONDO COMMUNITY MHC,"17707 S. STUDEBAKER RD., CERRITOS, CA 90703-2640",CERRITOS,90703,SA 7,1127964_PD_ServiceArea_7.pdf,397
lacdmh-sa7-19MB-861,RIO HONDO COMMUNITY MHC - FSP,"17707 STUDEBAKER RD, CERRITOS, CA 90703-2640",CERRITOS,90703,SA 7,1127964_PD_ServiceArea_7.pdf,408
lacdmh-sa7-6857-862,ROYBAL FAMILY MENTAL HEALTH SERVICES,"4701 E CESAR E CHAVEZ AVE RM 222, LOS ANGELES, CA 90022-1209",LOS ANGELES,90022,SA 7,1127964_PD_ServiceArea_7.pdf,411
lacdmh-sa7-19MD-863,ROYBAL NB : CAREGIVERS + BABIES FSP,"4701 E CESAR E CHAVEZ AVE RM 222, LOS ANGELES, CA 90022-1209",LOS ANGELES,90022,SA 7,1127964_PD_ServiceArea_7.pdf,419
lacdmh-sa7-7584-864,ROYBAL SCHOOL BASED PROGRAM,"215 E AVENIDA DE LA MERCED STE. 103, MONTEBELLO, CA 90640-2752",MONTEBELLO,90640,SA 7,1127964_PD_ServiceArea_7.pdf,420
lacdmh-sa7-19N4-865,SA 7 COMMUNITY REINTEGRATION,"631-A MAPLE AVE, LOS ANGELES, CA 90014-2211",LOS ANGELES,90014,SA 7,1127964_PD_ServiceArea_7.pdf,423
lacdmh-sa7-19IL SA7-866,ENHANCED CARE MANAGEMENT,"5601 E SLAUSON AVE 2ND FL, COMMERCE, CA 90040-2953",COMMERCE,90040,SA 7,1127964_PD_ServiceArea_7.pdf,425
lacdmh-sa7-7929 SA7-867,HOME EAST TEAM,"6330 RUGBY AVE. STE. 200, HUNTINGTON PARK, CA 90255-6938",HUNTINGTON PARK,90255,SA 7,1127964_PD_ServiceArea_7.pdf,427
lacdmh-sa7-19MQ SA7-868,HOME WEST TEAM,"5601 E SLAUSON AVE 2ND FL, COMMERCE, CA 90040-2953",COMMERCE,90040,SA 7,1127964_PD_ServiceArea_7.pdf,433
lacdmh-sa7-19N2 SA7-869,INTERIM HOUSING OUTREACH PGM,"5601 E SLAUSON AVE, COMMERCE, CA 90040-2953",COMMERCE,90040,SA 7,1127964_PD_ServiceArea_7.pdf,434
lacdmh-sa7-19G6-870,SAFE HAVEN,"12580 LAKELAND RD., SANTA FE SPRINGS, CA 90670-0000",SANTA FE SPRINGS,90670,SA 7,1127964_PD_ServiceArea_7.pdf,435
lacdmh-sa7-7468-871,SAN ANTONIO FAMILY CENTER,"2629 CLARENDON AVE., HUNTINGTON PARK, CA 90255-4119",HUNTINGTON PARK,90255,SA 7,1127964_PD_ServiceArea_7.pdf,440
lacdmh-sa7-7824-872,SCHARP BELLFLOWER,"14371 CLARK AVE., BELLFLOWER, CA 90706-2901",BELLFLOWER,90706,SA 7,1127964_PD_ServiceArea_7.pdf,447
lacdmh-sa7-7946-873,SOUTHEAST REGION MET,"4305 S SANTA FE AVENUE, VERNON, CA 90058-1714",VERNON,90058,SA 7,1127964_PD_ServiceArea_7.pdf,450
lacdmh-sa7-7616-874,SPECIALIZED FOSTER CARE COMMERCE,"5835 S. EASTERN BLVD. 2ND FL., COMMERCE, CA 90040-4031",COMMERCE,90040,SA 7,1127964_PD_ServiceArea_7.pdf,452
lacdmh-sa7-7617-875,SPECIALIZED FOSTER CARE SANTA FE SPRINGS,"10355 SLUSHER DR., SANTA FE SPRINGS, CA 90670-7353",SANTA FE SPRINGS,90670,SA 7,1127964_PD_ServiceArea_7.pdf,455
lacdmh-sa7-7752-876,SPECIALIZED FOSTER CARE SOUTH COUNTY,"4060 WATSON PLAZA DRIVE, LAKEWOOD, CA 90712-4033",LAKEWOOD,90712,SA 7,1127964_PD_ServiceArea_7.pdf,458
lacdmh-sa7-7951-877,STAR VIEW BEHAVIORAL HEALTH INC,"10230 ARTESIA BLVD STE 104, BELLFLOWER, CA 90706-6768",BELLFLOWER,90706,SA 7,1127964_PD_ServiceArea_7.pdf,463
lacdmh-sa7-19JM-878,STAR VIEW RANCHO LOS AMIGOS CRTP,"7755 LEEDS ST., DOWNEY, CA 90242-3489",DOWNEY,90242,SA 7,1127964_PD_ServiceArea_7.pdf,468
lacdmh-sa7-7670-879,SYCAMORES-COMMERCE,"5100 S EASTERN AVE STE 110, COMMERCE, CA 90040-2938",COMMERCE,90040,SA 7,1127964_PD_ServiceArea_7.pdf,518
lacdmh-sa7-7406A-880,TELECARE HOP 7,"9901 ARTESIA BLVD, BELLFLOWER, CA 90706-6713",BELLFLOWER,90706,SA 7,1127964_PD_ServiceArea_7.pdf,523
lacdmh-sa7-7250-881,TELECARE LA - ACT OLDER ADULTS,"12501 IMPERIAL HWY. STE. 500A, NORWALK, CA 90650-3179",NORWALK,90650,SA 7,1127964_PD_ServiceArea_7.pdf,528
lacdmh-sa7-7851-882,THE VILLAGE FAMILY SERVICES,"6728 SEVILLE AVENUE, HUNTINGTON PARK, CA 90255-4804",HUNTINGTON PARK,90255,SA 7,1127964_PD_ServiceArea_7.pdf,536
lacdmh-sa7-1972-883,THE WHOLE CHILD,"10155 COLIMA RD., WHITTIER, CA 90603-2063",WHITTIER,90603,SA 7,1127964_PD_ServiceArea_7.pdf,538
lacdmh-sa7-19N7-884,THE WHOLE CHILD - MENTAL HEALTH + HOUSING SERVICES,"10951 LAUREL AVE, SANTA FE SPRINGS, CA 90670-4513",SANTA FE SPRINGS,90670,SA 7,1127964_PD_ServiceArea_7.pdf,556
lacdmh-sa7-19N8-885,THE WHOLE CHILD - MENTAL HEALTH + HOUSING SERVICES,"8600 FLORENCE AVE, DOWNEY, CA 90240-4017",DOWNEY,90240,SA 7,1127964_PD_ServiceArea_7.pdf,558
lacdmh-sa7-7866-886,THE WHOLE CHILD - MENTAL HEALTH + HOUSING SERVICES,"12417 PHILADELPHIA ST., WHITTIER, CA 90601-3933",WHITTIER,90601,SA 7,1127964_PD_ServiceArea_7.pdf,560
lacdmh-sa7-19EW-887,THE WHOLE CHILD MENTAL HEALTH + HOUSING SERVICES,"6411 NORWALK BLVD., WHITTIER, CA 90606-1502",WHITTIER,90606,SA 7,1127964_PD_ServiceArea_7.pdf,564
lacdmh-sa7-19JR-888,VALLEY STAR RANCHO LOS AMIGOS CRTP,"7735 LEEDS ST., DOWNEY, CA 90242-3489",DOWNEY,90242,SA 7,1127964_PD_ServiceArea_7.pdf,570
lacdmh-sa7-19F9-889,WAYFINDER FAMILY SERVICES-WHITTIER-ISFC,"13020 BAILEY ST., WHITTIER, CA 90601-4203",WHITTIER,90601,SA 7,1127964_PD_ServiceArea_7.pdf,621
lacdmh-sa7-19G1-890,WELLNEST ISM BOYLE HEIGHTS,"1701 E. CESAR E. CHAVEZ AVE. STE 532, LOS ANGELES, CA 90033-2496",LOS ANGELES,90033,SA 7,1127964_PD_ServiceArea_7.pdf,628
lacdmh-sa7-7830-891,WESLEY HEALTH CENTERS,"14371 CLARK AVE, BELLFLOWER, CA 90706-2901",BELLFLOWER,90706,SA 7,1127964_PD_ServiceArea_7.pdf,631
lacdmh-sa7-1921-892,WMET,"13200 PENN ST, WHITTIER, CA 90602-1716",WHITTIER,90602,SA 7,1127964_PD_ServiceArea_7.pdf,633
lacdmh-sa8-19JF 19JFA-893,TESSIE CLEVELAND COMM SRVCS,"9621 S. VERMONT AVE., LOS ANGELES, CA 90044-3217",LOS ANGELES,90044,SA 8,1127965_PD_ServiceArea_8.pdf,8
lacdmh-sa8-8102-894,ABJELINA MENTAL HEALTH INC,"21615 BERENDO AVE, TORRANCE, CA 90502-5017",TORRANCE,90502,SA 8,1127965_PD_ServiceArea_8.pdf,14
lacdmh-sa8-8501-895,ACCESS COMMUNITY HEALTH CNTR,"520 N. MAIN STREET STE 120, SANTA ANA, CA 92701-4623",SANTA ANA,92701,SA 8,1127965_PD_ServiceArea_8.pdf,16
lacdmh-sa8-8519-896,ACEN INC,"2790 SKYPARK DR STE 210, TORRANCE, CA 90505-5388",TORRANCE,90505,SA 8,1127965_PD_ServiceArea_8.pdf,20
lacdmh-sa8-8445-897,ACHUAMANG IRINE,"1201 WALNUT AVE, LONG BEACH, CA 90803-3822",LONG BEACH,90803,SA 8,1127965_PD_ServiceArea_8.pdf,21
lacdmh-sa8-19A7-898,ALL FOR KIDS-LONG BEACH,"850 E. WARDLOW RD., LONG BEACH, CA 90807-4628",LONG BEACH,90807,SA 8,1127965_PD_ServiceArea_8.pdf,27
lacdmh-sa8-7019F-899,ALMA FAMILY SERVICES LB OP,"121 LINDEN AVE. STE B112, LONG BEACH, CA 90802-4990",LONG BEACH,90802,SA 8,1127965_PD_ServiceArea_8.pdf,36
lacdmh-sa8-8459-900,ANYANWU ONYEKWERE,"23700 CAMINO DEL SOL, TORRANCE, CA 90505-5017",TORRANCE,90505,SA 8,1127965_PD_ServiceArea_8.pdf,38
lacdmh-sa8-8491-901,APEX HEALTHCARE SERVICES,"17034 BELLFLOWER BLVD, BELLFLOWER, CA 90706-5950",BELLFLOWER,90706,SA 8,1127965_PD_ServiceArea_8.pdf,39
lacdmh-sa8-7999-902,ASPIRANET 7,"2248 OBISPO AVE. STE. 202, SIGNAL HILL, CA 90755-4026",SIGNAL HILL,90755,SA 8,1127965_PD_ServiceArea_8.pdf,41
lacdmh-sa8-7926-903,ASSISTED OUTPATIENT TREATMENT LA,"24330 NARBONNE AVENUE SUITE 2, LOMITA, CA 90717-1131",LOMITA,90717,SA 8,1127965_PD_ServiceArea_8.pdf,45
lacdmh-sa8-7891-904,BAYFRONT YOUTH AND FAMILY SERVICES,"4300 LONG BEACH BLVD STE 750, LONG BEACH, CA 90807-2013",LONG BEACH,90807,SA 8,1127965_PD_ServiceArea_8.pdf,49
lacdmh-sa8-8488-905,BETTER DAYS INTEGRATED PRGM,"500 E. CARSON PLAZA, CARSON, CA 90746-3225",CARSON,90746,SA 8,1127965_PD_ServiceArea_8.pdf,55
lacdmh-sa8-8454-906,BETTER DAYS INTEGRATED PRGMS,"1811 W. 236TH ST, TORRANCE, CA 90501-5742",TORRANCE,90501,SA 8,1127965_PD_ServiceArea_8.pdf,59
lacdmh-sa8-8434-907,BICKFORD LINCOLN 0C1527470,"23700 CAMINO DEL SOL, TORRANCE, CA 90505-5017",TORRANCE,90505,SA 8,1127965_PD_ServiceArea_8.pdf,62
lacdmh-sa8-19L5-908,BRAIN HEALTH USA,"1225 W 190TH ST STE 280, GARDENA, CA 90248-4305",GARDENA,90248,SA 8,1127965_PD_ServiceArea_8.pdf,64
lacdmh-sa8-8518-909,BRIAN P MILLER MD INC,"5555 GROSSMONT CENTER DR, LA MESA, CA 91942-3019",LA MESA,91942,SA 8,1127965_PD_ServiceArea_8.pdf,72
lacdmh-sa8-8485-910,BRINGAS CHARILYN,"23700 CAMINO DEL SOL, TORRANCE, CA 90505-5017",TORRANCE,90505,SA 8,1127965_PD_ServiceArea_8.pdf,74
lacdmh-sa8-7944-911,CA MENTOR,"555 E. OCEAN BLVD. STE. 330, LONG BEACH, CA 90802-5052",LONG BEACH,90802,SA 8,1127965_PD_ServiceArea_8.pdf,76
lacdmh-sa8-8428-912,CARLOS JORDAN MANZANO MD INC,"23700 CAMINO DEL SOL, TORRANCE, CA 90505-5017",TORRANCE,90505,SA 8,1127965_PD_ServiceArea_8.pdf,92
lacdmh-sa8-19JT-913,CCR - CLINICAL OPS SOUTH,"20101 HAMILTON AVE. STE. 155, TORRANCE, CA 90502-1314",TORRANCE,90502,SA 8,1127965_PD_ServiceArea_8.pdf,94
lacdmh-sa8-7469-914,CHILDNET YOUTH + FAMILY SERVICES INC,"3545 LONG BEACH BLVD., LONG BEACH, CA 90807-3941",LONG BEACH,90807,SA 8,1127965_PD_ServiceArea_8.pdf,100
lacdmh-sa8-8402-915,"CHILDREN AND FAMILIES, INC.","14623 HAWTHORNE BLVD SUITE 205A, LAWNDALE, CA 90260-1581",LAWNDALE,90260,SA 8,1127965_PD_ServiceArea_8.pdf,124
lacdmh-sa8-7779-916,"CHILDREN'S INSTITUTE, INC.","1500 HUGHES WAY, STE. C100, LONG BEACH, CA 90810-1808",LONG BEACH,90810,SA 8,1127965_PD_ServiceArea_8.pdf,129
lacdmh-sa8-8496-917,CHOICE PSYCHIATRIC MED GRP,"770 MAGNOLIA AVE STE F, CORONA, CA 92879-3122",CORONA,92879,SA 8,1127965_PD_ServiceArea_8.pdf,144
lacdmh-sa8-7064-918,COASTAL API FAMILY MHC,"14112 S. KINGSLEY DR., GARDENA, CA 90249-3018",GARDENA,90249,SA 8,1127965_PD_ServiceArea_8.pdf,146
lacdmh-sa8-7516-919,COUNSELING4KIDS-TORRANCE,"21535 HAWTHORNE BLVD STE 102, TORRANCE, CA 90503-6604",TORRANCE,90503,SA 8,1127965_PD_ServiceArea_8.pdf,154
lacdmh-sa8-7605-920,CRITTENTON SERVICES FOR CHILDREN AND FAMILIES,"4300 LONG BEACH BLVD. STE. 100, LONG BEACH, CA 90807-2008",LONG BEACH,90807,SA 8,1127965_PD_ServiceArea_8.pdf,159
lacdmh-sa8-8492-921,DHARMESH SHETH MED INC,"1405 ATLANTIC AVE. 608, LONG BEACH, CA 90813-3411",LONG BEACH,90813,SA 8,1127965_PD_ServiceArea_8.pdf,164
lacdmh-sa8-19KX-922,DIDI HIRSCH AT ANIMO LEADERSHIP,"11044 S FREEMAN AVE, INGLEWOOD, CA 90304-2418",INGLEWOOD,90304,SA 8,1127965_PD_ServiceArea_8.pdf,165
lacdmh-sa8-19GC-923,DIDI HIRSCH AT INGLEWOOD HS,"231 S. GREVILLEA AVE., INGLEWOOD, CA 90301-2323",INGLEWOOD,90301,SA 8,1127965_PD_ServiceArea_8.pdf,166
lacdmh-sa8-7046-924,DIDI HIRSCH EXCELSIOR HOUSE,"1007 MYRTLE AVE., INGLEWOOD, CA 90301-4009",INGLEWOOD,90301,SA 8,1127965_PD_ServiceArea_8.pdf,168
lacdmh-sa8-7209-925,DIDI HIRSCH MENTAL HEALTH INGLEWOOD SCHOOL SERVICES CMS,"323 N PRAIRIE AVE SUITES 150 290 350 450, INGLEWOOD, CA 90301-4502",INGLEWOOD,90301,SA 8,1127965_PD_ServiceArea_8.pdf,172
lacdmh-sa8-19GK-926,DIMONDALE ADOLESCENT,"1632 E. DIMONDALE DR., CARSON, CA 90746-2915",CARSON,90746,SA 8,1127965_PD_ServiceArea_8.pdf,185
lacdmh-sa8-19HK-927,DIMONDALE ADOLESCENT #3,"2509 W. 115TH PL., HAWTHORNE, CA 90250-1968",HAWTHORNE,90250,SA 8,1127965_PD_ServiceArea_8.pdf,189
lacdmh-sa8-19HC-928,DIMONDALE ADOLESCENT #4,"1461 N. ANAHEIM PL., LONG BEACH, CA 90804-3209",LONG BEACH,90804,SA 8,1127965_PD_ServiceArea_8.pdf,192
lacdmh-sa8-19HD-929,DIMONDALE ADOLESCENT #6,"13019 RUTHELEN ST., GARDENA, CA 90249-1819",GARDENA,90249,SA 8,1127965_PD_ServiceArea_8.pdf,195
lacdmh-sa8-6859A-930,DMH AT HARBOR UCLA MED CTR,"1000 W CARSON ST STE N26A, TORRANCE, CA 90502-2004",TORRANCE,90502,SA 8,1127965_PD_ServiceArea_8.pdf,198
lacdmh-sa8-7740-931,EOTD CRISIS AND HOMELESS-LONG BEACH,"24330 NARBONNE AVE. STE. 2, LOMITA, CA 90717-1131",LOMITA,90717,SA 8,1127965_PD_ServiceArea_8.pdf,226
lacdmh-sa8-19CD-932,EXODUS HARBOR UCLA CTT,"1000 W. CARSON ST. RM. 2022 BLDG. 2 S., TORRANCE, CA 90502-2004",TORRANCE,90502,SA 8,1127965_PD_ServiceArea_8.pdf,230
lacdmh-sa8-190TX-933,EXODUS HARBOR-UCLA UCC,"1000 W CARSON ST BLDG 2, TORRANCE, CA 90502-2004",TORRANCE,90502,SA 8,1127965_PD_ServiceArea_8.pdf,233
lacdmh-sa8-7248-934,EXODUS RECOVERY INC.,"923 S CATALINA AVE, REDONDO BEACH, CA 90277-4718",REDONDO BEACH,90277,SA 8,1127965_PD_ServiceArea_8.pdf,267
lacdmh-sa8-7121-935,FOR THE CHILD,"4001 LONG BEACH BLVD, LONG BEACH, CA 90807-2616",LONG BEACH,90807,SA 8,1127965_PD_ServiceArea_8.pdf,275
lacdmh-sa8-8453-936,FREINHAR JACK,"23700 CAMINO DEL SOL, TORRANCE, CA 90505-6080",TORRANCE,90505,SA 8,1127965_PD_ServiceArea_8.pdf,283
lacdmh-sa8-8353-937,GESSESSE HIRUY,"23700 CAMINO DEL SOL, TORRANCE, CA 90505",TORRANCE,90505,SA 8,1127965_PD_ServiceArea_8.pdf,284
lacdmh-sa8-19MI-938,"GHC OF MLK, LLC","12021 WILMINGTON AVE BLDG 18, POD 5A, LOS ANGELES, CA 90059-3019",LOS ANGELES,90059,SA 8,1127965_PD_ServiceArea_8.pdf,286
lacdmh-sa8-7988-939,GHMET,"12501 S HAWTHORNE BLVD, HAWTHORNE, CA 90250-4404",HAWTHORNE,90250,SA 8,1127965_PD_ServiceArea_8.pdf,292
lacdmh-sa8-7979-940,HARBOR - UCLA K.I.D.S. HUB,"1000 W. CARSON ST. PROFESSIONAL BLDG., TORRANCE, CA 90502-2004",TORRANCE,90502,SA 8,1127965_PD_ServiceArea_8.pdf,294
lacdmh-sa8-19LT-941,HARBOR UCLA - FULL SERVICE PARTNERSHIP,"21732 S VERMONT AVE STE 210, TORRANCE, CA 90502-2180",TORRANCE,90502,SA 8,1127965_PD_ServiceArea_8.pdf,296
lacdmh-sa8-7738-942,HARBOR-UCLA WELLNESS CENTER,"21730 S VERMONT AVE SUITE 210, TORRANCE, CA 90502-2004",TORRANCE,90502,SA 8,1127965_PD_ServiceArea_8.pdf,300
lacdmh-sa8-19B1-943,HELPLINE YOUTH COUNSELING INC,"920 ATLANTIC AVENUE SUITE 101 102, LONG BEACH, CA 90813-4545",LONG BEACH,90813,SA 8,1127965_PD_ServiceArea_8.pdf,304
lacdmh-sa8-7648-944,HERITAGE CLINIC + COMMUNITY ASSISTANCE PROGRAMS FOR SENIORS,"3939 ALTLANTIC AVE SUITE 103, LONG BEACH, CA 90807-3536",LONG BEACH,90807,SA 8,1127965_PD_ServiceArea_8.pdf,309
lacdmh-sa8-7245X-945,HOMES FOR LIFE FOUNDATION-218TH STREET HOUSE,"1418 W 218TH ST, TORRANCE, CA 90501-4003",TORRANCE,90501,SA 8,1127965_PD_ServiceArea_8.pdf,313
lacdmh-sa8-7245V-946,HOMES FOR LIFE FOUNDATION-223RD STREET HOUSE,"1435 W 223RD ST, TORRANCE, CA 90501-4125",TORRANCE,90501,SA 8,1127965_PD_ServiceArea_8.pdf,314
lacdmh-sa8-7245S-947,HOMES FOR LIFE FOUNDATION-DENKER HOUSE,"20902 DENKER AVE., TORRANCE, CA 90501-2329",TORRANCE,90501,SA 8,1127965_PD_ServiceArea_8.pdf,316
lacdmh-sa8-7245T-948,HOMES FOR LIFE FOUNDATION-MARIPOSA HOUSE,"21218 MARIPOSA AVE., TORRANCE, CA 90502-1818",TORRANCE,90502,SA 8,1127965_PD_ServiceArea_8.pdf,318
lacdmh-sa8-1947-949,HRMBMET,"200 N. PACIFIC COAST HWY., REDONDO BEACH, CA 90277-3150",REDONDO BEACH,90277,SA 8,1127965_PD_ServiceArea_8.pdf,319
lacdmh-sa8-1945-950,IMET,"1 W MANCHESTER BLVD, INGLEWOOD, CA 90301-1764",INGLEWOOD,90301,SA 8,1127965_PD_ServiceArea_8.pdf,322
lacdmh-sa8-8346-951,KELLOGG JASON,"3151 AIRWAY AVE. STE. T3, COSTA MESA, CA 92626-4627",COSTA MESA,92626,SA 8,1127965_PD_ServiceArea_8.pdf,324
lacdmh-sa8-8474-952,"KEVIN STEPHANOFF, MD INC","23700 CAMINO DEL SOL, TORRANCE, CA 90505-5017",TORRANCE,90505,SA 8,1127965_PD_ServiceArea_8.pdf,325
lacdmh-sa8-7543-953,LA CASA,"6060 S PARAMOUNT BLVD, LONG BEACH, CA 90805-3711",LONG BEACH,90805,SA 8,1127965_PD_ServiceArea_8.pdf,327
lacdmh-sa8-7277-954,LA CASA PSYCHIATRIC HEALTH FACILITY,"6060 PARAMOUNT BLVD, LONG BEACH, CA 90805-3711",LONG BEACH,90805,SA 8,1127965_PD_ServiceArea_8.pdf,330
lacdmh-sa8-24-955,"Hour Inpatient/Residential Care, Outpatient Clinic Based Care; Outpatient Clinic Based Care","1962 LAC HARBOR UCLA MEDICAL CENTER, 1000 W CARSON ST BLDG 1S RM 4, TORRANCE, CA 90502-2004",TORRANCE,90502,SA 8,1127965_PD_ServiceArea_8.pdf,334
lacdmh-sa8-7259-956,LONG BEACH - MET,"3205 LAKEWOOD BLVD, LONG BEACH, CA 90808-1733",LONG BEACH,90808,SA 8,1127965_PD_ServiceArea_8.pdf,338
lacdmh-sa8-7207-957,LONG BEACH API FAMILY MHC,"4510 E PACIFIC COAST HWY STE 600, LONG BEACH, CA 90804-3279",LONG BEACH,90804,SA 8,1127965_PD_ServiceArea_8.pdf,342
lacdmh-sa8-19MA-958,LONG BEACH API FAMILY MHC - FSP,"4510 E PACIFIC COAST HWY STE 600, LONG BEACH, CA 90804-6914",LONG BEACH,90804,SA 8,1127965_PD_ServiceArea_8.pdf,349
lacdmh-sa8-1926-959,LONG BEACH CHILD + ADOLESCENT CLINIC,"2600 REDONDO AVE. 6TH FL., LONG BEACH, CA 90806-2325",LONG BEACH,90806,SA 8,1127965_PD_ServiceArea_8.pdf,350
lacdmh-sa8-1927-960,LONG BEACH MHS ADULT CLINIC,"2600 REDONDO AVE. 3RD FL., LONG BEACH, CA 90806-2325",LONG BEACH,90806,SA 8,1127965_PD_ServiceArea_8.pdf,356
lacdmh-sa8-19LU-961,LONG BEACH MHS ADULT CLINIC - FULL SERVICE PARTNERSHIP,"2600 REDONDO AVE FL 3, LONG BEACH, CA 90806-2325",LONG BEACH,90806,SA 8,1127965_PD_ServiceArea_8.pdf,367
lacdmh-sa8-8204-962,LYUBOV BURGINA INC,"14903 S. NORMANDIE AVE. 214, GARDENA, CA 90247-4830",GARDENA,90247,SA 8,1127965_PD_ServiceArea_8.pdf,370
lacdmh-sa8-8470-963,"MAHTAB YOUSEFI, MD","301 VICTORIA ST, COSTA MESA, CA 92627-1995",COSTA MESA,92627,SA 8,1127965_PD_ServiceArea_8.pdf,372
lacdmh-sa8-8484-964,MANOLITO B. FIDEL MD,"23700 CAMINO DEL SOL, TORRANCE, CA 90505-5017",TORRANCE,90505,SA 8,1127965_PD_ServiceArea_8.pdf,374
lacdmh-sa8-19AY-965,MASADA HOMES,"3680 E. IMPERIAL HIGHWAY STE 300, LYNWOOD, CA 90262-2659",LYNWOOD,90262,SA 8,1127965_PD_ServiceArea_8.pdf,377
lacdmh-sa8-7342-966,MASADA HOMES,"18333 S. MAIN ST., GARDENA, CA 90248-4607",GARDENA,90248,SA 8,1127965_PD_ServiceArea_8.pdf,383
lacdmh-sa8-7482-967,MENTAL HEALTH URGENT CARE CENTER OF LONG BEACH,"6060 S. PARAMOUNT BLVD., LONG BEACH, CA 90805-3711",LONG BEACH,90805,SA 8,1127965_PD_ServiceArea_8.pdf,395
lacdmh-sa8-7065-968,MHALA HAP LONG BEACH,"1955 LONG BEACH BLVD. STE. 200, LONG BEACH, CA 90806-5501",LONG BEACH,90806,SA 8,1127965_PD_ServiceArea_8.pdf,401
lacdmh-sa8-7212-969,MHALA INTEGRATED SERVICE CENTER LB,"1955 LONG BEACH BLVD. STE 200, LONG BEACH, CA 90806-5501",LONG BEACH,90806,SA 8,1127965_PD_ServiceArea_8.pdf,402
lacdmh-sa8-7947-970,MHALA MOBILE HOMELESS TEAM LB,"1955 LONG BEACH BLVD. STE. 200A, LONG BEACH, CA 90806-5501",LONG BEACH,90806,SA 8,1127965_PD_ServiceArea_8.pdf,412
lacdmh-sa8-7643-971,MHA-TAY ACADEMY,"2025 E. 7TH ST., LONG BEACH, CA 90804-4590",LONG BEACH,90804,SA 8,1127965_PD_ServiceArea_8.pdf,414
lacdmh-sa8-7576-972,MHA-WELLNESS CENTER,"830 ATLANTIC AVE., LONG BEACH, CA 90813-4513",LONG BEACH,90813,SA 8,1127965_PD_ServiceArea_8.pdf,419
lacdmh-sa8-19M7-973,MLK JR - BHC,"12021 WILMINGTON AVE POD5B, LOS ANGELES, CA 90059-3019",LOS ANGELES,90059,SA 8,1127965_PD_ServiceArea_8.pdf,423
lacdmh-sa8-8478-974,MONFORTE RICHARD,"23700 CAMINO DEL SOL, TORRANCE, CA 90505-5017",TORRANCE,90505,SA 8,1127965_PD_ServiceArea_8.pdf,426
lacdmh-sa8-19MO-975,NEW CONCEPT II,"2406 W 78TH ST, INGLEWOOD, CA 90305-1120",INGLEWOOD,90305,SA 8,1127965_PD_ServiceArea_8.pdf,428
lacdmh-sa8-8441-976,NEW FOUNDATION MEDICAL INC,"520 N. MAIN ST STE 120, SANTA ANA, CA 92701-4623",SANTA ANA,92701,SA 8,1127965_PD_ServiceArea_8.pdf,431
lacdmh-sa8-8490-977,NGUYEN NATHAN,"23700 CAMINO DEL SOL, TORRANCE, CA 90505-5017",TORRANCE,90505,SA 8,1127965_PD_ServiceArea_8.pdf,432
lacdmh-sa8-8473-978,NISHA WARIKOO MD INC,"301 VICTORIA ST, COSTA MESA, CA 92627-1995",COSTA MESA,92627,SA 8,1127965_PD_ServiceArea_8.pdf,433
lacdmh-sa8-8430-979,NTUNG HELEN,"23700 CAMINO DEL SOL, TORRANCE, CA 90505-5017",TORRANCE,90505,SA 8,1127965_PD_ServiceArea_8.pdf,435
lacdmh-sa8-8462-980,OKAFOR ESTHER,"23700 CAMINO DEL SOL, TORRANCE, CA 90505-5017",TORRANCE,90505,SA 8,1127965_PD_ServiceArea_8.pdf,437
lacdmh-sa8-19BB-981,OLIVE CREST,"4510 E. PACIFIC COAST HWY. STE. 450, LONG BEACH, CA 90804-6924",LONG BEACH,90804,SA 8,1127965_PD_ServiceArea_8.pdf,438
lacdmh-sa8-1934-982,OPTIMIST CARSON,"20209 TILLMAN AVE., CARSON, CA 90746-3066",CARSON,90746,SA 8,1127965_PD_ServiceArea_8.pdf,445
lacdmh-sa8-7426-983,PACIFIC ASIAN COUNSELING SERVICES LONG BEACH,"3530 ATLANTIC AVE. STE. 210, LONG BEACH, CA 90807-4569",LONG BEACH,90807,SA 8,1127965_PD_ServiceArea_8.pdf,446
lacdmh-sa8-8503-984,PACIFIC OCEAN BEHAVIORAL HLT,"39001 SUNDALE DRIVE, FREMONT, CA 94538-2005",FREMONT,94538,SA 8,1127965_PD_ServiceArea_8.pdf,454
lacdmh-sa8-7989-985,PERSONAL INVOLVEMENT CENTER INC,"24404 S VERMONT AVENUE SUITE 200, HARBOR CITY, CA 90710-2321",HARBOR CITY,90710,SA 8,1127965_PD_ServiceArea_8.pdf,455
lacdmh-sa8-8075-986,PRATTY JAMES,"21081 S. WESTERN AVE. STE. 250, TORRANCE, CA 90501-1708",TORRANCE,90501,SA 8,1127965_PD_ServiceArea_8.pdf,460
lacdmh-sa8-7920-987,PROJECT RETURN HACIENDA OF HOPE,"2241 W WILLIAMS STREET, SUITE A, LONG BEACH, CA 90810-3652",LONG BEACH,90810,SA 8,1127965_PD_ServiceArea_8.pdf,461
lacdmh-sa8-19AGX-988,PROV LITTLE CO OF MARY UCC,"1386 W. 7TH STREET STE. A, SAN PEDRO, CA 90732-3517",SAN PEDRO,90732,SA 8,1127965_PD_ServiceArea_8.pdf,466
lacdmh-sa8-8350-989,"PSYCHFITNESS, A PRO MED CORP","12373 LEWIS ST. STE 103, GARDEN GROVE, CA 92840-4676",GARDEN GROVE,92840,SA 8,1127965_PD_ServiceArea_8.pdf,474
lacdmh-sa8-8329-990,RENEW BEHAVIORAL HEALTH INC,"4000 LONG BEACH BLVD SUITE 228, LONG BEACH, CA 90807-2617",LONG BEACH,90807,SA 8,1127965_PD_ServiceArea_8.pdf,476
lacdmh-sa8-8432-991,REVILLA REINALD,"23700 CAMINO DEL SOL, TORRANCE, CA 90505-3017",TORRANCE,90505,SA 8,1127965_PD_ServiceArea_8.pdf,479
lacdmh-sa8-19HQ-992,ROP EMANCIPATION HOME,"1691 GRAMERCY AVE., TORRANCE, CA 90501-3236",TORRANCE,90501,SA 8,1127965_PD_ServiceArea_8.pdf,481
lacdmh-sa8-19IC-993,ROP HARBOR CITY HOME,"537 W. 8TH ST., SAN PEDRO, CA 90731-3119",SAN PEDRO,90731,SA 8,1127965_PD_ServiceArea_8.pdf,484
lacdmh-sa8-19JV-994,SA 8 COMMUNITY REINTEGRATION,"20101 HAMILTON AVE. STE 155, TORRANCE, CA 90502-1314",TORRANCE,90502,SA 8,1127965_PD_ServiceArea_8.pdf,487
lacdmh-sa8-7935-995,SA 8 HOME EAST TEAM,"2600 REDONDO AVE., 6TH FLR., LONG BEACH, CA 90806-2325",LONG BEACH,90806,SA 8,1127965_PD_ServiceArea_8.pdf,491
lacdmh-sa8-19IJ SA8-996,ENHANCED CARE MANAGEMENT,"20101 HAMILTON AVE. 155, TORRANCE, CA 90502-1314",TORRANCE,90502,SA 8,1127965_PD_ServiceArea_8.pdf,497
lacdmh-sa8-19LY SA8-997,HOME WEST TEAM,"20101 HAMILTON AVE STE 155, TORRANCE, CA 90502-1314",TORRANCE,90502,SA 8,1127965_PD_ServiceArea_8.pdf,500
lacdmh-sa8-19N1 SA8-998,INTERIM HOUSING OUTREACH PGM,"1045 W REDONDO BEACH BLVD 3RD FL, GARDENA, CA 90247-4128",GARDENA,90247,SA 8,1127965_PD_ServiceArea_8.pdf,505
lacdmh-sa8-8479-999,SAL PSYCHIATRY SERVICES,"13132 STUDEBAKER RD, STE 10, NORWALK, CA 90650-2576",NORWALK,90650,SA 8,1127965_PD_ServiceArea_8.pdf,508
lacdmh-sa8-1928-1000,SAN PEDRO MENTAL HEALTH CENTER,"1360 W 6TH ST STE 200, SAN PEDRO, CA 90732-3561",SAN PEDRO,90732,SA 8,1127965_PD_ServiceArea_8.pdf,511
lacdmh-sa8-19ME-1001,SERENITY COVE MHRC,"12021 WILMINGTON AVE 5C, LOS ANGELES, CA 90059-3019",LOS ANGELES,90059,SA 8,1127965_PD_ServiceArea_8.pdf,517
lacdmh-sa8-7763-1002,SHIELDS FOR FAMILIES,"11601 S. WESTERN AVE., LOS ANGELES, CA 90047-5006",LOS ANGELES,90047,SA 8,1127965_PD_ServiceArea_8.pdf,522
lacdmh-sa8-7768-1003,SHIELDS FOR FAMILIES,"11601 SOUTH WESTERN AVENUE, LOS ANGELES, CA 90047-5006",LOS ANGELES,90047,SA 8,1127965_PD_ServiceArea_8.pdf,527
lacdmh-sa8-7536-1004,SHIELDS FOR FAMILIES SCHOOL BASE,"161 W VICTORIA ST SUITE 255, LONG BEACH, CA 90805-2175",LONG BEACH,90805,SA 8,1127965_PD_ServiceArea_8.pdf,540
lacdmh-sa8-8495-1005,SILVAN MEDICAL CONSULTING,"3151 AIRWAY AVE BLDG R, COSTA MESA, CA 92626-4607",COSTA MESA,92626,SA 8,1127965_PD_ServiceArea_8.pdf,541
lacdmh-sa8-8052-1006,SMITH RENEE,"21515 S FIGUEROA, CARSON, CA 90745-1947",CARSON,90745,SA 8,1127965_PD_ServiceArea_8.pdf,543
lacdmh-sa8-1969-1007,SOUTH BAY CHILDREN'S HEALTH CENTER,"1617 CRAVENS AVE, TORRANCE, CA 90501-3203",TORRANCE,90501,SA 8,1127965_PD_ServiceArea_8.pdf,544
lacdmh-sa8-1935-1008,SOUTH BAY MENTAL HEALTH CENTER,"1045 W. REDONDO BEACH BLVD. FL. 3, GARDENA, CA 90247-4128",GARDENA,90247,SA 8,1127965_PD_ServiceArea_8.pdf,548
lacdmh-sa8-7672-1009,SOUTH BAY MHS-FSP PROGRAM,"1045 W REDONDO BEACH BLVD FL 3, GARDENA, CA 90247-4128",GARDENA,90247,SA 8,1127965_PD_ServiceArea_8.pdf,558
lacdmh-sa8-8431-1010,SOUTH BAY PSYCHIATRIC GROUP,"23700 CAMINO DEL SOL, TORRANCE, CA 90505-5017",TORRANCE,90505,SA 8,1127965_PD_ServiceArea_8.pdf,561
lacdmh-sa8-19C5-1011,SPECIALIZED FOSTER CARE CARSON,"1 CIVIC PLAZA DR., CARSON, CA 90745-2243",CARSON,90745,SA 8,1127965_PD_ServiceArea_8.pdf,565
lacdmh-sa8-7509-1012,SPECIALIZED FOSTER CARE TORRANCE,"2325 CRENSHAW BLVD, TORRANCE, CA 90501-3325",TORRANCE,90501,SA 8,1127965_PD_ServiceArea_8.pdf,569
lacdmh-sa8-7329-1013,SSG/OTTP,"879 W 190TH ST STE 350, GARDENA, CA 90248-4223",GARDENA,90248,SA 8,1127965_PD_ServiceArea_8.pdf,572
lacdmh-sa8-7683-1014,SSG-CAMBODIAN ASSOCIATION OF AMERICA,"2501 ATLANTIC AVENUE, LONG BEACH, CA 90806-9998",LONG BEACH,90806,SA 8,1127965_PD_ServiceArea_8.pdf,591
lacdmh-sa8-7686-1015,SSG-PACS-LB (PACIFIC ASIAN COUNSELING SERVICES),"3530 ATLANTIC AVE STE210, LONG BEACH, CA 90807-4569",LONG BEACH,90807,SA 8,1127965_PD_ServiceArea_8.pdf,593
lacdmh-sa8-7257-1016,STAR VIEW ADOLESCENT CENTER OP,"4025 W. 226TH ST., TORRANCE, CA 90505-2340",TORRANCE,90505,SA 8,1127965_PD_ServiceArea_8.pdf,604
lacdmh-sa8-7335-1017,STAR VIEW COMMUNITY SERVICES,"370 S CRENSHAW BLVD E100 101 200, TORRANCE, CA 90503-1727",TORRANCE,90503,SA 8,1127965_PD_ServiceArea_8.pdf,617
lacdmh-sa8-7367-1018,STAR VIEW COMMUNITY SERVICES,"4500 E. PACIFIC COAST HWY. STE. 100, LONG BEACH, CA 90804-3233",LONG BEACH,90804,SA 8,1127965_PD_ServiceArea_8.pdf,627
lacdmh-sa8-7856-1019,STAR VIEW COMMUNITY SERVICES-CARSON CENTER,"649 E. ALBERTONI STREET SUITE 100, CARSON, CA 90746-1538",CARSON,90746,SA 8,1127965_PD_ServiceArea_8.pdf,645
lacdmh-sa8-190UX-1020,STAR VIEW URGENT CARE CENTERS,"3210-3220 LONG BEACH BLVD., LONG BEACH, CA 90807-5062",LONG BEACH,90807,SA 8,1127965_PD_ServiceArea_8.pdf,653
lacdmh-sa8-7650-1021,TARZANA TREATMENT CENTERS INC,"5190 ATLANTIC AVE., LONG BEACH, CA 90805-6510",LONG BEACH,90805,SA 8,1127965_PD_ServiceArea_8.pdf,660
lacdmh-sa8-19JJ-1022,"TARZANA TREATMENT CENTERS, INC","5178 ATLANTIC AVE., LONG BEACH, CA 90805-6510",LONG BEACH,90805,SA 8,1127965_PD_ServiceArea_8.pdf,665
lacdmh-sa8-19JO-1023,TELECARE CITRUS HOUSE,"7725 LEEDS ST. BLDG. D, DOWNEY, CA 90242-3489",DOWNEY,90242,SA 8,1127965_PD_ServiceArea_8.pdf,667
lacdmh-sa8-7837-1024,TELECARE IMD STEP-DOWN,"4335 ATLANTIC AVENUE, LONG BEACH, CA 90807-2803",LONG BEACH,90807,SA 8,1127965_PD_ServiceArea_8.pdf,669
lacdmh-sa8-7853-1025,TELEMENTAL HEALTH AND CONSULTATION,"21730 S VERMONT AVE, TORRANCE, CA 90502-2196",TORRANCE,90502,SA 8,1127965_PD_ServiceArea_8.pdf,676
lacdmh-sa8-8498-1026,TESMER PAWEL,"23700 CAMINO DEL SOL, TORRANCE, CA 90505-1234",TORRANCE,90505,SA 8,1127965_PD_ServiceArea_8.pdf,681
lacdmh-sa8-7793-1027,TESSIE CLEVELAND COMMUNITY SERVICES CORPORATION,"18220 SOUTH BROADWAY STREET, GARDENA, CA 90248-3501",GARDENA,90248,SA 8,1127965_PD_ServiceArea_8.pdf,682
lacdmh-sa8-8349-1028,THANKACHEN SANJAI,"3151 AIRWAY AVE. STE. T3, COSTA MESA, CA 92626-4627",COSTA MESA,92626,SA 8,1127965_PD_ServiceArea_8.pdf,702
lacdmh-sa8-7279-1029,THE GUIDANCE CENTER COMPTON,"901 W. VICTORIA ST. UNITS F G, COMPTON, CA 90220-5807",COMPTON,90220,SA 8,1127965_PD_ServiceArea_8.pdf,705
lacdmh-sa8-7249-1030,THE GUIDANCE CENTER SAN PEDRO,"1360 W 6TH ST STE 205, SAN PEDRO, CA 90732-3567",SAN PEDRO,90732,SA 8,1127965_PD_ServiceArea_8.pdf,711
lacdmh-sa8-7433-1031,THE GUIDANCE CENTER-HINCHMAN HOUSE,"1301 PINE AVE., LONG BEACH, CA 90813-3124",LONG BEACH,90813,SA 8,1127965_PD_ServiceArea_8.pdf,716
lacdmh-sa8-19FQ-1032,THE GUIDANCE CENTER-SB11,"1055 FREEMAN AVE., LONG BEACH, CA 90804-3804",LONG BEACH,90804,SA 8,1127965_PD_ServiceArea_8.pdf,729
lacdmh-sa8-19G2-1033,THE GUIDANCE CENTER-SB16,"1060 E. 70TH ST., LONG BEACH, CA 90805-1008",LONG BEACH,90805,SA 8,1127965_PD_ServiceArea_8.pdf,737
lacdmh-sa8-19G5-1034,THE GUIDANCE CENTER-SB19,"1951 CHERRY AVE., SIGNAL HILL, CA 90755-5823",SIGNAL HILL,90755,SA 8,1127965_PD_ServiceArea_8.pdf,742
lacdmh-sa8-7377-1035,THE LGBTQ CENTER OF LONG BEACH,"2017 E. 4TH ST., LONG BEACH, CA 90814-1001",LONG BEACH,90814,SA 8,1127965_PD_ServiceArea_8.pdf,765
lacdmh-sa8-8516-1036,"THE PSYCHIATRIC TEAM, APMC","1010 W. CHAPMAN AVENUE, ORANGE, CA 92868-2847",ORANGE,92868,SA 8,1127965_PD_ServiceArea_8.pdf,767
lacdmh-sa8-7702-1037,TIES FOR FAMILIES,"21810 NORMANDIE AVE 2ND FL, TORRANCE, CA 90502-2047",TORRANCE,90502,SA 8,1127965_PD_ServiceArea_8.pdf,769
lacdmh-sa8-7938-1038,TORRANCE MET,"3300 CIVIC CENTER DRIVE, TORRANCE, CA 90503-5016",TORRANCE,90503,SA 8,1127965_PD_ServiceArea_8.pdf,774
lacdmh-sa8-8489-1039,TWO LUV 1 ANOTHER WEST,"9214 BELMONT STREET, BELLFLOWER, CA 90706-5604",BELLFLOWER,90706,SA 8,1127965_PD_ServiceArea_8.pdf,776
lacdmh-sa8-8481-1040,VALDEZ PSYCHIATRIC SERVICE,"2776 PACIFIC AVE, LONG BEACH, CA 90806-2613",LONG BEACH,90806,SA 8,1127965_PD_ServiceArea_8.pdf,778
lacdmh-sa8-8513-1041,VALENTINA PARK MD PROF CORP,"2748 PACIFIC COAST HWY 1084, TORRANCE, CA 90505-7002",TORRANCE,90505,SA 8,1127965_PD_ServiceArea_8.pdf,781
lacdmh-sa8-7714-1042,VISTA DEL MAR WRAPAROUND SA 8,"11222 S LA CIENEGA BLVD SUITE 115, INGLEWOOD, CA 90304-1109",INGLEWOOD,90304,SA 8,1127965_PD_ServiceArea_8.pdf,783
lacdmh-sa8-8436-1043,VORTEX MENTAL HEALTH,"1703 TERMINO AVE. STE 106, LONG BEACH, CA 90804-2126",LONG BEACH,90804,SA 8,1127965_PD_ServiceArea_8.pdf,793
