facility_uid,geocode_query,longitude,latitude,place_name,geocode_status,confidence,relevance,match_code_json,review_status,review_reason,expected_state,returned_state,expected_zip,returned_zip,expected_city,returned_city,expected_county,returned_region_or_county,geography_review_status,geocode_quality_status,geography_status,map_inclusion_status,map_inclusion_reason
lacdmh-sa1-8422-1,"2701 ATLANTIC AVE STE C, LONG BEACH, CA 90805-5910",-118.18681,33.80756,"2701 Atlantic Avenue, UNIT C, Long Beach, California 90806, United States",success,high,,"{""secondary_address"":""matched"",""address_number"":""matched"",""street"":""matched"",""postcode"":""unmatched"",""place"":""matched"",""region"":""matched"",""locality"":""not_applicable"",""country"":""inferred"",""confidence"":""high""}",needs_review,zip_mismatch,CA,CA,90805,90806.0,LONG BEACH,Long Beach,Los Angeles County,Los Angeles County,not_flagged,verified_city_or_zip_mismatch,in_la_county,include_with_warning,address-level match with city or ZIP mismatch warning
lacdmh-sa1-8412-2,"1010 W. CHAPMAN AVE., ORANGE, CA 92868-2847",-117.863132,33.78764,"1010 West Chapman Avenue, Orange, California 92868, United States",success,high,,"{""address_number"":""matched"",""street"":""matched"",""postcode"":""unmatched"",""place"":""matched"",""region"":""matched"",""locality"":""not_applicable"",""country"":""inferred"",""confidence"":""high""}",verified,,CA,CA,92868,92868.0,ORANGE,Orange,Los Angeles County,Orange County,outside_la_county_review,verified_address,outside_la_county,exclude_default_map,correctly geocoded but outside Los Angeles County
lacdmh-sa1-8416-3,"3501 CEDAR AVE., LONG BEACH, CA 90807-5910",-118.196196,33.821082,"3501 Cedar Avenue, Long Beach, California 90807, United States",success,high,,"{""address_number"":""matched"",""street"":""matched"",""postcode"":""unmatched"",""place"":""matched"",""region"":""matched"",""locality"":""not_applicable"",""country"":""inferred"",""confidence"":""high""}",verified,,CA,CA,90807,90807.0,LONG BEACH,Long Beach,Los Angeles County,Los Angeles County,not_flagged,verified_address,in_la_county,include_default_map,verified address in Los Angeles County
lacdmh-sa1-7539-4,"43845 10TH ST. W 2B, LANCASTER, CA 93534-4800",-118.148475,34.680092,"43845 10th Street West, STE 2B, Lancaster, California 93534, United States",success,high,,"{""secondary_address"":""matched"",""address_number"":""matched"",""street"":""matched"",""postcode"":""unmatched"",""place"":""matched"",""region"":""matched"",""locality"":""not_applicable"",""country"":""inferred"",""confidence"":""high""}",verified,,CA,CA,93534,93534.0,LANCASTER,Lancaster,Los Angeles County,Los Angeles County,not_flagged,verified_address,in_la_county,include_default_map,verified address in Los Angeles County
lacdmh-sa1-8400-5,"415 W. ROUTE 66 STE. 202, GLENDORA, CA 91740-4335",-117.869935,34.129059,"415 W Route 66, STE 202, Glendora, California 91740, United States",success,high,,"{""secondary_address"":""matched"",""address_number"":""matched"",""street"":""matched"",""postcode"":""unmatched"",""place"":""matched"",""region"":""matched"",""locality"":""not_applicable"",""country"":""inferred"",""confidence"":""high""}",verified,,CA,CA,91740,91740.0,GLENDORA,Glendora,Los Angeles County,Los Angeles County,not_flagged,verified_address,in_la_county,include_default_map,verified address in Los Angeles County
lacdmh-sa1-8240-6,"3505 LONG BEACH BLVD. STE. 2D, LONG BEACH, CA 90807-3947",-118.18957,33.82064,"3505 Long Beach Boulevard, UNIT 2D, Long Beach, California 90807, United States",success,high,,"{""secondary_address"":""matched"",""address_number"":""matched"",""street"":""matched"",""postcode"":""unmatched"",""place"":""matched"",""region"":""matched"",""locality"":""not_applicable"",""country"":""inferred"",""confidence"":""high""}",verified,,CA,CA,90807,90807.0,LONG BEACH,Long Beach,Los Angeles County,Los Angeles County,not_flagged,verified_address,in_la_county,include_default_map,verified address in Los Angeles County
lacdmh-sa1-7716-7,"2323 A E. PALMDALE BLVD., PALMDALE, CA 93550-4957",-118.085673,34.581397,"2323 East Palmdale Boulevard, #A, Palmdale, California 93550, United States",success,high,,"{""secondary_address"":""plausible"",""address_number"":""matched"",""street"":""matched"",""postcode"":""unmatched"",""place"":""matched"",""region"":""matched"",""locality"":""not_applicable"",""country"":""inferred"",""confidence"":""high""}",verified,,CA,CA,93550,93550.0,PALMDALE,Palmdale,Los Angeles County,Los Angeles County,not_flagged,verified_address,in_la_county,include_default_map,verified address in Los Angeles County
lacdmh-sa1-1904-8,"349A E. AVENUE K6, LANCASTER, CA 93535-4548",-118.124135,34.67002,"349 East Avenue K 6, Lancaster, California 93535, United States",success,low,,"{""address_number"":""unmatched"",""street"":""unmatched"",""postcode"":""unmatched"",""place"":""matched"",""region"":""matched"",""locality"":""not_applicable"",""country"":""inferred"",""confidence"":""low""}",needs_review,low_confidence;address_number_not_matched;street_not_matched,CA,CA,93535,93535.0,LANCASTER,Lancaster,Los Angeles County,Los Angeles County,not_flagged,needs_review_address,in_la_county,manual_review,address match quality needs review
lacdmh-sa1-19LL-9,"251 E AVENUE K6 STE H, LANCASTER, CA 93535-4548",-118.126406,34.670012,"251 East Avenue K 6, STE H, Lancaster, California 93535, United States",success,medium,,"{""secondary_address"":""matched"",""address_number"":""matched"",""street"":""unmatched"",""postcode"":""unmatched"",""place"":""matched"",""region"":""matched"",""locality"":""not_applicable"",""country"":""inferred"",""confidence"":""medium""}",needs_review,medium_confidence;street_not_matched,CA,CA,93535,93535.0,LANCASTER,Lancaster,Los Angeles County,Los Angeles County,not_flagged,needs_review_address,in_la_county,manual_review,address match quality needs review
lacdmh-sa1-8388-10,"1600 WEST AVENUE J, LANCASTER, CA 93534-2814",-118.159166,34.688109,"1600 West Avenue J, Lancaster, California 93534, United States",success,high,,"{""address_number"":""matched"",""street"":""matched"",""postcode"":""unmatched"",""place"":""matched"",""region"":""matched"",""locality"":""not_applicable"",""country"":""inferred"",""confidence"":""high""}",verified,,CA,CA,93534,93534.0,LANCASTER,Lancaster,Los Angeles County,Los Angeles County,not_flagged,verified_address,in_la_county,include_default_map,verified address in Los Angeles County
lacdmh-sa1-8393-11,"10900 E. 183RD ST. STE. 105, CERRITOS, CA 90703-7743",-118.101926,33.864915,"10900 183rd Street, STE 105, Cerritos, California 90703, United States",success,high,,"{""secondary_address"":""plausible"",""address_number"":""matched"",""street"":""matched"",""postcode"":""unmatched"",""place"":""matched"",""region"":""matched"",""locality"":""not_applicable"",""country"":""inferred"",""confidence"":""high""}",verified,,CA,CA,90703,90703.0,CERRITOS,Cerritos,Los Angeles County,Los Angeles County,not_flagged,verified_address,in_la_county,include_default_map,verified address in Los Angeles County
lacdmh-sa1-7756-12,"251 H EAST AVENUE K6, LANCASTER, CA 93535-4513",-118.116993,34.667713,"East Avenue K 8, Lancaster, California 93535, United States",success,,,,needs_review,missing_confidence;non_address_result:street,CA,CA,93535,93535.0,LANCASTER,Lancaster,Los Angeles County,Los Angeles County,not_flagged,needs_review_address,in_la_county,manual_review,address match quality needs review
lacdmh-sa1-8395-13,"11303 SPRING MEADOW LN., SAN DIEGO, CA 92128",-117.086911,32.941827,"11303 Spring Meadow Lane, San Diego, California 92128, United States",success,exact,,"{""address_number"":""matched"",""street"":""matched"",""postcode"":""matched"",""place"":""matched"",""region"":""matched"",""locality"":""not_applicable"",""country"":""inferred"",""confidence"":""exact""}",verified,,CA,CA,92128,92128.0,SAN DIEGO,San Diego,Los Angeles County,San Diego County,outside_la_county_review,verified_address,outside_la_county,exclude_default_map,correctly geocoded but outside Los Angeles County
lacdmh-sa1-7967-14,"40015 SIERRA HWY. STE. B280, PALMDALE, CA 93550-2143",-118.123563,34.609808,"40015 Sierra Highway, STE B280, Palmdale, California 93550, United States",success,high,,"{""secondary_address"":""matched"",""address_number"":""matched"",""street"":""matched"",""postcode"":""unmatched"",""place"":""matched"",""region"":""matched"",""locality"":""not_applicable"",""country"":""inferred"",""confidence"":""high""}",verified,,CA,CA,93550,93550.0,PALMDALE,Palmdale,Los Angeles County,Los Angeles County,not_flagged,verified_address,in_la_county,include_default_map,verified address in Los Angeles County
lacdmh-sa1-8508-15,"127 BROADWAY SUITE 200, SANTA MONICA, CA 90401-2330",-118.495901,34.013452,"127 Broadway, STE 200, Santa Monica, California 90401, United States",success,high,,"{""secondary_address"":""matched"",""address_number"":""matched"",""street"":""matched"",""postcode"":""unmatched"",""place"":""matched"",""region"":""matched"",""locality"":""not_applicable"",""country"":""inferred"",""confidence"":""high""}",verified,,CA,CA,90401,90401.0,SANTA MONICA,Santa Monica,Los Angeles County,Los Angeles County,not_flagged,verified_address,in_la_county,include_default_map,verified address in Los Angeles County
lacdmh-sa1-8010-16,"301 VICTORIA ST, COSTA MESA, CA 92627",-117.911783,33.651883,"301 Victoria Street, Costa Mesa, California 92627, United States",success,exact,,"{""address_number"":""matched"",""street"":""matched"",""postcode"":""matched"",""place"":""matched"",""region"":""matched"",""locality"":""not_applicable"",""country"":""inferred"",""confidence"":""exact""}",verified,,CA,CA,92627,92627.0,COSTA MESA,Costa Mesa,Los Angeles County,Orange County,outside_la_county_review,verified_address,outside_la_county,exclude_default_map,correctly geocoded but outside Los Angeles County
lacdmh-sa1-19BE-17,"190 SIERRA CT UNIT C-3, PALMDALE, CA 93550-7609",-118.128724,34.639623,"190 Sierra Court, STE C3, Palmdale, California 93550, United States",success,high,,"{""secondary_address"":""matched"",""address_number"":""matched"",""street"":""matched"",""postcode"":""unmatched"",""place"":""matched"",""region"":""matched"",""locality"":""not_applicable"",""country"":""inferred"",""confidence"":""high""}",verified,,CA,CA,93550,93550.0,PALMDALE,Palmdale,Los Angeles County,Los Angeles County,not_flagged,verified_address,in_la_county,include_default_map,verified address in Los Angeles County
lacdmh-sa1-7225-18,"40005 10TH ST. W SUITE 106, PALMDALE, CA 93551-3013",-118.148419,34.609701,"40005 10th Street West, STE 106, Palmdale, California 93551, United States",success,high,,"{""secondary_address"":""matched"",""address_number"":""matched"",""street"":""matched"",""postcode"":""unmatched"",""place"":""matched"",""region"":""matched"",""locality"":""not_applicable"",""country"":""inferred"",""confidence"":""high""}",verified,,CA,CA,93551,93551.0,PALMDALE,Palmdale,Los Angeles County,Los Angeles County,not_flagged,verified_address,in_la_county,include_default_map,verified address in Los Angeles County
lacdmh-sa1-7301-19,"525 W AVE P4, PALMDALE, CA 93551-3743",-118.140608,34.557964,"525 West Avenue S, #p4, Palmdale, California 93551, United States",success,low,,"{""secondary_address"":""plausible"",""address_number"":""plausible"",""street"":""unmatched"",""postcode"":""unmatched"",""place"":""matched"",""region"":""matched"",""locality"":""not_applicable"",""country"":""inferred"",""confidence"":""low""}",needs_review,low_confidence;address_number_not_matched;street_not_matched,CA,CA,93551,93551.0,PALMDALE,Palmdale,Los Angeles County,Los Angeles County,not_flagged,needs_review_address,in_la_county,manual_review,address match quality needs review
lacdmh-sa1-7473-20,"921 C AVE. J, LANCASTER, CA 93534-3443",-118.141776,34.689452,"West Avenue J, Lancaster, California 93534, United States",success,,,,needs_review,missing_confidence;non_address_result:street,CA,CA,93534,93534.0,LANCASTER,Lancaster,Los Angeles County,Los Angeles County,not_flagged,needs_review_address,in_la_county,manual_review,address match quality needs review
lacdmh-sa1-8337-21,"42055 50TH ST. W. STE. 7, LANCASTER, CA 93536-3520",-118.218897,34.647201,"42055 50th Street West, STE 7, Lancaster, California 93536, United States",success,high,,"{""secondary_address"":""matched"",""address_number"":""matched"",""street"":""matched"",""postcode"":""unmatched"",""place"":""matched"",""region"":""matched"",""locality"":""not_applicable"",""country"":""inferred"",""confidence"":""high""}",verified,,CA,CA,93536,93536.0,LANCASTER,Lancaster,Los Angeles County,Los Angeles County,not_flagged,verified_address,in_la_county,include_default_map,verified address in Los Angeles County
lacdmh-sa1-8231-22,"301 VICTORIA ST., COSTA MESA, CA 92627-3201",-117.911783,33.651883,"301 Victoria Street, Costa Mesa, California 92627, United States",success,high,,"{""address_number"":""matched"",""street"":""matched"",""postcode"":""unmatched"",""place"":""matched"",""region"":""matched"",""locality"":""not_applicable"",""country"":""inferred"",""confidence"":""high""}",verified,,CA,CA,92627,92627.0,COSTA MESA,Costa Mesa,Los Angeles County,Orange County,outside_la_county_review,verified_address,outside_la_county,exclude_default_map,correctly geocoded but outside Los Angeles County
lacdmh-sa1-19HJ-23,"44116 63RD ST. W., LANCASTER, CA 93536-7567",-118.242411,34.684312,"44116 63rd Street West, Lancaster, California 93536, United States",success,high,,"{""address_number"":""matched"",""street"":""matched"",""postcode"":""unmatched"",""place"":""matched"",""region"":""matched"",""locality"":""not_applicable"",""country"":""inferred"",""confidence"":""high""}",verified,,CA,CA,93536,93536.0,LANCASTER,Lancaster,Los Angeles County,Los Angeles County,not_flagged,verified_address,in_la_county,include_default_map,verified address in Los Angeles County
lacdmh-sa1-19HW-24,"44423 HANSTEAD AVE., LANCASTER, CA 93535-3224",-118.115784,34.690219,"44423 Hanstead Avenue, Lancaster, California 93535, United States",success,high,,"{""address_number"":""matched"",""street"":""matched"",""postcode"":""unmatched"",""place"":""matched"",""region"":""matched"",""locality"":""not_applicable"",""country"":""inferred"",""confidence"":""high""}",verified,,CA,CA,93535,93535.0,LANCASTER,Lancaster,Los Angeles County,Los Angeles County,not_flagged,verified_address,in_la_county,include_default_map,verified address in Los Angeles County
lacdmh-sa1-19HV-25,"823 E. PILLSBURY ST., LANCASTER, CA 93535-3209",-118.113943,34.691458,"823 East Pillsbury Street, Lancaster, California 93535, United States",success,high,,"{""address_number"":""matched"",""street"":""matched"",""postcode"":""unmatched"",""place"":""matched"",""region"":""matched"",""locality"":""not_applicable"",""country"":""inferred"",""confidence"":""high""}",verified,,CA,CA,93535,93535.0,LANCASTER,Lancaster,Los Angeles County,Los Angeles County,not_flagged,verified_address,in_la_county,include_default_map,verified address in Los Angeles County
lacdmh-sa1-19HE-26,"1868 E GLADWICK ST., CARSON, CA 90746-2570",-118.235356,33.852639,"1868 East Gladwick Street, Carson, California 90746, United States",success,high,,"{""address_number"":""matched"",""street"":""matched"",""postcode"":""unmatched"",""place"":""matched"",""region"":""matched"",""locality"":""not_applicable"",""country"":""inferred"",""confidence"":""high""}",verified,,CA,CA,90746,90746.0,CARSON,Carson,Los Angeles County,Los Angeles County,not_flagged,verified_address,in_la_county,include_default_map,verified address in Los Angeles County
lacdmh-sa1-7478-27,"2323 A E. PALMDALE BLVD., PALMDALE, CA 93550-4036",-118.085673,34.581397,"2323 East Palmdale Boulevard, #A, Palmdale, California 93550, United States",success,high,,"{""secondary_address"":""plausible"",""address_number"":""matched"",""street"":""matched"",""postcode"":""unmatched"",""place"":""matched"",""region"":""matched"",""locality"":""not_applicable"",""country"":""inferred"",""confidence"":""high""}",verified,,CA,CA,93550,93550.0,PALMDALE,Palmdale,Los Angeles County,Los Angeles County,not_flagged,verified_address,in_la_county,include_default_map,verified address in Los Angeles County
lacdmh-sa1-8013-28,"17075 DEVONSHIRE ST. STE. 204, NORTHRIDGE, CA 91325-1600",-118.504695,34.258047,"17075 Devonshire Street, STE 204, Northridge, California 91325, United States",success,high,,"{""secondary_address"":""matched"",""address_number"":""matched"",""street"":""matched"",""postcode"":""unmatched"",""place"":""matched"",""region"":""matched"",""locality"":""not_applicable"",""country"":""inferred"",""confidence"":""high""}",verified,,CA,CA,91325,91325.0,NORTHRIDGE,Northridge,Los Angeles County,Los Angeles County,not_flagged,verified_address,in_la_county,include_default_map,verified address in Los Angeles County
lacdmh-sa1-8115-29,"23700 CAMINO DEL SOL, TORRANCE, CA 90505-5017",-118.344246,33.81034,"23700 Camino Del Sol, Torrance, California 90505, United States",success,high,,"{""address_number"":""matched"",""street"":""matched"",""postcode"":""unmatched"",""place"":""matched"",""region"":""matched"",""locality"":""not_applicable"",""country"":""inferred"",""confidence"":""high""}",verified,,CA,CA,90505,90505.0,TORRANCE,Torrance,Los Angeles County,Los Angeles County,not_flagged,verified_address,in_la_county,include_default_map,verified address in Los Angeles County
lacdmh-sa1-8225-30,"20 IRONSIDES STREET SUITE 1, MARINA DEL REY, CA 90292-5981",-118.462071,33.974534,"20 Ironsides Street, APT 1, Marina del Rey, California 90292, United States",success,high,,"{""secondary_address"":""matched"",""address_number"":""matched"",""street"":""matched"",""postcode"":""unmatched"",""place"":""matched"",""region"":""matched"",""locality"":""not_applicable"",""country"":""inferred"",""confidence"":""high""}",verified,,CA,CA,90292,90292.0,MARINA DEL REY,Marina del Rey,Los Angeles County,Los Angeles County,not_flagged,verified_address,in_la_county,include_default_map,verified address in Los Angeles County
lacdmh-sa1-8426-31,"1601 DOVE ST. STE. 185, NEWPORT BEACH, CA 92660-2411",-117.866721,33.664149,"1601 Dove Street, STE 185, Newport Beach, California 92660, United States",success,high,,"{""secondary_address"":""matched"",""address_number"":""matched"",""street"":""matched"",""postcode"":""unmatched"",""place"":""matched"",""region"":""matched"",""locality"":""not_applicable"",""country"":""inferred"",""confidence"":""high""}",verified,,CA,CA,92660,92660.0,NEWPORT BEACH,Newport Beach,Los Angeles County,Orange County,outside_la_county_review,verified_address,outside_la_county,exclude_default_map,correctly geocoded but outside Los Angeles County
lacdmh-sa1-7679-32,"43807 10TH ST. W. STE. D., LANCASTER, CA 93534-4805",-118.148436,34.678793,"43807 10th Street West, STE D, Lancaster, California 93534, United States",success,high,,"{""secondary_address"":""matched"",""address_number"":""matched"",""street"":""matched"",""postcode"":""unmatched"",""place"":""matched"",""region"":""matched"",""locality"":""not_applicable"",""country"":""inferred"",""confidence"":""high""}",verified,,CA,CA,93534,93534.0,LANCASTER,Lancaster,Los Angeles County,Los Angeles County,not_flagged,verified_address,in_la_county,include_default_map,verified address in Los Angeles County
lacdmh-sa1-7931-33,"335 E AVENUE I AREA 12, LANCASTER, CA 93535-1916",-118.124675,34.70456,"335 East Avenue I, Lancaster, California 93535, United States",success,high,,"{""address_number"":""matched"",""street"":""matched"",""postcode"":""unmatched"",""place"":""matched"",""region"":""matched"",""locality"":""not_applicable"",""country"":""inferred"",""confidence"":""high""}",verified,,CA,CA,93535,93535.0,LANCASTER,Lancaster,Los Angeles County,Los Angeles County,not_flagged,verified_address,in_la_county,include_default_map,verified address in Los Angeles County
lacdmh-sa1-8418-34,"460 S. ESPLANADE ST., ORANGE, CA 92869-4802",-117.81017,33.78128,"460 South Esplanade Street, Orange, California 92869, United States",success,high,,"{""address_number"":""matched"",""street"":""matched"",""postcode"":""unmatched"",""place"":""matched"",""region"":""matched"",""locality"":""not_applicable"",""country"":""inferred"",""confidence"":""high""}",verified,,CA,CA,92869,92869.0,ORANGE,Orange,Los Angeles County,Orange County,outside_la_county_review,verified_address,outside_la_county,exclude_default_map,correctly geocoded but outside Los Angeles County
lacdmh-sa1-8196-35,"16901 NAPA STREET, NORTH HILLS, CA 91343-9998",-118.501268,34.227024,"16901 Napa Street, Northridge, California 91343, United States",success,medium,,"{""address_number"":""matched"",""street"":""matched"",""postcode"":""unmatched"",""place"":""unmatched"",""region"":""matched"",""locality"":""not_applicable"",""country"":""inferred"",""confidence"":""medium""}",needs_review,medium_confidence;city_mismatch,CA,CA,91343,91343.0,NORTH HILLS,Northridge,Los Angeles County,Los Angeles County,not_flagged,needs_review_address,in_la_county,manual_review,address match quality needs review
lacdmh-sa1-8401-36,"1652 W. AVE. J, LANCASTER, CA 93534-2814",-118.160416,34.689186,"1652 West Avenue J, Lancaster, California 93534, United States",success,high,,"{""address_number"":""matched"",""street"":""matched"",""postcode"":""unmatched"",""place"":""matched"",""region"":""matched"",""locality"":""not_applicable"",""country"":""inferred"",""confidence"":""high""}",verified,,CA,CA,93534,93534.0,LANCASTER,Lancaster,Los Angeles County,Los Angeles County,not_flagged,verified_address,in_la_county,include_default_map,verified address in Los Angeles County
lacdmh-sa1-8354-37,"415 W. ROUTE 66 STE. 202, GLENDORA, CA 91740-9998",-117.869935,34.129059,"415 W Route 66, STE 202, Glendora, California 91740, United States",success,high,,"{""secondary_address"":""matched"",""address_number"":""matched"",""street"":""matched"",""postcode"":""unmatched"",""place"":""matched"",""region"":""matched"",""locality"":""not_applicable"",""country"":""inferred"",""confidence"":""high""}",verified,,CA,CA,91740,91740.0,GLENDORA,Glendora,Los Angeles County,Los Angeles County,not_flagged,verified_address,in_la_county,include_default_map,verified address in Los Angeles County
lacdmh-sa1-8409-38,"4525 ATHERTON ST., LONG BEACH, CA 90815-5910",-118.140001,33.790349,"4525 East Atherton Street, Long Beach, California 90815, United States",success,medium,,"{""address_number"":""matched"",""street"":""unmatched"",""postcode"":""unmatched"",""place"":""matched"",""region"":""matched"",""locality"":""not_applicable"",""country"":""inferred"",""confidence"":""medium""}",needs_review,medium_confidence;street_not_matched,CA,CA,90815,90815.0,LONG BEACH,Long Beach,Los Angeles County,Los Angeles County,not_flagged,needs_review_address,in_la_county,manual_review,address match quality needs review
lacdmh-sa1-8260-39,"701 SANTA MONICA BLVD 230, SANTA MONICA, CA 90401-2623",-118.492252,34.019114,"701 Santa Monica Boulevard, STE 230, Santa Monica, California 90401, United States",success,high,,"{""secondary_address"":""matched"",""address_number"":""matched"",""street"":""matched"",""postcode"":""unmatched"",""place"":""matched"",""region"":""matched"",""locality"":""not_applicable"",""country"":""inferred"",""confidence"":""high""}",verified,,CA,CA,90401,90401.0,SANTA MONICA,Santa Monica,Los Angeles County,Los Angeles County,not_flagged,verified_address,in_la_county,include_default_map,verified address in Los Angeles County
lacdmh-sa1-8359-40,"1000 VIA NOGALES, RANCHO PALOS VERDE, CA 90274-9998",-118.39381,33.79384,"1000 Via Nogales, Palos Verdes Estates, California 90274, United States",success,medium,,"{""address_number"":""matched"",""street"":""matched"",""postcode"":""unmatched"",""place"":""unmatched"",""region"":""matched"",""locality"":""not_applicable"",""country"":""inferred"",""confidence"":""medium""}",needs_review,medium_confidence;city_mismatch,CA,CA,90274,90274.0,RANCHO PALOS VERDE,Palos Verdes Estates,Los Angeles County,Los Angeles County,not_flagged,needs_review_address,in_la_county,manual_review,address match quality needs review
lacdmh-sa1-8419-41,"3605 LONG BEACH BLVD SUITE 304, LONG BEACH, CA 90807-6018",-118.18973,33.82269,"3605 Long Beach Boulevard, STE 304, Long Beach, California 90807, United States",success,high,,"{""secondary_address"":""matched"",""address_number"":""matched"",""street"":""matched"",""postcode"":""unmatched"",""place"":""matched"",""region"":""matched"",""locality"":""not_applicable"",""country"":""inferred"",""confidence"":""high""}",verified,,CA,CA,90807,90807.0,LONG BEACH,Long Beach,Los Angeles County,Los Angeles County,not_flagged,verified_address,in_la_county,include_default_map,verified address in Los Angeles County
lacdmh-sa1-8423-42,"112 W. GRAND BLVD., CORONA, CA 92882-2006",-117.567162,33.871686,"112 West Grand Boulevard, Corona, California 92882, United States",success,high,,"{""address_number"":""matched"",""street"":""matched"",""postcode"":""unmatched"",""place"":""matched"",""region"":""matched"",""locality"":""not_applicable"",""country"":""inferred"",""confidence"":""high""}",verified,,CA,CA,92882,92882.0,CORONA,Corona,Los Angeles County,Riverside County,outside_la_county_review,verified_address,outside_la_county,exclude_default_map,correctly geocoded but outside Los Angeles County
lacdmh-sa1-19F6-43,"45244 32ND STREET WEST, LANCASTER, CA 93536-8442",-118.187539,34.704714,"45244 32nd Street West, Lancaster, California 93536, United States",success,high,,"{""address_number"":""matched"",""street"":""matched"",""postcode"":""unmatched"",""place"":""matched"",""region"":""matched"",""locality"":""not_applicable"",""country"":""inferred"",""confidence"":""high""}",verified,,CA,CA,93536,93536.0,LANCASTER,Lancaster,Los Angeles County,Los Angeles County,not_flagged,verified_address,in_la_county,include_default_map,verified address in Los Angeles County
lacdmh-sa1-8417-44,"4333 TORRANCE BLVD, TORRANCE, CA 90503-4401",-118.360107,33.838028,"4333 Torrance Boulevard, Torrance, California 90503, United States",success,high,,"{""address_number"":""matched"",""street"":""matched"",""postcode"":""unmatched"",""place"":""matched"",""region"":""matched"",""locality"":""not_applicable"",""country"":""inferred"",""confidence"":""high""}",verified,,CA,CA,90503,90503.0,TORRANCE,Torrance,Los Angeles County,Los Angeles County,not_flagged,verified_address,in_la_county,include_default_map,verified address in Los Angeles County
lacdmh-sa1-8403-45,"1487 E. CHEVY CHASE BLVD, GLENDALE, CA 91206-4008",-118.232842,34.152249,"1487 East Chevy Chase Drive, Glendale, California 91206, United States",success,medium,,"{""address_number"":""matched"",""street"":""unmatched"",""postcode"":""unmatched"",""place"":""matched"",""region"":""matched"",""locality"":""not_applicable"",""country"":""inferred"",""confidence"":""medium""}",needs_review,medium_confidence;street_not_matched,CA,CA,91206,91206.0,GLENDALE,Glendale,Los Angeles County,Los Angeles County,not_flagged,needs_review_address,in_la_county,manual_review,address match quality needs review
lacdmh-sa1-19N5-46,"601 W LANCASTER BLVD, LANCASTER, CA 93534-3107",-118.13981,34.698614,"601 West Lancaster Boulevard, Lancaster, California 93534, United States",success,high,,"{""address_number"":""matched"",""street"":""matched"",""postcode"":""unmatched"",""place"":""matched"",""region"":""matched"",""locality"":""not_applicable"",""country"":""inferred"",""confidence"":""high""}",verified,,CA,CA,93534,93534.0,LANCASTER,Lancaster,Los Angeles County,Los Angeles County,not_flagged,verified_address,in_la_county,include_default_map,verified address in Los Angeles County
lacdmh-sa1-8230-47,"700 N. PACIFIC COAST HWY STE. 301, REDONDO BEACH, CA 90277-6146",-118.389393,33.852909,"700 Pacific Coast Highway, STE 301, Redondo Beach, California 90277, United States",success,high,,"{""secondary_address"":""matched"",""address_number"":""matched"",""street"":""matched"",""postcode"":""unmatched"",""place"":""matched"",""region"":""matched"",""locality"":""not_applicable"",""country"":""inferred"",""confidence"":""high""}",verified,,CA,CA,90277,90277.0,REDONDO BEACH,Redondo Beach,Los Angeles County,Los Angeles County,not_flagged,verified_address,in_la_county,include_default_map,verified address in Los Angeles County
lacdmh-sa1-8405-48,"23823 MALIBU RD STE 50 189, MALIBU, CA 90265-4628",-118.693482,34.034083,"23823 Malibu Road, STE 50, Malibu, California 90265, United States",success,high,,"{""secondary_address"":""matched"",""address_number"":""matched"",""street"":""matched"",""postcode"":""unmatched"",""place"":""matched"",""region"":""matched"",""locality"":""not_applicable"",""country"":""inferred"",""confidence"":""high""}",verified,,CA,CA,90265,90265.0,MALIBU,Malibu,Los Angeles County,Los Angeles County,not_flagged,verified_address,in_la_county,include_default_map,verified address in Los Angeles County
lacdmh-sa1-8035-49,"6229 MORSE AVE, N HOLLYWOOD, CA 91606-9998",-118.415698,34.184769,"6229 Morse Avenue, North Hollywood, California 91606, United States",success,medium,,"{""address_number"":""matched"",""street"":""matched"",""postcode"":""unmatched"",""place"":""unmatched"",""region"":""matched"",""locality"":""not_applicable"",""country"":""inferred"",""confidence"":""medium""}",needs_review,medium_confidence;city_mismatch,CA,CA,91606,91606.0,N HOLLYWOOD,North Hollywood,Los Angeles County,Los Angeles County,not_flagged,needs_review_address,in_la_county,manual_review,address match quality needs review
lacdmh-sa1-8357-50,"2222 FOOTHILL BLVD, LA CANADA, CA 91011-9998",-118.254187,34.048051,"Los Angeles, California, United States",success,,,,needs_review,missing_confidence;non_address_result:place;vague_place_name;missing_returned_zip;city_mismatch,CA,CA,91011,,LA CANADA,Los Angeles,Los Angeles County,Los Angeles County,not_flagged,needs_review_address,in_la_county,manual_review,address match quality needs review
lacdmh-sa1-7792-51,"314 E. AVE. K-4 UNITS 104-108, LANCASTER, CA 93535-4503",-118.125325,34.696519,"314 East Lancaster Boulevard, units 104-108, Lancaster, California 93535, United States",success,medium,,"{""secondary_address"":""plausible"",""address_number"":""matched"",""street"":""unmatched"",""postcode"":""unmatched"",""place"":""matched"",""region"":""matched"",""locality"":""not_applicable"",""country"":""inferred"",""confidence"":""medium""}",needs_review,medium_confidence;street_not_matched,CA,CA,93535,93535.0,LANCASTER,Lancaster,Los Angeles County,Los Angeles County,not_flagged,needs_review_address,in_la_county,manual_review,address match quality needs review
lacdmh-sa1-19AM-52,"2231 E. PALMDALE BLVD., PALMDALE, CA 93550-1326",-118.087114,34.581534,"2231 East Palmdale Boulevard, Palmdale, California 93550, United States",success,high,,"{""address_number"":""matched"",""street"":""matched"",""postcode"":""unmatched"",""place"":""matched"",""region"":""matched"",""locality"":""not_applicable"",""country"":""inferred"",""confidence"":""high""}",verified,,CA,CA,93550,93550.0,PALMDALE,Palmdale,Los Angeles County,Los Angeles County,not_flagged,verified_address,in_la_county,include_default_map,verified address in Los Angeles County
lacdmh-sa1-8171-53,"4525 E ATHERTON STREET, LONG BEACH, CA 90815-3700",-118.140001,33.790349,"4525 East Atherton Street, Long Beach, California 90815, United States",success,high,,"{""address_number"":""matched"",""street"":""matched"",""postcode"":""unmatched"",""place"":""matched"",""region"":""matched"",""locality"":""not_applicable"",""country"":""inferred"",""confidence"":""high""}",verified,,CA,CA,90815,90815.0,LONG BEACH,Long Beach,Los Angeles County,Los Angeles County,not_flagged,verified_address,in_la_county,include_default_map,verified address in Los Angeles County
lacdmh-sa1-19BY-54,"1529 E PALMDALE BLVD STE 100, PALMDALE, CA 93550-2028",-118.102261,34.580131,"1529 East Palmdale Boulevard, STE 100, Palmdale, California 93550, United States",success,high,,"{""secondary_address"":""matched"",""address_number"":""matched"",""street"":""matched"",""postcode"":""unmatched"",""place"":""matched"",""region"":""matched"",""locality"":""not_applicable"",""country"":""inferred"",""confidence"":""high""}",verified,,CA,CA,93550,93550.0,PALMDALE,Palmdale,Los Angeles County,Los Angeles County,not_flagged,verified_address,in_la_county,include_default_map,verified address in Los Angeles County
lacdmh-sa1-7204-55,"506 W. JACKMAN ST., LANCASTER, CA 93534-2531",-118.137725,34.701446,"506 West Jackman Street, Lancaster, California 93534, United States",success,high,,"{""address_number"":""matched"",""street"":""matched"",""postcode"":""unmatched"",""place"":""matched"",""region"":""matched"",""locality"":""not_applicable"",""country"":""inferred"",""confidence"":""high""}",verified,,CA,CA,93534,93534.0,LANCASTER,Lancaster,Los Angeles County,Los Angeles County,not_flagged,verified_address,in_la_county,include_default_map,verified address in Los Angeles County
lacdmh-sa1-19EJ-56,"1000 W. AVE J, LANCASTER, CA 93534-3329",-118.14965,34.688415,"1000 West Avenue J, Lancaster, California 93534, United States",success,high,,"{""address_number"":""matched"",""street"":""matched"",""postcode"":""unmatched"",""place"":""matched"",""region"":""matched"",""locality"":""not_applicable"",""country"":""inferred"",""confidence"":""high""}",verified,,CA,CA,93534,93534.0,LANCASTER,Lancaster,Los Angeles County,Los Angeles County,not_flagged,verified_address,in_la_county,include_default_map,verified address in Los Angeles County
lacdmh-sa1-8101-57,"2491 PACIFIC AVE, LONG BEACH, CA 90806-2900",-118.194069,33.802429,"2491 Pacific Avenue, Long Beach, California 90806, United States",success,high,,"{""address_number"":""matched"",""street"":""matched"",""postcode"":""unmatched"",""place"":""matched"",""region"":""matched"",""locality"":""not_applicable"",""country"":""inferred"",""confidence"":""high""}",verified,,CA,CA,90806,90806.0,LONG BEACH,Long Beach,Los Angeles County,Los Angeles County,not_flagged,verified_address,in_la_county,include_default_map,verified address in Los Angeles County
lacdmh-sa1-8415-58,"3294 SANTA FE AVE., LONG BEACH, CA 90810-5910",-118.215167,33.816585,"3294 Santa Fe Avenue, Long Beach, California 90810, United States",success,high,,"{""address_number"":""matched"",""street"":""matched"",""postcode"":""unmatched"",""place"":""matched"",""region"":""matched"",""locality"":""not_applicable"",""country"":""inferred"",""confidence"":""high""}",verified,,CA,CA,90810,90810.0,LONG BEACH,Long Beach,Los Angeles County,Los Angeles County,not_flagged,verified_address,in_la_county,include_default_map,verified address in Los Angeles County
lacdmh-sa1-8413-59,"2776 PACIFIC AVENUE, LONG BEACH, CA 90806-2613",-118.192968,33.80727,"2776 Pacific Avenue, Long Beach, California 90806, United States",success,high,,"{""address_number"":""matched"",""street"":""matched"",""postcode"":""unmatched"",""place"":""matched"",""region"":""matched"",""locality"":""not_applicable"",""country"":""inferred"",""confidence"":""high""}",verified,,CA,CA,90806,90806.0,LONG BEACH,Long Beach,Los Angeles County,Los Angeles County,not_flagged,verified_address,in_la_county,include_default_map,verified address in Los Angeles County
lacdmh-sa1-7541-60,"520 W PALMDALE BLVD SUITE D E F G, PALMDALE, CA 93551-4229",-118.140272,34.58376,"520 West Palmdale Boulevard, STE D, Palmdale, California 93551, United States",success,high,,"{""secondary_address"":""matched"",""address_number"":""matched"",""street"":""matched"",""postcode"":""unmatched"",""place"":""matched"",""region"":""matched"",""locality"":""not_applicable"",""country"":""inferred"",""confidence"":""high""}",verified,,CA,CA,93551,93551.0,PALMDALE,Palmdale,Los Angeles County,Los Angeles County,not_flagged,verified_address,in_la_county,include_default_map,verified address in Los Angeles County
lacdmh-sa1-7352-61,"1609 E PALMDALE STE G, PALMDALE, CA 93550-4881",-118.100877,34.579975,"1609 East Palmdale Boulevard, STE G, Palmdale, California 93550, United States",success,medium,,"{""secondary_address"":""matched"",""address_number"":""matched"",""street"":""unmatched"",""postcode"":""unmatched"",""place"":""matched"",""region"":""matched"",""locality"":""not_applicable"",""country"":""inferred"",""confidence"":""medium""}",needs_review,medium_confidence;street_not_matched,CA,CA,93550,93550.0,PALMDALE,Palmdale,Los Angeles County,Los Angeles County,not_flagged,needs_review_address,in_la_county,manual_review,address match quality needs review
lacdmh-sa1-7386-62,"2260 E PALMDALE BLVD STE J, PALMDALE, CA 93550-4952",-118.088429,34.579201,"2260 East Palmdale Boulevard, STE J, Palmdale, California 93550, United States",success,high,,"{""secondary_address"":""plausible"",""address_number"":""matched"",""street"":""matched"",""postcode"":""unmatched"",""place"":""matched"",""region"":""matched"",""locality"":""not_applicable"",""country"":""inferred"",""confidence"":""high""}",verified,,CA,CA,93550,93550.0,PALMDALE,Palmdale,Los Angeles County,Los Angeles County,not_flagged,verified_address,in_la_county,include_default_map,verified address in Los Angeles County
lacdmh-sa1-19M1-63,"38345 30TH ST E STE C2, PALMDALE, CA 93550-4982",-118.07701,34.579291,"38345 30th Street East, STE C2, Palmdale, California 93550, United States",success,high,,"{""secondary_address"":""matched"",""address_number"":""matched"",""street"":""matched"",""postcode"":""unmatched"",""place"":""matched"",""region"":""matched"",""locality"":""not_applicable"",""country"":""inferred"",""confidence"":""high""}",verified,,CA,CA,93550,93550.0,PALMDALE,Palmdale,Los Angeles County,Los Angeles County,not_flagged,verified_address,in_la_county,include_default_map,verified address in Los Angeles County
lacdmh-sa1-7455-64,"43520 DIVISION STREET, LANCASTER, CA 93535-4089",-118.12953,34.67363,"43520 Division Street, Lancaster, California 93535, United States",success,high,,"{""address_number"":""matched"",""street"":""matched"",""postcode"":""unmatched"",""place"":""matched"",""region"":""matched"",""locality"":""not_applicable"",""country"":""inferred"",""confidence"":""high""}",verified,,CA,CA,93535,93535.0,LANCASTER,Lancaster,Los Angeles County,Los Angeles County,not_flagged,verified_address,in_la_county,include_default_map,verified address in Los Angeles County
lacdmh-sa1-7954-65,"348 E. AVE. K4, LANCASTER, CA 93535-4505",-118.123814,34.670829,"348 East Avenue K 4, Lancaster, California 93535, United States",success,medium,,"{""address_number"":""matched"",""street"":""unmatched"",""postcode"":""unmatched"",""place"":""matched"",""region"":""matched"",""locality"":""not_applicable"",""country"":""inferred"",""confidence"":""medium""}",needs_review,medium_confidence;street_not_matched,CA,CA,93535,93535.0,LANCASTER,Lancaster,Los Angeles County,Los Angeles County,not_flagged,needs_review_address,in_la_county,manual_review,address match quality needs review
lacdmh-sa1-8042-66,"2418 SAN GABRIEL BLVD, ROSEMEAD, CA 91770-3674",-118.090195,34.055856,"2418 San Gabriel Boulevard, Rosemead, California 91770, United States",success,high,,"{""address_number"":""matched"",""street"":""matched"",""postcode"":""unmatched"",""place"":""matched"",""region"":""matched"",""locality"":""not_applicable"",""country"":""inferred"",""confidence"":""high""}",verified,,CA,CA,91770,91770.0,ROSEMEAD,Rosemead,Los Angeles County,Los Angeles County,not_flagged,verified_address,in_la_county,include_default_map,verified address in Los Angeles County
lacdmh-sa1-7195-67,"427 S. ENCINAL CYN RD., MALIBU, CA 90265-2404",-118.868421,34.060628,"Encinal Canyon Road, Malibu, California 90265, United States",success,,,,needs_review,missing_confidence;non_address_result:street,CA,CA,90265,90265.0,MALIBU,Malibu,Los Angeles County,Los Angeles County,not_flagged,needs_review_address,in_la_county,manual_review,address match quality needs review
lacdmh-sa1-8394-68,"15720 VENTURA BLVD SUITE 303, ENCINO, CA 91436-2914",-118.475621,34.155041,"15720 Ventura Boulevard, STE 303, Encino, California 91436, United States",success,high,,"{""secondary_address"":""matched"",""address_number"":""matched"",""street"":""matched"",""postcode"":""unmatched"",""place"":""matched"",""region"":""matched"",""locality"":""not_applicable"",""country"":""inferred"",""confidence"":""high""}",verified,,CA,CA,91436,91436.0,ENCINO,Encino,Los Angeles County,Los Angeles County,not_flagged,verified_address,in_la_county,include_default_map,verified address in Los Angeles County
lacdmh-sa1-8283-69,"1505 W. AVE J STE. 103, LANCASTER, CA 93534-2843",-118.15724,34.689787,"1505 West Avenue J, STE 103, Lancaster, California 93534, United States",success,high,,"{""secondary_address"":""matched"",""address_number"":""matched"",""street"":""matched"",""postcode"":""unmatched"",""place"":""matched"",""region"":""matched"",""locality"":""not_applicable"",""country"":""inferred"",""confidence"":""high""}",verified,,CA,CA,93534,93534.0,LANCASTER,Lancaster,Los Angeles County,Los Angeles County,not_flagged,verified_address,in_la_county,include_default_map,verified address in Los Angeles County
lacdmh-sa1-8399-70,"301 VICTORIA ST., COSTA MESA, CA 92627-1995",-117.911783,33.651883,"301 Victoria Street, Costa Mesa, California 92627, United States",success,high,,"{""address_number"":""matched"",""street"":""matched"",""postcode"":""unmatched"",""place"":""matched"",""region"":""matched"",""locality"":""not_applicable"",""country"":""inferred"",""confidence"":""high""}",verified,,CA,CA,92627,92627.0,COSTA MESA,Costa Mesa,Los Angeles County,Orange County,outside_la_county_review,verified_address,outside_la_county,exclude_default_map,correctly geocoded but outside Los Angeles County
lacdmh-sa1-19IR SA1-71,"251 E AVENUE K-6 1ST FL STE B, LANCASTER, CA 93535-4513",-118.126419,34.669924,"251 East Avenue K 6, STE B, Lancaster, California 93535, United States",success,high,,"{""secondary_address"":""plausible"",""address_number"":""matched"",""street"":""matched"",""postcode"":""unmatched"",""place"":""matched"",""region"":""matched"",""locality"":""not_applicable"",""country"":""inferred"",""confidence"":""high""}",verified,,CA,CA,93535,93535.0,LANCASTER,Lancaster,Los Angeles County,Los Angeles County,not_flagged,verified_address,in_la_county,include_default_map,verified address in Los Angeles County
lacdmh-sa1-7933 SA1-72,"2323A E. PALMDALE BLVD., PALMDALE, CA 93550-4957",-118.085673,34.581397,"2323 East Palmdale Boulevard, Palmdale, California 93550, United States",success,low,,"{""address_number"":""unmatched"",""street"":""matched"",""postcode"":""unmatched"",""place"":""matched"",""region"":""matched"",""locality"":""not_applicable"",""country"":""inferred"",""confidence"":""low""}",needs_review,low_confidence;address_number_not_matched,CA,CA,93550,93550.0,PALMDALE,Palmdale,Los Angeles County,Los Angeles County,not_flagged,needs_review_address,in_la_county,manual_review,address match quality needs review
lacdmh-sa1-8050-73,"11900 VENTURA BLVD. STE. 1, STUDIO CITY, CA 91604-2606",-118.391061,34.142579,"11900 Ventura Boulevard, STE 1, Studio City, California 91604, United States",success,high,,"{""secondary_address"":""plausible"",""address_number"":""matched"",""street"":""matched"",""postcode"":""unmatched"",""place"":""matched"",""region"":""matched"",""locality"":""not_applicable"",""country"":""inferred"",""confidence"":""high""}",verified,,CA,CA,91604,91604.0,STUDIO CITY,Studio City,Los Angeles County,Los Angeles County,not_flagged,verified_address,in_la_county,include_default_map,verified address in Los Angeles County
lacdmh-sa1-8411-74,"415 W. ROUTE 66 STE. 202, GLENDORA, CA 91740-4335",-117.869935,34.129059,"415 W Route 66, STE 202, Glendora, California 91740, United States",success,high,,"{""secondary_address"":""matched"",""address_number"":""matched"",""street"":""matched"",""postcode"":""unmatched"",""place"":""matched"",""region"":""matched"",""locality"":""not_applicable"",""country"":""inferred"",""confidence"":""high""}",verified,,CA,CA,91740,91740.0,GLENDORA,Glendora,Los Angeles County,Los Angeles County,not_flagged,verified_address,in_la_county,include_default_map,verified address in Los Angeles County
lacdmh-sa1-7620-75,"176 HOLSTON DR., LANCASTER, CA 93535-4531",-118.128703,34.664553,"176 Holston Drive, Lancaster, California 93535, United States",success,high,,"{""address_number"":""matched"",""street"":""matched"",""postcode"":""unmatched"",""place"":""matched"",""region"":""matched"",""locality"":""not_applicable"",""country"":""inferred"",""confidence"":""high""}",verified,,CA,CA,93535,93535.0,LANCASTER,Lancaster,Los Angeles County,Los Angeles County,not_flagged,verified_address,in_la_county,include_default_map,verified address in Los Angeles County
lacdmh-sa1-7610-76,"176 HOLSTON DR., LANCASTER, CA 93535-4531",-118.128703,34.664553,"176 Holston Drive, Lancaster, California 93535, United States",success,high,,"{""address_number"":""matched"",""street"":""matched"",""postcode"":""unmatched"",""place"":""matched"",""region"":""matched"",""locality"":""not_applicable"",""country"":""inferred"",""confidence"":""high""}",verified,,CA,CA,93535,93535.0,LANCASTER,Lancaster,Los Angeles County,Los Angeles County,not_flagged,verified_address,in_la_county,include_default_map,verified address in Los Angeles County
lacdmh-sa1-7881-77,"1050 E PALMDLE BLVD STE 211, PALMDALE, CA 93550-4750",-118.1106,34.578938,"1050 East Palmdale Boulevard, STE 211, Palmdale, California 93550, United States",success,high,,"{""secondary_address"":""matched"",""address_number"":""matched"",""street"":""matched"",""postcode"":""unmatched"",""place"":""matched"",""region"":""matched"",""locality"":""not_applicable"",""country"":""inferred"",""confidence"":""high""}",verified,,CA,CA,93550,93550.0,PALMDALE,Palmdale,Los Angeles County,Los Angeles County,not_flagged,verified_address,in_la_county,include_default_map,verified address in Los Angeles County
lacdmh-sa1-19D5-78,"1216 W. AVE. J STE. 300, LANCASTER, CA 93534-2944",-118.153141,34.688342,"1216 West Avenue J, STE 300, Lancaster, California 93534, United States",success,high,,"{""secondary_address"":""matched"",""address_number"":""matched"",""street"":""matched"",""postcode"":""unmatched"",""place"":""matched"",""region"":""matched"",""locality"":""not_applicable"",""country"":""inferred"",""confidence"":""high""}",verified,,CA,CA,93534,93534.0,LANCASTER,Lancaster,Los Angeles County,Los Angeles County,not_flagged,verified_address,in_la_county,include_default_map,verified address in Los Angeles County
lacdmh-sa1-19G7-79,"415 E. AVE. I, LANCASTER, CA 93535-1916",-118.12222,34.70459,"415 East Avenue I, Lancaster, California 93535, United States",success,high,,"{""address_number"":""matched"",""street"":""matched"",""postcode"":""unmatched"",""place"":""matched"",""region"":""matched"",""locality"":""not_applicable"",""country"":""inferred"",""confidence"":""high""}",verified,,CA,CA,93535,93535.0,LANCASTER,Lancaster,Los Angeles County,Los Angeles County,not_flagged,verified_address,in_la_county,include_default_map,verified address in Los Angeles County
lacdmh-sa1-7741-80,"861 AUTO CENTER DR., PALMDALE, CA 93551-4493",-118.146156,34.591897,"861 Auto Center Drive, Palmdale, California 93551, United States",success,high,,"{""address_number"":""matched"",""street"":""matched"",""postcode"":""unmatched"",""place"":""matched"",""region"":""matched"",""locality"":""not_applicable"",""country"":""inferred"",""confidence"":""high""}",verified,,CA,CA,93551,93551.0,PALMDALE,Palmdale,Los Angeles County,Los Angeles County,not_flagged,verified_address,in_la_county,include_default_map,verified address in Los Angeles County
lacdmh-sa1-19GG-81,"44421 10TH ST. W., LANCASTER, CA 93534-3335",-118.148445,34.69012,"44421 10th Street West, Lancaster, California 93534, United States",success,high,,"{""address_number"":""matched"",""street"":""matched"",""postcode"":""unmatched"",""place"":""matched"",""region"":""matched"",""locality"":""not_applicable"",""country"":""inferred"",""confidence"":""high""}",verified,,CA,CA,93534,93534.0,LANCASTER,Lancaster,Los Angeles County,Los Angeles County,not_flagged,verified_address,in_la_county,include_default_map,verified address in Los Angeles County
lacdmh-sa1-19L4-82,"1037 E. PALMDALE BLVD., PALMDALE, CA 93550-4745",-118.110546,34.579829,"1037 East Palmdale Boulevard, Palmdale, California 93550, United States",success,high,,"{""address_number"":""matched"",""street"":""matched"",""postcode"":""unmatched"",""place"":""matched"",""region"":""matched"",""locality"":""not_applicable"",""country"":""inferred"",""confidence"":""high""}",verified,,CA,CA,93550,93550.0,PALMDALE,Palmdale,Los Angeles County,Los Angeles County,not_flagged,verified_address,in_la_county,include_default_map,verified address in Los Angeles County
lacdmh-sa1-7531-83,"44447 10TH ST W, LANCASTER, CA 93534-3324",-118.149068,34.691,"44447 10th Street West, Lancaster, California 93534, United States",success,high,,"{""address_number"":""matched"",""street"":""matched"",""postcode"":""unmatched"",""place"":""matched"",""region"":""matched"",""locality"":""not_applicable"",""country"":""inferred"",""confidence"":""high""}",verified,,CA,CA,93534,93534.0,LANCASTER,Lancaster,Los Angeles County,Los Angeles County,not_flagged,verified_address,in_la_county,include_default_map,verified address in Los Angeles County
lacdmh-sa1-7882-84,"320 E. PALMDALE BLVD., PALMDALE, CA 93550-4598",-118.124055,34.579489,"320 East Palmdale Boulevard, Palmdale, California 93550, United States",success,high,,"{""address_number"":""matched"",""street"":""matched"",""postcode"":""unmatched"",""place"":""matched"",""region"":""matched"",""locality"":""not_applicable"",""country"":""inferred"",""confidence"":""high""}",verified,,CA,CA,93550,93550.0,PALMDALE,Palmdale,Los Angeles County,Los Angeles County,not_flagged,verified_address,in_la_county,include_default_map,verified address in Los Angeles County
lacdmh-sa1-7885-85,"907 W. LANCASTER BLVD., LANCASTER, CA 93534-2305",-118.147166,34.697448,"907 West Lancaster Boulevard, Lancaster, California 93534, United States",success,high,,"{""address_number"":""matched"",""street"":""matched"",""postcode"":""unmatched"",""place"":""matched"",""region"":""matched"",""locality"":""not_applicable"",""country"":""inferred"",""confidence"":""high""}",verified,,CA,CA,93534,93534.0,LANCASTER,Lancaster,Los Angeles County,Los Angeles County,not_flagged,verified_address,in_la_county,include_default_map,verified address in Los Angeles County
lacdmh-sa1-1916-86,"44443 10TH ST W, LANCASTER, CA 93534-3346",-118.148461,34.690604,"44443 10th Street West, Lancaster, California 93534, United States",success,high,,"{""address_number"":""matched"",""street"":""matched"",""postcode"":""unmatched"",""place"":""matched"",""region"":""matched"",""locality"":""not_applicable"",""country"":""inferred"",""confidence"":""high""}",verified,,CA,CA,93534,93534.0,LANCASTER,Lancaster,Los Angeles County,Los Angeles County,not_flagged,verified_address,in_la_county,include_default_map,verified address in Los Angeles County
lacdmh-sa1-7940-87,"450 W PALMDALE BLVD STE B, PALMDALE, CA 93551-3104",-118.137981,34.582208,"450 West Palmdale Boulevard, STE B, Palmdale, California 93551, United States",success,high,,"{""secondary_address"":""matched"",""address_number"":""matched"",""street"":""matched"",""postcode"":""unmatched"",""place"":""matched"",""region"":""matched"",""locality"":""not_applicable"",""country"":""inferred"",""confidence"":""high""}",verified,,CA,CA,93551,93551.0,PALMDALE,Palmdale,Los Angeles County,Los Angeles County,not_flagged,verified_address,in_la_county,include_default_map,verified address in Los Angeles County
lacdmh-sa1-7488-88,"45111 FERN AVE, LANCASTER, CA 93534-2301",-118.145515,34.70146,"45111 Fern Avenue, Lancaster, California 93534, United States",success,high,,"{""address_number"":""matched"",""street"":""matched"",""postcode"":""unmatched"",""place"":""matched"",""region"":""matched"",""locality"":""not_applicable"",""country"":""inferred"",""confidence"":""high""}",verified,,CA,CA,93534,93534.0,LANCASTER,Lancaster,Los Angeles County,Los Angeles County,not_flagged,verified_address,in_la_county,include_default_map,verified address in Los Angeles County
lacdmh-sa1-8235-89,"1580 FIRST ST., NAPA, CA 94559-2841",-122.290871,38.297389,"1580 1st Street, Napa, California 94559, United States",success,medium,,"{""address_number"":""matched"",""street"":""unmatched"",""postcode"":""unmatched"",""place"":""matched"",""region"":""matched"",""locality"":""not_applicable"",""country"":""inferred"",""confidence"":""medium""}",needs_review,medium_confidence;street_not_matched,CA,CA,94559,94559.0,NAPA,Napa,Los Angeles County,Napa County,outside_la_county_review,needs_review_address,outside_la_county,exclude_default_map,outside Los Angeles County
lacdmh-sa1-8392-90,"15021 VENTURA BLVD SUITE 332, SHERMAN OAKS, CA 91403-2442",-118.460336,34.15305,"15021 Ventura Boulevard, STE 332, Sherman Oaks, California 91403, United States",success,high,,"{""secondary_address"":""plausible"",""address_number"":""matched"",""street"":""matched"",""postcode"":""unmatched"",""place"":""matched"",""region"":""matched"",""locality"":""not_applicable"",""country"":""inferred"",""confidence"":""high""}",verified,,CA,CA,91403,91403.0,SHERMAN OAKS,Sherman Oaks,Los Angeles County,Los Angeles County,not_flagged,verified_address,in_la_county,include_default_map,verified address in Los Angeles County
lacdmh-sa1-8004-91,"7801 SUNSET BLVD., LOS ANGELES, CA 90046-3911",-118.359603,34.098275,"7801 West Sunset Boulevard, Los Angeles, California 90046, United States",success,medium,,"{""address_number"":""matched"",""street"":""unmatched"",""postcode"":""unmatched"",""place"":""matched"",""region"":""matched"",""locality"":""not_applicable"",""country"":""inferred"",""confidence"":""medium""}",needs_review,medium_confidence;street_not_matched,CA,CA,90046,90046.0,LOS ANGELES,Los Angeles,Los Angeles County,Los Angeles County,not_flagged,needs_review_address,in_la_county,manual_review,address match quality needs review
lacdmh-sa1-8424-92,"3756 SANTA ROSALIA DR. STE. 617, LOS ANGELES, CA 90008-3606",-118.339248,34.008812,"3756 Santa Rosalia Drive, STE 617, Los Angeles, California 90008, United States",success,high,,"{""secondary_address"":""matched"",""address_number"":""matched"",""street"":""matched"",""postcode"":""unmatched"",""place"":""matched"",""region"":""matched"",""locality"":""not_applicable"",""country"":""inferred"",""confidence"":""high""}",verified,,CA,CA,90008,90008.0,LOS ANGELES,Los Angeles,Los Angeles County,Los Angeles County,not_flagged,verified_address,in_la_county,include_default_map,verified address in Los Angeles County
lacdmh-sa1-8435-93,"510 S. GRAND AVE 200, GLENDORA, CA 91741-4291",-117.871968,34.130193,"510 South Grand Avenue, STE 200, Glendora, California 91741, United States",success,high,,"{""secondary_address"":""matched"",""address_number"":""matched"",""street"":""matched"",""postcode"":""unmatched"",""place"":""matched"",""region"":""matched"",""locality"":""not_applicable"",""country"":""inferred"",""confidence"":""high""}",verified,,CA,CA,91741,91741.0,GLENDORA,Glendora,Los Angeles County,Los Angeles County,not_flagged,verified_address,in_la_county,include_default_map,verified address in Los Angeles County
lacdmh-sa1-8077-94,"18811 HUNTINGTON ST. STE. 200, HUNTINGTON BEACH, CA 92648-9998",-117.99578,33.68964,"18811 Huntington Street, #200, Huntington Beach, California 92648, United States",success,high,,"{""secondary_address"":""matched"",""address_number"":""matched"",""street"":""matched"",""postcode"":""unmatched"",""place"":""matched"",""region"":""matched"",""locality"":""not_applicable"",""country"":""inferred"",""confidence"":""high""}",verified,,CA,CA,92648,92648.0,HUNTINGTON BEACH,Huntington Beach,Los Angeles County,Orange County,outside_la_county_review,verified_address,outside_la_county,exclude_default_map,correctly geocoded but outside Los Angeles County
lacdmh-sa1-19KA-95,"8144 ESCONDIDO CANYON RD., ACTON, CA 93510-1534",-118.27585,34.49214,"8144 Escondido Canyon Road, Acton, California 93510, United States",success,high,,"{""address_number"":""matched"",""street"":""matched"",""postcode"":""unmatched"",""place"":""matched"",""region"":""matched"",""locality"":""not_applicable"",""country"":""inferred"",""confidence"":""high""}",verified,,CA,CA,93510,93510.0,ACTON,Acton,Los Angeles County,Los Angeles County,not_flagged,verified_address,in_la_county,include_default_map,verified address in Los Angeles County
lacdmh-sa2-19M3 19M3R-96,"14124 BUCHER AVE, SYLMAR, CA 91342-1424",-118.44377,34.32732,"14124 Bucher Avenue, Sylmar, California 91342, United States",success,high,,"{""address_number"":""matched"",""street"":""matched"",""postcode"":""unmatched"",""place"":""matched"",""region"":""matched"",""locality"":""not_applicable"",""country"":""inferred"",""confidence"":""high""}",verified,,CA,CA,91342,91342.0,SYLMAR,Sylmar,Los Angeles County,Los Angeles County,not_flagged,verified_address,in_la_county,include_default_map,verified address in Los Angeles County
lacdmh-sa2-7355J 7355J-97,"17000 HAYNES ST., VAN NUYS, CA 91406-5420",-118.504795,34.18957,"17000 Haynes Street, Van Nuys, California 91406, United States",success,high,,"{""address_number"":""matched"",""street"":""matched"",""postcode"":""unmatched"",""place"":""matched"",""region"":""matched"",""locality"":""not_applicable"",""country"":""inferred"",""confidence"":""high""}",verified,,CA,CA,91406,91406.0,VAN NUYS,Van Nuys,Los Angeles County,Los Angeles County,not_flagged,verified_address,in_la_county,include_default_map,verified address in Los Angeles County
lacdmh-sa2-7927-98,"15760 VENTURA BLVD. STE. 920, ENCINO, CA 91436-3019",-118.476575,34.154794,"15760 Ventura Boulevard, STE 920, Encino, California 91436, United States",success,high,,"{""secondary_address"":""matched"",""address_number"":""matched"",""street"":""matched"",""postcode"":""unmatched"",""place"":""matched"",""region"":""matched"",""locality"":""not_applicable"",""country"":""inferred"",""confidence"":""high""}",verified,,CA,CA,91436,91436.0,ENCINO,Encino,Los Angeles County,Los Angeles County,not_flagged,verified_address,in_la_county,include_default_map,verified address in Los Angeles County
lacdmh-sa2-19B4-99,"27200 TOURNEY RD. STE. 175, VALENCIA, CA 91335-4990",-118.57578,34.4176,"27200 Tourney Road, UNIT 175, Valencia, California 91355, United States",success,high,,"{""secondary_address"":""matched"",""address_number"":""matched"",""street"":""matched"",""postcode"":""unmatched"",""place"":""matched"",""region"":""matched"",""locality"":""not_applicable"",""country"":""inferred"",""confidence"":""high""}",needs_review,zip_mismatch,CA,CA,91335,91355.0,VALENCIA,Valencia,Los Angeles County,Los Angeles County,not_flagged,verified_city_or_zip_mismatch,in_la_county,include_with_warning,address-level match with city or ZIP mismatch warning
lacdmh-sa2-7589-100,"5335 CRANER AVE., NORTH HOLLYWOOD, CA 91601-3313",-118.369458,34.167926,"5335 Craner Avenue, North Hollywood, California 91601, United States",success,high,,"{""address_number"":""matched"",""street"":""matched"",""postcode"":""unmatched"",""place"":""matched"",""region"":""matched"",""locality"":""not_applicable"",""country"":""inferred"",""confidence"":""high""}",verified,,CA,CA,91601,91601.0,NORTH HOLLYWOOD,North Hollywood,Los Angeles County,Los Angeles County,not_flagged,verified_address,in_la_county,include_default_map,verified address in Los Angeles County
lacdmh-sa2-7362-101,"15350 SHERMAN WAY. STE. 200, VAN NUYS, CA 91406-4203",-118.467482,34.200321,"15350 Sherman Way, STE 200, Van Nuys, California 91406, United States",success,high,,"{""secondary_address"":""matched"",""address_number"":""matched"",""street"":""matched"",""postcode"":""unmatched"",""place"":""matched"",""region"":""matched"",""locality"":""not_applicable"",""country"":""inferred"",""confidence"":""high""}",verified,,CA,CA,91406,91406.0,VAN NUYS,Van Nuys,Los Angeles County,Los Angeles County,not_flagged,verified_address,in_la_county,include_default_map,verified address in Los Angeles County
lacdmh-sa2-7626-102,"5805 SEPULVEDA BLVD. 710, VAN NUYS, CA 91411-2522",-118.466795,34.176171,"5805 Sepulveda Boulevard, Van Nuys, California 91411, United States",success,high,,"{""address_number"":""matched"",""street"":""matched"",""postcode"":""unmatched"",""place"":""matched"",""region"":""matched"",""locality"":""not_applicable"",""country"":""inferred"",""confidence"":""high""}",verified,,CA,CA,91411,91411.0,VAN NUYS,Van Nuys,Los Angeles County,Los Angeles County,not_flagged,verified_address,in_la_county,include_default_map,verified address in Los Angeles County
lacdmh-sa2-7814-103,"6655 BALBOA BLVD., VAN NUYS, CA 91406-5529",-118.50158,34.18938,"6655 Balboa Boulevard, Van Nuys, California 91406, United States",success,high,,"{""address_number"":""matched"",""street"":""matched"",""postcode"":""unmatched"",""place"":""matched"",""region"":""matched"",""locality"":""not_applicable"",""country"":""inferred"",""confidence"":""high""}",verified,,CA,CA,91406,91406.0,VAN NUYS,Van Nuys,Los Angeles County,Los Angeles County,not_flagged,verified_address,in_la_county,include_default_map,verified address in Los Angeles County
lacdmh-sa2-7814X-104,"6655 BALBOA BLVD., VAN NUYS, CA 91406-5529",-118.50158,34.18938,"6655 Balboa Boulevard, Van Nuys, California 91406, United States",success,high,,"{""address_number"":""matched"",""street"":""matched"",""postcode"":""unmatched"",""place"":""matched"",""region"":""matched"",""locality"":""not_applicable"",""country"":""inferred"",""confidence"":""high""}",verified,,CA,CA,91406,91406.0,VAN NUYS,Van Nuys,Los Angeles County,Los Angeles County,not_flagged,verified_address,in_la_county,include_default_map,verified address in Los Angeles County
lacdmh-sa2-6821-105,"16350 FILBERT ST, SYLMAR, CA 91342-1002",-118.485096,34.315365,"16350 Filbert Street, Sylmar, California 91342, United States",success,high,,"{""address_number"":""matched"",""street"":""matched"",""postcode"":""unmatched"",""place"":""matched"",""region"":""matched"",""locality"":""not_applicable"",""country"":""inferred"",""confidence"":""high""}",verified,,CA,CA,91342,91342.0,SYLMAR,Sylmar,Los Angeles County,Los Angeles County,not_flagged,verified_address,in_la_county,include_default_map,verified address in Los Angeles County
lacdmh-sa2-7772-106,"20501 VENTURA BLVD. STE.170 180, WOODLAND HILLS, CA 91364-2337",-118.579723,34.168263,"20501 Ventura Boulevard, ste. 170 180, Woodland Hills, California 91364, United States",success,high,,"{""secondary_address"":""plausible"",""address_number"":""matched"",""street"":""matched"",""postcode"":""unmatched"",""place"":""matched"",""region"":""matched"",""locality"":""not_applicable"",""country"":""inferred"",""confidence"":""high""}",verified,,CA,CA,91364,91364.0,WOODLAND HILLS,Woodland Hills,Los Angeles County,Los Angeles County,not_flagged,verified_address,in_la_county,include_default_map,verified address in Los Angeles County
lacdmh-sa2-7877-107,"200 NORTH THIRD STREET 3RD FLOOR, BURBANK, CA 91502-1201",-118.308783,34.183156,"200 North 3rd Street, Burbank, California 91502, United States",success,high,,"{""address_number"":""matched"",""street"":""matched"",""postcode"":""unmatched"",""place"":""matched"",""region"":""matched"",""locality"":""not_applicable"",""country"":""inferred"",""confidence"":""high""}",verified,,CA,CA,91502,91502.0,BURBANK,Burbank,Los Angeles County,Los Angeles County,not_flagged,verified_address,in_la_county,include_default_map,verified address in Los Angeles County
lacdmh-sa2-7966-108,"10200 SEPULVEDA BLVD 170, MISSION HILLS, CA 91345-2649",-118.466573,34.255709,"10200 Sepulveda Boulevard, STE 170, Mission Hills, California 91345, United States",success,high,,"{""secondary_address"":""matched"",""address_number"":""matched"",""street"":""matched"",""postcode"":""unmatched"",""place"":""matched"",""region"":""matched"",""locality"":""not_applicable"",""country"":""inferred"",""confidence"":""high""}",verified,,CA,CA,91345,91345.0,MISSION HILLS,Mission Hills,Los Angeles County,Los Angeles County,not_flagged,verified_address,in_la_county,include_default_map,verified address in Los Angeles County
lacdmh-sa2-19KR-109,"14129 BUCHER AVE, SYLMAR, CA 91342-1442",-118.44448,34.32788,"14129 Bucher Avenue, Sylmar, California 91342, United States",success,high,,"{""address_number"":""matched"",""street"":""matched"",""postcode"":""unmatched"",""place"":""matched"",""region"":""matched"",""locality"":""not_applicable"",""country"":""inferred"",""confidence"":""high""}",verified,,CA,CA,91342,91342.0,SYLMAR,Sylmar,Los Angeles County,Los Angeles County,not_flagged,verified_address,in_la_county,include_default_map,verified address in Los Angeles County
lacdmh-sa2-7479A-110,"21545 CENTRE POINTE PARKWAY, SANTA CLARITA, CA 91350-2947",-118.513812,34.412972,"21545 Centre Pointe Parkway, Santa Clarita, California 91350, United States",success,high,,"{""address_number"":""matched"",""street"":""matched"",""postcode"":""unmatched"",""place"":""matched"",""region"":""matched"",""locality"":""not_applicable"",""country"":""inferred"",""confidence"":""high""}",verified,,CA,CA,91350,91350.0,SANTA CLARITA,Santa Clarita,Los Angeles County,Los Angeles County,not_flagged,verified_address,in_la_county,include_default_map,verified address in Los Angeles County
lacdmh-sa2-7247-111,"8550 BALBOA BLVD STE 150, NORTHRIDGE, CA 91325-3562",-118.502396,34.226491,"8550 Balboa Boulevard, STE 150, Northridge, California 91325, United States",success,high,,"{""secondary_address"":""matched"",""address_number"":""matched"",""street"":""matched"",""postcode"":""unmatched"",""place"":""matched"",""region"":""matched"",""locality"":""not_applicable"",""country"":""inferred"",""confidence"":""high""}",verified,,CA,CA,91325,91325.0,NORTHRIDGE,Northridge,Los Angeles County,Los Angeles County,not_flagged,verified_address,in_la_county,include_default_map,verified address in Los Angeles County
lacdmh-sa2-7980-112,"9119 HASKELL AVE, NORTH HILLS, CA 91343-3121",-118.476682,34.23626,"9119 Haskell Avenue, North Hills, California 91343, United States",success,high,,"{""address_number"":""matched"",""street"":""matched"",""postcode"":""unmatched"",""place"":""matched"",""region"":""matched"",""locality"":""not_applicable"",""country"":""inferred"",""confidence"":""high""}",verified,,CA,CA,91343,91343.0,NORTH HILLS,North Hills,Los Angeles County,Los Angeles County,not_flagged,verified_address,in_la_county,include_default_map,verified address in Los Angeles County
lacdmh-sa2-1975-113,"9650 ZELZAH AVE, NORTHRIDGE, CA 91325-2003",-118.522578,34.246348,"9650 Zelzah Avenue, Northridge, California 91325, United States",success,high,,"{""address_number"":""matched"",""street"":""matched"",""postcode"":""unmatched"",""place"":""matched"",""region"":""matched"",""locality"":""not_applicable"",""country"":""inferred"",""confidence"":""high""}",verified,,CA,CA,91325,91325.0,NORTHRIDGE,Northridge,Los Angeles County,Los Angeles County,not_flagged,verified_address,in_la_county,include_default_map,verified address in Los Angeles County
lacdmh-sa2-8232-114,"1711 W. TEMPLE ST. STE. 6642, LOS ANGELES, CA 90026-5421",-118.263439,34.069514,"1711 West Temple Street, STE 6642, Los Angeles, California 90026, United States",success,high,,"{""secondary_address"":""plausible"",""address_number"":""matched"",""street"":""matched"",""postcode"":""unmatched"",""place"":""matched"",""region"":""matched"",""locality"":""not_applicable"",""country"":""inferred"",""confidence"":""high""}",verified,,CA,CA,90026,90026.0,LOS ANGELES,Los Angeles,Los Angeles County,Los Angeles County,not_flagged,verified_address,in_la_county,include_default_map,verified address in Los Angeles County
lacdmh-sa2-19M9-115,"14112 S KINGSLEY DR, GARDENA, CA 90249-3018",-118.303951,33.902863,"14112 Kingsley Drive, Gardena, California 90249, United States",success,high,,"{""address_number"":""matched"",""street"":""matched"",""postcode"":""unmatched"",""place"":""matched"",""region"":""matched"",""locality"":""not_applicable"",""country"":""inferred"",""confidence"":""high""}",verified,,CA,CA,90249,90249.0,GARDENA,Gardena,Los Angeles County,Los Angeles County,not_flagged,verified_address,in_la_county,include_default_map,verified address in Los Angeles County
lacdmh-sa2-7483-116,"225 W. BROADWAY AVE. STE. 155, GLENDALE, CA 91204-1332",-118.25677,34.14729,"225 West Broadway, STE 155, Glendale, California 91204, United States",success,high,,"{""secondary_address"":""matched"",""address_number"":""matched"",""street"":""matched"",""postcode"":""unmatched"",""place"":""matched"",""region"":""matched"",""locality"":""not_applicable"",""country"":""inferred"",""confidence"":""high""}",verified,,CA,CA,91204,91204.0,GLENDALE,Glendale,Los Angeles County,Los Angeles County,not_flagged,verified_address,in_la_county,include_default_map,verified address in Los Angeles County
lacdmh-sa2-19GW-117,"5525 VINELAND AVE., NORTH HOLLYWOOD, CA 91601-2730",-118.370665,34.170714,"5525 Vineland Avenue, North Hollywood, California 91601, United States",success,high,,"{""address_number"":""matched"",""street"":""matched"",""postcode"":""unmatched"",""place"":""matched"",""region"":""matched"",""locality"":""not_applicable"",""country"":""inferred"",""confidence"":""high""}",verified,,CA,CA,91601,91601.0,NORTH HOLLYWOOD,North Hollywood,Los Angeles County,Los Angeles County,not_flagged,verified_address,in_la_county,include_default_map,verified address in Los Angeles County
lacdmh-sa2-19GP-118,"1440 E. BROADWAY, GLENDALE, CA 91205-1503",-118.232794,34.144689,"1440 East Broadway, Glendale, California 91205, United States",success,high,,"{""address_number"":""matched"",""street"":""matched"",""postcode"":""unmatched"",""place"":""matched"",""region"":""matched"",""locality"":""not_applicable"",""country"":""inferred"",""confidence"":""high""}",verified,,CA,CA,91205,91205.0,GLENDALE,Glendale,Los Angeles County,Los Angeles County,not_flagged,verified_address,in_la_county,include_default_map,verified address in Los Angeles County
lacdmh-sa2-19GN-119,"501 E. ACACIA AVE., GLENDALE, CA 91205-2823",-118.248977,34.135279,"501 East Acacia Avenue, Glendale, California 91205, United States",success,high,,"{""address_number"":""matched"",""street"":""matched"",""postcode"":""unmatched"",""place"":""matched"",""region"":""matched"",""locality"":""not_applicable"",""country"":""inferred"",""confidence"":""high""}",verified,,CA,CA,91205,91205.0,GLENDALE,Glendale,Los Angeles County,Los Angeles County,not_flagged,verified_address,in_la_county,include_default_map,verified address in Los Angeles County
lacdmh-sa2-7812-120,"1540 E COLORADO STREET, GLENDALE, CA 91205-1514",-118.23,34.1425,"1540 East Colorado Street, Glendale, California 91205, United States",success,high,,"{""address_number"":""matched"",""street"":""matched"",""postcode"":""unmatched"",""place"":""matched"",""region"":""matched"",""locality"":""not_applicable"",""country"":""inferred"",""confidence"":""high""}",verified,,CA,CA,91205,91205.0,GLENDALE,Glendale,Los Angeles County,Los Angeles County,not_flagged,verified_address,in_la_county,include_default_map,verified address in Los Angeles County
lacdmh-sa2-7868-121,"11643 GLENOAKS BLVD, PACOIMA, CA 91331-1050",-118.420269,34.280984,"11643 Glenoaks Boulevard, Pacoima, California 91331, United States",success,high,,"{""address_number"":""matched"",""street"":""matched"",""postcode"":""unmatched"",""place"":""matched"",""region"":""matched"",""locality"":""not_applicable"",""country"":""inferred"",""confidence"":""high""}",verified,,CA,CA,91331,91331.0,PACOIMA,Pacoima,Los Angeles County,Los Angeles County,not_flagged,verified_address,in_la_county,include_default_map,verified address in Los Angeles County
lacdmh-sa2-7628-122,"10515 BALBOA BLVD. STE. 150, GRANADA HILLS, CA 91344-6355",-118.502726,34.261758,"10515 Balboa Boulevard, STE 150, Granada Hills, California 91344, United States",success,high,,"{""secondary_address"":""matched"",""address_number"":""matched"",""street"":""matched"",""postcode"":""unmatched"",""place"":""matched"",""region"":""matched"",""locality"":""not_applicable"",""country"":""inferred"",""confidence"":""high""}",verified,,CA,CA,91344,91344.0,GRANADA HILLS,Granada Hills,Los Angeles County,Los Angeles County,not_flagged,verified_address,in_la_county,include_default_map,verified address in Los Angeles County
lacdmh-sa2-7102-123,"10526 DUBNOFF WAY, NORTH HOLLYWOOD, CA 91606-3921",-118.360786,34.186546,"10526 Dubnoff Way, North Hollywood, California 91606, United States",success,high,,"{""address_number"":""matched"",""street"":""matched"",""postcode"":""unmatched"",""place"":""matched"",""region"":""matched"",""locality"":""not_applicable"",""country"":""inferred"",""confidence"":""high""}",verified,,CA,CA,91606,91606.0,NORTH HOLLYWOOD,North Hollywood,Los Angeles County,Los Angeles County,not_flagged,verified_address,in_la_county,include_default_map,verified address in Los Angeles County
lacdmh-sa2-7571-124,"11631 VICTORY BLVD STE 207, NORTH HOLLYWOOD, CA 91606-3572",-118.385699,34.187257,"11631 Victory Boulevard, STE 207, North Hollywood, California 91606, United States",success,high,,"{""secondary_address"":""matched"",""address_number"":""matched"",""street"":""matched"",""postcode"":""unmatched"",""place"":""matched"",""region"":""matched"",""locality"":""not_applicable"",""country"":""inferred"",""confidence"":""high""}",verified,,CA,CA,91606,91606.0,NORTH HOLLYWOOD,North Hollywood,Los Angeles County,Los Angeles County,not_flagged,verified_address,in_la_county,include_default_map,verified address in Los Angeles County
lacdmh-sa2-7371-125,"566 S BRAND BLVD, SAN FERNANDO, CA 91340-4002",-118.443609,34.278558,"566 South Brand Boulevard, San Fernando, California 91340, United States",success,high,,"{""address_number"":""matched"",""street"":""matched"",""postcode"":""unmatched"",""place"":""matched"",""region"":""matched"",""locality"":""not_applicable"",""country"":""inferred"",""confidence"":""high""}",verified,,CA,CA,91340,91340.0,SAN FERNANDO,San Fernando,Los Angeles County,Los Angeles County,not_flagged,verified_address,in_la_county,include_default_map,verified address in Los Angeles County
lacdmh-sa2-19MN-126,"14500 ROSCOE BLVD STE 205, LOS ANGELES, CA 91402-4190",-118.449161,34.221186,"14500 Roscoe Boulevard, STE 205, Panorama City, California 91402, United States",success,medium,,"{""secondary_address"":""plausible"",""address_number"":""matched"",""street"":""matched"",""postcode"":""unmatched"",""place"":""unmatched"",""region"":""matched"",""locality"":""not_applicable"",""country"":""inferred"",""confidence"":""medium""}",needs_review,medium_confidence;city_mismatch,CA,CA,91402,91402.0,LOS ANGELES,Panorama City,Los Angeles County,Los Angeles County,not_flagged,needs_review_address,in_la_county,manual_review,address match quality needs review
lacdmh-sa2-7050-127,"7038 OWENSMOUTH AVE, CANOGA PARK, CA 91303-3198",-118.601285,34.198474,"7038 Owensmouth Avenue, Canoga Park, California 91303, United States",success,high,,"{""address_number"":""matched"",""street"":""matched"",""postcode"":""unmatched"",""place"":""matched"",""region"":""matched"",""locality"":""not_applicable"",""country"":""inferred"",""confidence"":""high""}",verified,,CA,CA,91303,91303.0,CANOGA PARK,Canoga Park,Los Angeles County,Los Angeles County,not_flagged,verified_address,in_la_county,include_default_map,verified address in Los Angeles County
lacdmh-sa2-7477-128,"919 1ST ST., SAN FERNANDO, CA 91340-2957",-118.438632,34.283408,"919 1st Street, San Fernando, California 91340, United States",success,high,,"{""address_number"":""matched"",""street"":""matched"",""postcode"":""unmatched"",""place"":""matched"",""region"":""matched"",""locality"":""not_applicable"",""country"":""inferred"",""confidence"":""high""}",verified,,CA,CA,91340,91340.0,SAN FERNANDO,San Fernando,Los Angeles County,Los Angeles County,not_flagged,verified_address,in_la_county,include_default_map,verified address in Los Angeles County
lacdmh-sa2-8378-129,"1505 WILSON TER. STE. 230, GLENDALE, CA 91206-4071",-118.23115,34.149975,"1505 Wilson Terrace, STE 230, Glendale, California 91206, United States",success,high,,"{""secondary_address"":""matched"",""address_number"":""matched"",""street"":""matched"",""postcode"":""unmatched"",""place"":""matched"",""region"":""matched"",""locality"":""not_applicable"",""country"":""inferred"",""confidence"":""high""}",verified,,CA,CA,91206,91206.0,GLENDALE,Glendale,Los Angeles County,Los Angeles County,not_flagged,verified_address,in_la_county,include_default_map,verified address in Los Angeles County
lacdmh-sa2-8406-130,"20300 VENTURA BLVD 315, WOODLAND HILLS, CA 91364-2448",-118.575234,34.168979,"20300 Ventura Boulevard, STE 315, Woodland Hills, California 91364, United States",success,high,,"{""secondary_address"":""matched"",""address_number"":""matched"",""street"":""matched"",""postcode"":""unmatched"",""place"":""matched"",""region"":""matched"",""locality"":""not_applicable"",""country"":""inferred"",""confidence"":""high""}",verified,,CA,CA,91364,91364.0,WOODLAND HILLS,Woodland Hills,Los Angeles County,Los Angeles County,not_flagged,verified_address,in_la_county,include_default_map,verified address in Los Angeles County
lacdmh-sa2-8438-131,"17075 DEVONSHIRE ST, NORTHRIDGE, CA 91325-1600",-118.504721,34.257834,"17075 Devonshire Street, Northridge, California 91325, United States",success,high,,"{""address_number"":""matched"",""street"":""matched"",""postcode"":""unmatched"",""place"":""matched"",""region"":""matched"",""locality"":""not_applicable"",""country"":""inferred"",""confidence"":""high""}",verified,,CA,CA,91325,91325.0,NORTHRIDGE,Northridge,Los Angeles County,Los Angeles County,not_flagged,verified_address,in_la_county,include_default_map,verified address in Los Angeles County
lacdmh-sa2-8005-132,"18546 ROSCOE BLVD. STE. 210, NORTHRIDGE, CA 91324",-118.53793,34.22047,"18546 Roscoe Boulevard, STE 210, Northridge, California 91324, United States",success,high,,"{""secondary_address"":""matched"",""address_number"":""matched"",""street"":""matched"",""postcode"":""matched"",""place"":""matched"",""region"":""matched"",""locality"":""not_applicable"",""country"":""inferred"",""confidence"":""high""}",verified,,CA,CA,91324,91324.0,NORTHRIDGE,Northridge,Los Angeles County,Los Angeles County,not_flagged,verified_address,in_la_county,include_default_map,verified address in Los Angeles County
lacdmh-sa2-8014-133,"4669 ARRIBA DR., TARZANA, CA 91356-4825",-118.544777,34.154955,"4669 Arriba Drive, Tarzana, California 91356, United States",success,high,,"{""address_number"":""matched"",""street"":""matched"",""postcode"":""unmatched"",""place"":""matched"",""region"":""matched"",""locality"":""not_applicable"",""country"":""inferred"",""confidence"":""high""}",verified,,CA,CA,91356,91356.0,TARZANA,Tarzana,Los Angeles County,Los Angeles County,not_flagged,verified_address,in_la_county,include_default_map,verified address in Los Angeles County
lacdmh-sa2-19CP-134,"8142 SUNLAND BLVD., SUN VALLEY, CA 91352-3948",-118.369475,34.218305,"8142 Sunland Boulevard, Sun Valley, California 91352, United States",success,high,,"{""address_number"":""matched"",""street"":""matched"",""postcode"":""unmatched"",""place"":""matched"",""region"":""matched"",""locality"":""not_applicable"",""country"":""inferred"",""confidence"":""high""}",verified,,CA,CA,91352,91352.0,SUN VALLEY,Sun Valley,Los Angeles County,Los Angeles County,not_flagged,verified_address,in_la_county,include_default_map,verified address in Los Angeles County
lacdmh-sa2-1954-135,"12502 VAN NUYS BLVD SUITE 201, PACOIMA, CA 91331-6723",-118.405109,34.277743,"12502 Van Nuys Boulevard, STE 201, Pacoima, California 91331, United States",success,high,,"{""secondary_address"":""matched"",""address_number"":""matched"",""street"":""matched"",""postcode"":""unmatched"",""place"":""matched"",""region"":""matched"",""locality"":""not_applicable"",""country"":""inferred"",""confidence"":""high""}",verified,,CA,CA,91331,91331.0,PACOIMA,Pacoima,Los Angeles County,Los Angeles County,not_flagged,verified_address,in_la_county,include_default_map,verified address in Los Angeles County
lacdmh-sa2-7068-136,"12450 VAN NUYS BLVD SUITE 200, PACOIMA, CA 91331-1391",-118.404074,34.278652,"12450 Van Nuys Boulevard, STE 200, Pacoima, California 91331, United States",success,high,,"{""secondary_address"":""matched"",""address_number"":""matched"",""street"":""matched"",""postcode"":""unmatched"",""place"":""matched"",""region"":""matched"",""locality"":""not_applicable"",""country"":""inferred"",""confidence"":""high""}",verified,,CA,CA,91331,91331.0,PACOIMA,Pacoima,Los Angeles County,Los Angeles County,not_flagged,verified_address,in_la_county,include_default_map,verified address in Los Angeles County
lacdmh-sa2-6758-137,"12408 VAN NUYS BLVD BLDG C, PACOIMA, CA 91331-1313",-118.403537,34.278988,"12408 Van Nuys Boulevard, BLDG C, Pacoima, California 91331, United States",success,high,,"{""secondary_address"":""plausible"",""address_number"":""matched"",""street"":""matched"",""postcode"":""unmatched"",""place"":""matched"",""region"":""matched"",""locality"":""not_applicable"",""country"":""inferred"",""confidence"":""high""}",verified,,CA,CA,91331,91331.0,PACOIMA,Pacoima,Los Angeles County,Los Angeles County,not_flagged,verified_address,in_la_county,include_default_map,verified address in Los Angeles County
lacdmh-sa2-7420-138,"12408 VAN NUYS BLVD BLDG D, PACOIMA, CA 91331-1313",-118.403537,34.278988,"12408 Van Nuys Boulevard, BLDG D, Pacoima, California 91331, United States",success,high,,"{""secondary_address"":""plausible"",""address_number"":""matched"",""street"":""matched"",""postcode"":""unmatched"",""place"":""matched"",""region"":""matched"",""locality"":""not_applicable"",""country"":""inferred"",""confidence"":""high""}",verified,,CA,CA,91331,91331.0,PACOIMA,Pacoima,Los Angeles County,Los Angeles County,not_flagged,verified_address,in_la_county,include_default_map,verified address in Los Angeles County
lacdmh-sa2-19CU-139,"1001 ARROYO ST., SAN FERNANDO, CA 91340-1817",-118.420615,34.289542,"1001 Arroyo Street, San Fernando, California 91340, United States",success,high,,"{""address_number"":""matched"",""street"":""matched"",""postcode"":""unmatched"",""place"":""matched"",""region"":""matched"",""locality"":""not_applicable"",""country"":""inferred"",""confidence"":""high""}",verified,,CA,CA,91340,91340.0,SAN FERNANDO,San Fernando,Los Angeles County,Los Angeles County,not_flagged,verified_address,in_la_county,include_default_map,verified address in Los Angeles County
lacdmh-sa2-19DN-140,"12001 ART ST., SUN VALLEY, CA 91352-2409",-118.394398,34.231414,"12001 Art Street, Sun Valley, California 91352, United States",success,high,,"{""address_number"":""matched"",""street"":""matched"",""postcode"":""unmatched"",""place"":""matched"",""region"":""matched"",""locality"":""not_applicable"",""country"":""inferred"",""confidence"":""high""}",verified,,CA,CA,91352,91352.0,SUN VALLEY,Sun Valley,Los Angeles County,Los Angeles County,not_flagged,verified_address,in_la_county,include_default_map,verified address in Los Angeles County
lacdmh-sa2-19E6-141,"12431 ROSCOE BLVD., SUN VALLEY, CA 91352-3723",-118.404314,34.22266,"12431 Roscoe Boulevard, Sun Valley, California 91352, United States",success,high,,"{""address_number"":""matched"",""street"":""matched"",""postcode"":""unmatched"",""place"":""matched"",""region"":""matched"",""locality"":""not_applicable"",""country"":""inferred"",""confidence"":""high""}",verified,,CA,CA,91352,91352.0,SUN VALLEY,Sun Valley,Los Angeles County,Los Angeles County,not_flagged,verified_address,in_la_county,include_default_map,verified address in Los Angeles County
lacdmh-sa2-19DM-142,"15035 VALERIO ST., VAN NUYS, CA 91405-1742",-118.460463,34.205135,"15035 Valerio Street, Van Nuys, California 91405, United States",success,high,,"{""address_number"":""matched"",""street"":""matched"",""postcode"":""unmatched"",""place"":""matched"",""region"":""matched"",""locality"":""not_applicable"",""country"":""inferred"",""confidence"":""high""}",verified,,CA,CA,91405,91405.0,VAN NUYS,Van Nuys,Los Angeles County,Los Angeles County,not_flagged,verified_address,in_la_county,include_default_map,verified address in Los Angeles County
lacdmh-sa2-19CV-143,"13330 VAUGHN ST., SAN FERNANDO, CA 91340-2216",-118.423113,34.28096,"13330 Vaughn Street, San Fernando, California 91340, United States",success,high,,"{""address_number"":""matched"",""street"":""matched"",""postcode"":""unmatched"",""place"":""matched"",""region"":""matched"",""locality"":""not_applicable"",""country"":""inferred"",""confidence"":""high""}",verified,,CA,CA,91340,91340.0,SAN FERNANDO,San Fernando,Los Angeles County,Los Angeles County,not_flagged,verified_address,in_la_county,include_default_map,verified address in Los Angeles County
lacdmh-sa2-19D2-144,"13233 EUSTACE ST., PACOIMA, CA 91331-0000",-118.421265,34.279655,"13233 Eustace Street, Pacoima, California 91331, United States",success,high,,"{""address_number"":""matched"",""street"":""matched"",""postcode"":""unmatched"",""place"":""matched"",""region"":""matched"",""locality"":""not_applicable"",""country"":""inferred"",""confidence"":""high""}",verified,,CA,CA,91331,91331.0,PACOIMA,Pacoima,Los Angeles County,Los Angeles County,not_flagged,verified_address,in_la_county,include_default_map,verified address in Los Angeles County
lacdmh-sa2-19G8-145,"11200 HERRICK AVE., PACOIMA, CA 91331-1921",-118.416752,34.273723,"11200 Herrick Avenue, Pacoima, California 91331, United States",success,high,,"{""address_number"":""matched"",""street"":""matched"",""postcode"":""unmatched"",""place"":""matched"",""region"":""matched"",""locality"":""not_applicable"",""country"":""inferred"",""confidence"":""high""}",verified,,CA,CA,91331,91331.0,PACOIMA,Pacoima,Los Angeles County,Los Angeles County,not_flagged,verified_address,in_la_county,include_default_map,verified address in Los Angeles County
lacdmh-sa2-19G9-146,"13421 VAUGHN ST, SAN FERNANDO, CA 91340-2528",-118.425742,34.279973,"13421 Vaughn Street, San Fernando, California 91340, United States",success,high,,"{""address_number"":""matched"",""street"":""matched"",""postcode"":""unmatched"",""place"":""matched"",""region"":""matched"",""locality"":""not_applicable"",""country"":""inferred"",""confidence"":""high""}",verified,,CA,CA,91340,91340.0,SAN FERNANDO,San Fernando,Los Angeles County,Los Angeles County,not_flagged,verified_address,in_la_county,include_default_map,verified address in Los Angeles County
lacdmh-sa2-19GA-147,"11505 HERRICK AVE., PACOIMA, CA 91331-1807",-118.423656,34.278895,"11505 Herrick Avenue, Pacoima, California 91331, United States",success,high,,"{""address_number"":""matched"",""street"":""matched"",""postcode"":""unmatched"",""place"":""matched"",""region"":""matched"",""locality"":""not_applicable"",""country"":""inferred"",""confidence"":""high""}",verified,,CA,CA,91331,91331.0,PACOIMA,Pacoima,Los Angeles County,Los Angeles County,not_flagged,verified_address,in_la_county,include_default_map,verified address in Los Angeles County
lacdmh-sa2-19DY-148,"11828 GAIN ST., LAKE VIEW TERRACE, CA 91342-7132",-118.390784,34.280752,"11828 Gain Street, Lake View Terrace, California 91342, United States",success,high,,"{""address_number"":""matched"",""street"":""matched"",""postcode"":""unmatched"",""place"":""matched"",""region"":""matched"",""locality"":""not_applicable"",""country"":""inferred"",""confidence"":""high""}",verified,,CA,CA,91342,91342.0,LAKE VIEW TERRACE,Lake View Terrace,Los Angeles County,Los Angeles County,not_flagged,verified_address,in_la_county,include_default_map,verified address in Los Angeles County
lacdmh-sa2-19EQ-149,"10965 MOUNT GLEASON AVE., SUNLAND, CA 91040-2229",-118.303661,34.269226,"10965 Mount Gleason Avenue, Sunland, California 91040, United States",success,high,,"{""address_number"":""matched"",""street"":""matched"",""postcode"":""unmatched"",""place"":""matched"",""region"":""matched"",""locality"":""not_applicable"",""country"":""inferred"",""confidence"":""high""}",verified,,CA,CA,91040,91040.0,SUNLAND,Sunland,Los Angeles County,Los Angeles County,not_flagged,verified_address,in_la_county,include_default_map,verified address in Los Angeles County
lacdmh-sa2-19HF-150,"8501 ARLETA AVE., SUN VALLEY, CA 91352-2958",-118.40679,34.22354,"8501 Arleta Avenue, Sun Valley, California 91352, United States",success,high,,"{""address_number"":""matched"",""street"":""matched"",""postcode"":""unmatched"",""place"":""matched"",""region"":""matched"",""locality"":""not_applicable"",""country"":""inferred"",""confidence"":""high""}",verified,,CA,CA,91352,91352.0,SUN VALLEY,Sun Valley,Los Angeles County,Los Angeles County,not_flagged,verified_address,in_la_county,include_default_map,verified address in Los Angeles County
lacdmh-sa2-19DD-151,"7330 BAKMAN AVE., SUN VALLEY, CA 91352-4914",-118.377747,34.203981,"7330 Bakman Avenue, Sun Valley, California 91352, United States",success,high,,"{""address_number"":""matched"",""street"":""matched"",""postcode"":""unmatched"",""place"":""matched"",""region"":""matched"",""locality"":""not_applicable"",""country"":""inferred"",""confidence"":""high""}",verified,,CA,CA,91352,91352.0,SUN VALLEY,Sun Valley,Los Angeles County,Los Angeles County,not_flagged,verified_address,in_la_county,include_default_map,verified address in Los Angeles County
lacdmh-sa2-19EP-152,"13050 BORDEN AVE., SYLMAR, CA 91342-4251",-118.442835,34.307431,"13050 Borden Avenue, Sylmar, California 91342, United States",success,high,,"{""address_number"":""matched"",""street"":""matched"",""postcode"":""unmatched"",""place"":""matched"",""region"":""matched"",""locality"":""not_applicable"",""country"":""inferred"",""confidence"":""high""}",verified,,CA,CA,91342,91342.0,SYLMAR,Sylmar,Los Angeles County,Los Angeles County,not_flagged,verified_address,in_la_county,include_default_map,verified address in Los Angeles County
lacdmh-sa2-8456-153,"14860 ROSCOE BLVD 200, PANORAMA CITY, CA 91402-4684",-118.457307,34.220949,"14860 Roscoe Boulevard, STE 200, Panorama City, California 91402, United States",success,high,,"{""secondary_address"":""matched"",""address_number"":""matched"",""street"":""matched"",""postcode"":""unmatched"",""place"":""matched"",""region"":""matched"",""locality"":""not_applicable"",""country"":""inferred"",""confidence"":""high""}",verified,,CA,CA,91402,91402.0,PANORAMA CITY,Panorama City,Los Angeles County,Los Angeles County,not_flagged,verified_address,in_la_county,include_default_map,verified address in Los Angeles County
lacdmh-sa2-7547-154,"121 W LEXINGTON DRIVE STE 300, GLENDALE, CA 91203-2203",-118.255986,34.15197,"121 West Lexington Drive, STE 300, Glendale, California 91203, United States",success,high,,"{""secondary_address"":""plausible"",""address_number"":""matched"",""street"":""matched"",""postcode"":""unmatched"",""place"":""matched"",""region"":""matched"",""locality"":""not_applicable"",""country"":""inferred"",""confidence"":""high""}",verified,,CA,CA,91203,91203.0,GLENDALE,Glendale,Los Angeles County,Los Angeles County,not_flagged,verified_address,in_la_county,include_default_map,verified address in Los Angeles County
lacdmh-sa2-8083-155,"121 W. LEXINGTON DR. STE. 210, GLENDALE, CA 91203-1180",-118.255986,34.15197,"121 West Lexington Drive, STE 210, Glendale, California 91203, United States",success,high,,"{""secondary_address"":""plausible"",""address_number"":""matched"",""street"":""matched"",""postcode"":""unmatched"",""place"":""matched"",""region"":""matched"",""locality"":""not_applicable"",""country"":""inferred"",""confidence"":""high""}",verified,,CA,CA,91203,91203.0,GLENDALE,Glendale,Los Angeles County,Los Angeles County,not_flagged,verified_address,in_la_county,include_default_map,verified address in Los Angeles County
lacdmh-sa2-8248-156,"20215 VENTURA BLVD. STE. A, WOODLAND HILLS, CA 91364-2563",-118.574009,34.169846,"20215 Ventura Boulevard, STE A, Woodland Hills, California 91364, United States",success,low,,"{""secondary_address"":""plausible"",""address_number"":""plausible"",""street"":""matched"",""postcode"":""unmatched"",""place"":""matched"",""region"":""matched"",""locality"":""not_applicable"",""country"":""inferred"",""confidence"":""low""}",needs_review,low_confidence;address_number_not_matched,CA,CA,91364,91364.0,WOODLAND HILLS,Woodland Hills,Los Angeles County,Los Angeles County,not_flagged,needs_review_address,in_la_county,manual_review,address match quality needs review
lacdmh-sa2-8387-157,"16542 VENTURA BLVD SUITE 320, ENCINO, CA 91436-1234",-118.493927,34.157597,"16542 Ventura Boulevard, STE 320, Encino, California 91436, United States",success,high,,"{""secondary_address"":""matched"",""address_number"":""matched"",""street"":""matched"",""postcode"":""unmatched"",""place"":""matched"",""region"":""matched"",""locality"":""not_applicable"",""country"":""inferred"",""confidence"":""high""}",verified,,CA,CA,91436,91436.0,ENCINO,Encino,Los Angeles County,Los Angeles County,not_flagged,verified_address,in_la_county,include_default_map,verified address in Los Angeles County
lacdmh-sa2-8071-158,"5341 ALHAMA DR, WOODLAND HILLS, CA 91364-2127",-118.593289,34.166405,"5341 Alhama Drive, Woodland Hills, California 91364, United States",success,high,,"{""address_number"":""matched"",""street"":""matched"",""postcode"":""unmatched"",""place"":""matched"",""region"":""matched"",""locality"":""not_applicable"",""country"":""inferred"",""confidence"":""high""}",verified,,CA,CA,91364,91364.0,WOODLAND HILLS,Woodland Hills,Los Angeles County,Los Angeles County,not_flagged,verified_address,in_la_county,include_default_map,verified address in Los Angeles County
lacdmh-sa2-24-159,"1953 LOS ANGELES COUNTY OLIVE VIEW-UCLA MEDICAL CENTER, 14445 OLIVE VIEW DR., SYLMAR, CA 91342-1495",-118.44617,34.32604,"14445 Olive View Drive, #1953, Sylmar, California 91342, United States",success,high,,"{""secondary_address"":""plausible"",""address_number"":""matched"",""street"":""matched"",""postcode"":""unmatched"",""place"":""matched"",""region"":""matched"",""locality"":""not_applicable"",""country"":""inferred"",""confidence"":""high""}",verified,,CA,CA,91342,91342.0,SYLMAR,Sylmar,Los Angeles County,Los Angeles County,not_flagged,verified_address,in_la_county,include_default_map,verified address in Los Angeles County
lacdmh-sa2-8370-160,"14400 ROSCOE BLVD. STE. D, PANORAMA CITY, CA 91402",-118.447558,34.221257,"14400 Roscoe Boulevard, STE D, Panorama City, California 91402, United States",success,high,,"{""secondary_address"":""matched"",""address_number"":""matched"",""street"":""matched"",""postcode"":""matched"",""place"":""matched"",""region"":""matched"",""locality"":""not_applicable"",""country"":""inferred"",""confidence"":""high""}",verified,,CA,CA,91402,91402.0,PANORAMA CITY,Panorama City,Los Angeles County,Los Angeles County,not_flagged,verified_address,in_la_county,include_default_map,verified address in Los Angeles County
lacdmh-sa2-7964-161,"805 TO 807 N CENTRAL AVE, GLENDALE, CA 91203-1230",-118.258361,34.157712,"805 North Central Avenue, Glendale, California 91203, United States",success,high,,"{""address_number"":""matched"",""street"":""matched"",""postcode"":""unmatched"",""place"":""matched"",""region"":""matched"",""locality"":""not_applicable"",""country"":""inferred"",""confidence"":""high""}",verified,,CA,CA,91203,91203.0,GLENDALE,Glendale,Los Angeles County,Los Angeles County,not_flagged,verified_address,in_la_county,include_default_map,verified address in Los Angeles County
lacdmh-sa2-7930-162,"14445 OLIVE VIEW DRIVE, SYLMAR, CA 91342-1437",-118.44617,34.32604,"14445 Olive View Drive, Sylmar, California 91342, United States",success,high,,"{""address_number"":""matched"",""street"":""matched"",""postcode"":""unmatched"",""place"":""matched"",""region"":""matched"",""locality"":""not_applicable"",""country"":""inferred"",""confidence"":""high""}",verified,,CA,CA,91342,91342.0,SYLMAR,Sylmar,Los Angeles County,Los Angeles County,not_flagged,verified_address,in_la_county,include_default_map,verified address in Los Angeles County
lacdmh-sa2-7591-163,"14238 SARANAC LN., SYLMAR, CA 91342-1435",-118.44614,34.32722,"14238 Saranac Lane, Sylmar, California 91342, United States",success,high,,"{""address_number"":""matched"",""street"":""matched"",""postcode"":""unmatched"",""place"":""matched"",""region"":""matched"",""locality"":""not_applicable"",""country"":""inferred"",""confidence"":""high""}",verified,,CA,CA,91342,91342.0,SYLMAR,Sylmar,Los Angeles County,Los Angeles County,not_flagged,verified_address,in_la_county,include_default_map,verified address in Los Angeles County
lacdmh-sa2-7378-164,"6851 LENNOX AVENUE STE 400, VAN NUYS, CA 91405-4073",-118.446043,34.195519,"6851 Lennox Avenue, STE 400, Van Nuys, California 91405, United States",success,high,,"{""secondary_address"":""matched"",""address_number"":""matched"",""street"":""matched"",""postcode"":""unmatched"",""place"":""matched"",""region"":""matched"",""locality"":""not_applicable"",""country"":""inferred"",""confidence"":""high""}",verified,,CA,CA,91405,91405.0,VAN NUYS,Van Nuys,Los Angeles County,Los Angeles County,not_flagged,verified_address,in_la_county,include_default_map,verified address in Los Angeles County
lacdmh-sa2-19J2-165,"425 E COLORADO ST STE 710, GLENDALE, CA 91205-1675",-118.25026,34.14306,"425 East Colorado Street, STE 710, Glendale, California 91205, United States",success,high,,"{""secondary_address"":""matched"",""address_number"":""matched"",""street"":""matched"",""postcode"":""unmatched"",""place"":""matched"",""region"":""matched"",""locality"":""not_applicable"",""country"":""inferred"",""confidence"":""high""}",verified,,CA,CA,91205,91205.0,GLENDALE,Glendale,Los Angeles County,Los Angeles County,not_flagged,verified_address,in_la_county,include_default_map,verified address in Los Angeles County
lacdmh-sa2-1941-166,"4900 SERRANIA AVE., WOODLAND HILLS, CA 91364-3301",-118.587715,34.159,"4900 Serrania Avenue, Woodland Hills, California 91364, United States",success,high,,"{""address_number"":""matched"",""street"":""matched"",""postcode"":""unmatched"",""place"":""matched"",""region"":""matched"",""locality"":""not_applicable"",""country"":""inferred"",""confidence"":""high""}",verified,,CA,CA,91364,91364.0,WOODLAND HILLS,Woodland Hills,Los Angeles County,Los Angeles County,not_flagged,verified_address,in_la_county,include_default_map,verified address in Los Angeles County
lacdmh-sa2-1937-167,"4900 SERRANIA AVENUE, WOODLAND HILLS, CA 91364-3301",-118.587715,34.159,"4900 Serrania Avenue, Woodland Hills, California 91364, United States",success,high,,"{""address_number"":""matched"",""street"":""matched"",""postcode"":""unmatched"",""place"":""matched"",""region"":""matched"",""locality"":""not_applicable"",""country"":""inferred"",""confidence"":""high""}",verified,,CA,CA,91364,91364.0,WOODLAND HILLS,Woodland Hills,Los Angeles County,Los Angeles County,not_flagged,verified_address,in_la_county,include_default_map,verified address in Los Angeles County
lacdmh-sa2-7551-168,"4900 SERRANIA AVENUE, WOODLAND HILLS, CA 91364-3301",-118.587715,34.159,"4900 Serrania Avenue, Woodland Hills, California 91364, United States",success,high,,"{""address_number"":""matched"",""street"":""matched"",""postcode"":""unmatched"",""place"":""matched"",""region"":""matched"",""locality"":""not_applicable"",""country"":""inferred"",""confidence"":""high""}",verified,,CA,CA,91364,91364.0,WOODLAND HILLS,Woodland Hills,Los Angeles County,Los Angeles County,not_flagged,verified_address,in_la_county,include_default_map,verified address in Los Angeles County
lacdmh-sa2-19JU-169,"14228 SARANAC LN., SYLMAR, CA 91342-1435",-118.4456,34.32731,"14228 Saranac Lane, Sylmar, California 91342, United States",success,high,,"{""address_number"":""matched"",""street"":""matched"",""postcode"":""unmatched"",""place"":""matched"",""region"":""matched"",""locality"":""not_applicable"",""country"":""inferred"",""confidence"":""high""}",verified,,CA,CA,91342,91342.0,SYLMAR,Sylmar,Los Angeles County,Los Angeles County,not_flagged,verified_address,in_la_county,include_default_map,verified address in Los Angeles County
lacdmh-sa2-19M8-170,"16600 SHERMAN WAY STE 280, VAN NUYS, CA 91406-3785",-118.495116,34.200407,"16600 Sherman Way, STE 280, Van Nuys, California 91406, United States",success,high,,"{""secondary_address"":""matched"",""address_number"":""matched"",""street"":""matched"",""postcode"":""unmatched"",""place"":""matched"",""region"":""matched"",""locality"":""not_applicable"",""country"":""inferred"",""confidence"":""high""}",verified,,CA,CA,91406,91406.0,VAN NUYS,Van Nuys,Los Angeles County,Los Angeles County,not_flagged,verified_address,in_la_county,include_default_map,verified address in Los Angeles County
lacdmh-sa2-6863A-171,"15305 RAYEN ST., NORTH HILLS, CA 91343-5117",-118.465821,34.232171,"15305 Rayen Street, North Hills, California 91343, United States",success,high,,"{""address_number"":""matched"",""street"":""matched"",""postcode"":""unmatched"",""place"":""matched"",""region"":""matched"",""locality"":""not_applicable"",""country"":""inferred"",""confidence"":""high""}",verified,,CA,CA,91343,91343.0,NORTH HILLS,North Hills,Los Angeles County,Los Angeles County,not_flagged,verified_address,in_la_county,include_default_map,verified address in Los Angeles County
lacdmh-sa2-190H-172,"16656 NORDHOFF STREET, NORTH HILLS, CA 91343-3613",-118.495909,34.235417,"16656 Nordhoff Street, North Hills, California 91343, United States",success,high,,"{""address_number"":""matched"",""street"":""matched"",""postcode"":""unmatched"",""place"":""matched"",""region"":""matched"",""locality"":""not_applicable"",""country"":""inferred"",""confidence"":""high""}",verified,,CA,CA,91343,91343.0,NORTH HILLS,North Hills,Los Angeles County,Los Angeles County,not_flagged,verified_address,in_la_county,include_default_map,verified address in Los Angeles County
lacdmh-sa2-1998-173,"9845 HAYVENHURST AVENUE, NORTHRIDGE, CA 91343-1848",-118.49395,34.24963,"9845 Hayvenhurst Avenue, Northridge, California 91343, United States",success,high,,"{""address_number"":""matched"",""street"":""matched"",""postcode"":""unmatched"",""place"":""matched"",""region"":""matched"",""locality"":""not_applicable"",""country"":""inferred"",""confidence"":""high""}",verified,,CA,CA,91343,91343.0,NORTHRIDGE,Northridge,Los Angeles County,Los Angeles County,not_flagged,verified_address,in_la_county,include_default_map,verified address in Los Angeles County
lacdmh-sa2-190F-174,"13804 OSBORNE STREET, ARLETA, CA 91331-6035",-118.433817,34.23602,"13804 Osborne Street, Arleta, California 91331, United States",success,high,,"{""address_number"":""matched"",""street"":""matched"",""postcode"":""unmatched"",""place"":""matched"",""region"":""matched"",""locality"":""not_applicable"",""country"":""inferred"",""confidence"":""high""}",verified,,CA,CA,91331,91331.0,ARLETA,Arleta,Los Angeles County,Los Angeles County,not_flagged,verified_address,in_la_county,include_default_map,verified address in Los Angeles County
lacdmh-sa2-8095-175,"21000 PLUMMER ST, CHATSWORTH, CA 91311-4903",-118.591343,34.241529,"21000 Plummer Street, Chatsworth, California 91311, United States",success,high,,"{""address_number"":""matched"",""street"":""matched"",""postcode"":""unmatched"",""place"":""matched"",""region"":""matched"",""locality"":""not_applicable"",""country"":""inferred"",""confidence"":""high""}",verified,,CA,CA,91311,91311.0,CHATSWORTH,Chatsworth,Los Angeles County,Los Angeles County,not_flagged,verified_address,in_la_county,include_default_map,verified address in Los Angeles County
lacdmh-sa2-7356-176,"11600 ELDRIDGE AVE., LAKE VIEW TERRACE, CA 91342-6506",-118.383132,34.280882,"11600 Eldridge Avenue, Lake View Terrace, California 91342, United States",success,high,,"{""address_number"":""matched"",""street"":""matched"",""postcode"":""unmatched"",""place"":""matched"",""region"":""matched"",""locality"":""not_applicable"",""country"":""inferred"",""confidence"":""high""}",verified,,CA,CA,91342,91342.0,LAKE VIEW TERRACE,Lake View Terrace,Los Angeles County,Los Angeles County,not_flagged,verified_address,in_la_county,include_default_map,verified address in Los Angeles County
lacdmh-sa2-6863B-177,"8855 NOBLE AVE. RM. 12, NORTH HILLS, CA 91343-5518",-118.461318,34.231338,"8855 Noble Avenue, RM 12, North Hills, California 91343, United States",success,high,,"{""secondary_address"":""plausible"",""address_number"":""matched"",""street"":""matched"",""postcode"":""unmatched"",""place"":""matched"",""region"":""matched"",""locality"":""not_applicable"",""country"":""inferred"",""confidence"":""high""}",verified,,CA,CA,91343,91343.0,NORTH HILLS,North Hills,Los Angeles County,Los Angeles County,not_flagged,verified_address,in_la_county,include_default_map,verified address in Los Angeles County
lacdmh-sa2-6863P-178,"8817 LANGDON AVE., NORTH HILLS, CA 91343-5004",-118.470117,34.230778,"8817 Langdon Avenue, North Hills, California 91343, United States",success,high,,"{""address_number"":""matched"",""street"":""matched"",""postcode"":""unmatched"",""place"":""matched"",""region"":""matched"",""locality"":""not_applicable"",""country"":""inferred"",""confidence"":""high""}",verified,,CA,CA,91343,91343.0,NORTH HILLS,North Hills,Los Angeles County,Los Angeles County,not_flagged,verified_address,in_la_county,include_default_map,verified address in Los Angeles County
lacdmh-sa2-19KZ-179,"510 S VERMONT AVE FL 21 RM 21M12, LOS ANGELES, CA 90020-1912",-118.291341,34.064974,"510 South Vermont Avenue, FL 21 rm 21m12, Los Angeles, California 90020, United States",success,high,,"{""secondary_address"":""plausible"",""address_number"":""matched"",""street"":""matched"",""postcode"":""unmatched"",""place"":""matched"",""region"":""matched"",""locality"":""not_applicable"",""country"":""inferred"",""confidence"":""high""}",verified,,CA,CA,90020,90020.0,LOS ANGELES,Los Angeles,Los Angeles County,Los Angeles County,not_flagged,verified_address,in_la_county,include_default_map,verified address in Los Angeles County
lacdmh-sa2-8043-180,"1530 E CHEVY CHASE DR 103, GLENDALE, CA 91206-4139",-118.230417,34.151835,"1530 East Chevy Chase Drive, #103, Glendale, California 91206, United States",success,high,,"{""secondary_address"":""plausible"",""address_number"":""matched"",""street"":""matched"",""postcode"":""unmatched"",""place"":""matched"",""region"":""matched"",""locality"":""not_applicable"",""country"":""inferred"",""confidence"":""high""}",verified,,CA,CA,91206,91206.0,GLENDALE,Glendale,Los Angeles County,Los Angeles County,not_flagged,verified_address,in_la_county,include_default_map,verified address in Los Angeles County
lacdmh-sa2-19II SA2-181,"6800 OWENSMOUTH AVE. STE. 160, CANOGA PARK, CA 91303-4255",-118.601152,34.194366,"6800 Owensmouth Avenue, STE 160, Canoga Park, California 91303, United States",success,high,,"{""secondary_address"":""matched"",""address_number"":""matched"",""street"":""matched"",""postcode"":""unmatched"",""place"":""matched"",""region"":""matched"",""locality"":""not_applicable"",""country"":""inferred"",""confidence"":""high""}",verified,,CA,CA,91303,91303.0,CANOGA PARK,Canoga Park,Los Angeles County,Los Angeles County,not_flagged,verified_address,in_la_county,include_default_map,verified address in Los Angeles County
lacdmh-sa2-19MT SA2-182,"6800 OWENSMOUTH AVE STE 160, CANOGA PARK, CA 91303-4255",-118.601152,34.194366,"6800 Owensmouth Avenue, STE 160, Canoga Park, California 91303, United States",success,high,,"{""secondary_address"":""matched"",""address_number"":""matched"",""street"":""matched"",""postcode"":""unmatched"",""place"":""matched"",""region"":""matched"",""locality"":""not_applicable"",""country"":""inferred"",""confidence"":""high""}",verified,,CA,CA,91303,91303.0,CANOGA PARK,Canoga Park,Los Angeles County,Los Angeles County,not_flagged,verified_address,in_la_county,include_default_map,verified address in Los Angeles County
lacdmh-sa2-7922 SA2-183,"6800 OWENSMOUTH AVE. STE. 160, CANOGA PARK, CA 91303-4255",-118.601152,34.194366,"6800 Owensmouth Avenue, STE 160, Canoga Park, California 91303, United States",success,high,,"{""secondary_address"":""matched"",""address_number"":""matched"",""street"":""matched"",""postcode"":""unmatched"",""place"":""matched"",""region"":""matched"",""locality"":""not_applicable"",""country"":""inferred"",""confidence"":""high""}",verified,,CA,CA,91303,91303.0,CANOGA PARK,Canoga Park,Los Angeles County,Los Angeles County,not_flagged,verified_address,in_la_county,include_default_map,verified address in Los Angeles County
lacdmh-sa2-19MM SA2-184,"6800 OWENSMOUTH AVE STE 160, CANOGA PARK, CA 91303-4255",-118.601152,34.194366,"6800 Owensmouth Avenue, STE 160, Canoga Park, California 91303, United States",success,high,,"{""secondary_address"":""matched"",""address_number"":""matched"",""street"":""matched"",""postcode"":""unmatched"",""place"":""matched"",""region"":""matched"",""locality"":""not_applicable"",""country"":""inferred"",""confidence"":""high""}",verified,,CA,CA,91303,91303.0,CANOGA PARK,Canoga Park,Los Angeles County,Los Angeles County,not_flagged,verified_address,in_la_county,include_default_map,verified address in Los Angeles County
lacdmh-sa2-8308-185,"5536 TAMPA AVE, TARZANA, CA 91356-3027",-118.553168,34.171983,"5536 Tampa Avenue, Tarzana, California 91356, United States",success,high,,"{""address_number"":""matched"",""street"":""matched"",""postcode"":""unmatched"",""place"":""matched"",""region"":""matched"",""locality"":""not_applicable"",""country"":""inferred"",""confidence"":""high""}",verified,,CA,CA,91356,91356.0,TARZANA,Tarzana,Los Angeles County,Los Angeles County,not_flagged,verified_address,in_la_county,include_default_map,verified address in Los Angeles County
lacdmh-sa2-19LX-186,"919 1ST ST, SAN FERNANDO, CA 91340-2957",-118.438632,34.283408,"919 1st Street, San Fernando, California 91340, United States",success,high,,"{""address_number"":""matched"",""street"":""matched"",""postcode"":""unmatched"",""place"":""matched"",""region"":""matched"",""locality"":""not_applicable"",""country"":""inferred"",""confidence"":""high""}",verified,,CA,CA,91340,91340.0,SAN FERNANDO,San Fernando,Los Angeles County,Los Angeles County,not_flagged,verified_address,in_la_county,include_default_map,verified address in Los Angeles County
lacdmh-sa2-6840-187,"10605 BALBOA BLVD. STE. 100, GRANADA HILLS, CA 91344-6367",-118.502714,34.263396,"10605 Balboa Boulevard, STE 100, Granada Hills, California 91344, United States",success,high,,"{""secondary_address"":""matched"",""address_number"":""matched"",""street"":""matched"",""postcode"":""unmatched"",""place"":""matched"",""region"":""matched"",""locality"":""not_applicable"",""country"":""inferred"",""confidence"":""high""}",verified,,CA,CA,91344,91344.0,GRANADA HILLS,Granada Hills,Los Angeles County,Los Angeles County,not_flagged,verified_address,in_la_county,include_default_map,verified address in Los Angeles County
lacdmh-sa2-7651-188,"10515 BALBOA BLVD. STE. 150, GRANADA HILLS, CA 91344-6355",-118.502726,34.261758,"10515 Balboa Boulevard, STE 150, Granada Hills, California 91344, United States",success,high,,"{""secondary_address"":""matched"",""address_number"":""matched"",""street"":""matched"",""postcode"":""unmatched"",""place"":""matched"",""region"":""matched"",""locality"":""not_applicable"",""country"":""inferred"",""confidence"":""high""}",verified,,CA,CA,91344,91344.0,GRANADA HILLS,Granada Hills,Los Angeles County,Los Angeles County,not_flagged,verified_address,in_la_county,include_default_map,verified address in Los Angeles County
lacdmh-sa2-7358-189,"16650 SHERMAN WY., VAN NUYS, CA 91406-3782",-118.49609,34.200845,"16650 Sherman Way, Van Nuys, California 91406, United States",success,high,,"{""address_number"":""matched"",""street"":""matched"",""postcode"":""unmatched"",""place"":""matched"",""region"":""matched"",""locality"":""not_applicable"",""country"":""inferred"",""confidence"":""high""}",verified,,CA,CA,91406,91406.0,VAN NUYS,Van Nuys,Los Angeles County,Los Angeles County,not_flagged,verified_address,in_la_county,include_default_map,verified address in Los Angeles County
lacdmh-sa2-7369-190,"11565 LAUREL CANYON BLVD STE 100, SAN FERNANDO, CA 91340-4649",-118.455171,34.280065,"11565 Laurel Canyon Boulevard, STE 100, San Fernando, California 91340, United States",success,high,,"{""secondary_address"":""matched"",""address_number"":""matched"",""street"":""matched"",""postcode"":""unmatched"",""place"":""matched"",""region"":""matched"",""locality"":""not_applicable"",""country"":""inferred"",""confidence"":""high""}",verified,,CA,CA,91340,91340.0,SAN FERNANDO,San Fernando,Los Angeles County,Los Angeles County,not_flagged,verified_address,in_la_county,include_default_map,verified address in Los Angeles County
lacdmh-sa2-19LH-191,"23501 CINEMA DR STE 200, VALENCIA, CA 91355-5430",-118.546126,34.42093,"23501 Cinema Drive, STE 200, Valencia, California 91355, United States",success,high,,"{""secondary_address"":""matched"",""address_number"":""matched"",""street"":""matched"",""postcode"":""unmatched"",""place"":""matched"",""region"":""matched"",""locality"":""not_applicable"",""country"":""inferred"",""confidence"":""high""}",verified,,CA,CA,91355,91355.0,VALENCIA,Valencia,Los Angeles County,Los Angeles County,not_flagged,verified_address,in_la_county,include_default_map,verified address in Los Angeles County
lacdmh-sa2-1905-192,"23501 CINEMA DR. STE. 200, VALENCIA, CA 91355-5430",-118.546126,34.42093,"23501 Cinema Drive, STE 200, Valencia, California 91355, United States",success,high,,"{""secondary_address"":""matched"",""address_number"":""matched"",""street"":""matched"",""postcode"":""unmatched"",""place"":""matched"",""region"":""matched"",""locality"":""not_applicable"",""country"":""inferred"",""confidence"":""high""}",verified,,CA,CA,91355,91355.0,VALENCIA,Valencia,Los Angeles County,Los Angeles County,not_flagged,verified_address,in_la_county,include_default_map,verified address in Los Angeles County
lacdmh-sa2-MF8247400-193,"21243 VENTURA BLVD, WOODLAND HILLS, CA 91364",-118.594225,34.168304,"21243 Ventura Boulevard, Woodland Hills, California 91364, United States",success,exact,,"{""address_number"":""matched"",""street"":""matched"",""postcode"":""matched"",""place"":""matched"",""region"":""matched"",""locality"":""not_applicable"",""country"":""inferred"",""confidence"":""exact""}",verified,,CA,CA,91364,91364.0,WOODLAND HILLS,Woodland Hills,Los Angeles County,Los Angeles County,not_flagged,verified_address,in_la_county,include_default_map,verified address in Los Angeles County
lacdmh-sa2-8460-194,"23504 LYONS AVE 401B, NEWHALL, CA 91321-2500",-118.545169,34.379001,"23504 Lyons Avenue, #401b, Newhall, California 91321, United States",success,high,,"{""secondary_address"":""plausible"",""address_number"":""matched"",""street"":""matched"",""postcode"":""unmatched"",""place"":""matched"",""region"":""matched"",""locality"":""not_applicable"",""country"":""inferred"",""confidence"":""high""}",verified,,CA,CA,91321,91321.0,NEWHALL,Newhall,Los Angeles County,Los Angeles County,not_flagged,verified_address,in_la_county,include_default_map,verified address in Los Angeles County
lacdmh-sa2-7100-195,"14600 SHERMAN WY STE 100D, VAN NUYS, CA 91405-5869",-118.45149,34.200762,"14600 Sherman Way, STE 100d, Van Nuys, California 91405, United States",success,high,,"{""secondary_address"":""plausible"",""address_number"":""matched"",""street"":""matched"",""postcode"":""unmatched"",""place"":""matched"",""region"":""matched"",""locality"":""not_applicable"",""country"":""inferred"",""confidence"":""high""}",verified,,CA,CA,91405,91405.0,VAN NUYS,Van Nuys,Los Angeles County,Los Angeles County,not_flagged,verified_address,in_la_county,include_default_map,verified address in Los Angeles County
lacdmh-sa2-7174-196,"16650 SHERMAN WY., VAN NUYS, CA 91406-3782",-118.49609,34.200845,"16650 Sherman Way, Van Nuys, California 91406, United States",success,high,,"{""address_number"":""matched"",""street"":""matched"",""postcode"":""unmatched"",""place"":""matched"",""region"":""matched"",""locality"":""not_applicable"",""country"":""inferred"",""confidence"":""high""}",verified,,CA,CA,91406,91406.0,VAN NUYS,Van Nuys,Los Angeles County,Los Angeles County,not_flagged,verified_address,in_la_county,include_default_map,verified address in Los Angeles County
lacdmh-sa2-7320-197,"14535 SHERMAN CIRCLE, VAN NUYS, CA 91405-3087",-118.449983,34.20055,"14535 Sherman Circle, Van Nuys, California 91405, United States",success,high,,"{""address_number"":""matched"",""street"":""matched"",""postcode"":""unmatched"",""place"":""matched"",""region"":""matched"",""locality"":""not_applicable"",""country"":""inferred"",""confidence"":""high""}",verified,,CA,CA,91405,91405.0,VAN NUYS,Van Nuys,Los Angeles County,Los Angeles County,not_flagged,verified_address,in_la_county,include_default_map,verified address in Los Angeles County
lacdmh-sa2-7177-198,"11631 VICTORY BLVD SUITE 203, NORTH HOLLYWOOD, CA 91606-3572",-118.385699,34.187257,"11631 Victory Boulevard, STE 203, North Hollywood, California 91606, United States",success,high,,"{""secondary_address"":""matched"",""address_number"":""matched"",""street"":""matched"",""postcode"":""unmatched"",""place"":""matched"",""region"":""matched"",""locality"":""not_applicable"",""country"":""inferred"",""confidence"":""high""}",verified,,CA,CA,91606,91606.0,NORTH HOLLYWOOD,North Hollywood,Los Angeles County,Los Angeles County,not_flagged,verified_address,in_la_county,include_default_map,verified address in Los Angeles County
lacdmh-sa2-7252-199,"14515 HAMLIN STREET SUITE 200, VAN NUYS, CA 91411-1608",-118.44939,34.18883,"14515 Hamlin Street, STE 200, Van Nuys, California 91411, United States",success,high,,"{""secondary_address"":""plausible"",""address_number"":""matched"",""street"":""matched"",""postcode"":""unmatched"",""place"":""matched"",""region"":""matched"",""locality"":""not_applicable"",""country"":""inferred"",""confidence"":""high""}",verified,,CA,CA,91411,91411.0,VAN NUYS,Van Nuys,Los Angeles County,Los Angeles County,not_flagged,verified_address,in_la_county,include_default_map,verified address in Los Angeles County
lacdmh-sa2-7235-200,"6501 VAN NUYS BLVD STE 102, VAN NUYS, CA 91401-1425",-118.449146,34.188857,"6501 Van Nuys Boulevard, STE 102, Van Nuys, California 91401, United States",success,high,,"{""secondary_address"":""plausible"",""address_number"":""matched"",""street"":""matched"",""postcode"":""unmatched"",""place"":""matched"",""region"":""matched"",""locality"":""not_applicable"",""country"":""inferred"",""confidence"":""high""}",verified,,CA,CA,91401,91401.0,VAN NUYS,Van Nuys,Los Angeles County,Los Angeles County,not_flagged,verified_address,in_la_county,include_default_map,verified address in Los Angeles County
lacdmh-sa2-7445-201,"14545 SHERMAN CIR, VAN NUYS, CA 91405-3087",-118.450102,34.20062,"14545 Sherman Circle, Van Nuys, California 91405, United States",success,high,,"{""address_number"":""matched"",""street"":""matched"",""postcode"":""unmatched"",""place"":""matched"",""region"":""matched"",""locality"":""not_applicable"",""country"":""inferred"",""confidence"":""high""}",verified,,CA,CA,91405,91405.0,VAN NUYS,Van Nuys,Los Angeles County,Los Angeles County,not_flagged,verified_address,in_la_county,include_default_map,verified address in Los Angeles County
lacdmh-sa2-7322-202,"14624 SHERMAN WY STE 508, VAN NUYS, CA 91405-2241",-118.451714,34.200471,"14624 Sherman Way, STE 508, Van Nuys, California 91405, United States",success,high,,"{""secondary_address"":""matched"",""address_number"":""matched"",""street"":""matched"",""postcode"":""unmatched"",""place"":""matched"",""region"":""matched"",""locality"":""not_applicable"",""country"":""inferred"",""confidence"":""high""}",verified,,CA,CA,91405,91405.0,VAN NUYS,Van Nuys,Los Angeles County,Los Angeles County,not_flagged,verified_address,in_la_county,include_default_map,verified address in Los Angeles County
lacdmh-sa2-7451-203,"14545 SHERMAN CIR, VAN NUYS, CA 91405-3087",-118.450102,34.20062,"14545 Sherman Circle, Van Nuys, California 91405, United States",success,high,,"{""address_number"":""matched"",""street"":""matched"",""postcode"":""unmatched"",""place"":""matched"",""region"":""matched"",""locality"":""not_applicable"",""country"":""inferred"",""confidence"":""high""}",verified,,CA,CA,91405,91405.0,VAN NUYS,Van Nuys,Los Angeles County,Los Angeles County,not_flagged,verified_address,in_la_county,include_default_map,verified address in Los Angeles County
lacdmh-sa2-7622A-204,"6400 LAUREL CANYON BLVD STE 500, NORTH HOLLYWOOD, CA 91606-1571",-118.395922,34.186999,"6400 Laurel Canyon Boulevard, STE 500, North Hollywood, California 91606, United States",success,high,,"{""secondary_address"":""matched"",""address_number"":""matched"",""street"":""matched"",""postcode"":""unmatched"",""place"":""matched"",""region"":""matched"",""locality"":""not_applicable"",""country"":""inferred"",""confidence"":""high""}",verified,,CA,CA,91606,91606.0,NORTH HOLLYWOOD,North Hollywood,Los Angeles County,Los Angeles County,not_flagged,verified_address,in_la_county,include_default_map,verified address in Los Angeles County
lacdmh-sa2-7597-205,"6400 LAUREN CANYON BLVD STE 500, NORTH HOLLYWOOD, CA 91606-1571",-118.395922,34.186999,"6400 Laurel Canyon Boulevard, STE 500, North Hollywood, California 91606, United States",success,medium,,"{""secondary_address"":""matched"",""address_number"":""matched"",""street"":""unmatched"",""postcode"":""unmatched"",""place"":""matched"",""region"":""matched"",""locality"":""not_applicable"",""country"":""inferred"",""confidence"":""medium""}",needs_review,medium_confidence;street_not_matched,CA,CA,91606,91606.0,NORTH HOLLYWOOD,North Hollywood,Los Angeles County,Los Angeles County,not_flagged,needs_review_address,in_la_county,manual_review,address match quality needs review
lacdmh-sa2-7355A-206,"6400 LAUREL CANYON BLVD STE 500, NORTH HOLLYWOOD, CA 91606-1562",-118.395922,34.186999,"6400 Laurel Canyon Boulevard, STE 500, North Hollywood, California 91606, United States",success,high,,"{""secondary_address"":""matched"",""address_number"":""matched"",""street"":""matched"",""postcode"":""unmatched"",""place"":""matched"",""region"":""matched"",""locality"":""not_applicable"",""country"":""inferred"",""confidence"":""high""}",verified,,CA,CA,91606,91606.0,NORTH HOLLYWOOD,North Hollywood,Los Angeles County,Los Angeles County,not_flagged,verified_address,in_la_county,include_default_map,verified address in Los Angeles County
lacdmh-sa2-8386-207,"9003 RESEDA BLVD STE 206, NORTHRIDGE, CA 91324-3961",-118.536682,34.233884,"9003 Reseda Boulevard, STE 206, Northridge, California 91324, United States",success,high,,"{""secondary_address"":""matched"",""address_number"":""matched"",""street"":""matched"",""postcode"":""unmatched"",""place"":""matched"",""region"":""matched"",""locality"":""not_applicable"",""country"":""inferred"",""confidence"":""high""}",verified,,CA,CA,91324,91324.0,NORTHRIDGE,Northridge,Los Angeles County,Los Angeles County,not_flagged,verified_address,in_la_county,include_default_map,verified address in Los Angeles County
lacdmh-sa2-8112-208,"17337 VENTURA BLVD. STE. 200, ENCINO, CA 91316-3991",-118.511114,34.161677,"17337 Ventura Boulevard, STE 200, Encino, California 91316, United States",success,high,,"{""secondary_address"":""matched"",""address_number"":""matched"",""street"":""matched"",""postcode"":""unmatched"",""place"":""matched"",""region"":""matched"",""locality"":""not_applicable"",""country"":""inferred"",""confidence"":""high""}",verified,,CA,CA,91316,91316.0,ENCINO,Encino,Los Angeles County,Los Angeles County,not_flagged,verified_address,in_la_county,include_default_map,verified address in Los Angeles County
lacdmh-sa2-7987-209,"333 OLYMPIC DR 3RD FL, SANTA MONICA, CA 90401-3352",-118.490526,34.012298,"333 Olympic Drive, Santa Monica, California 90401, United States",success,high,,"{""address_number"":""matched"",""street"":""matched"",""postcode"":""unmatched"",""place"":""matched"",""region"":""matched"",""locality"":""not_applicable"",""country"":""inferred"",""confidence"":""high""}",verified,,CA,CA,90401,90401.0,SANTA MONICA,Santa Monica,Los Angeles County,Los Angeles County,not_flagged,verified_address,in_la_county,include_default_map,verified address in Los Angeles County
lacdmh-sa2-7754-210,"20151 NORDHOFF STREET, CHATSWORTH, CA 91311-6215",-118.573199,34.23242,"20151 Nordhoff Street, Chatsworth, California 91311, United States",success,high,,"{""address_number"":""matched"",""street"":""matched"",""postcode"":""unmatched"",""place"":""matched"",""region"":""matched"",""locality"":""not_applicable"",""country"":""inferred"",""confidence"":""high""}",verified,,CA,CA,91311,91311.0,CHATSWORTH,Chatsworth,Los Angeles County,Los Angeles County,not_flagged,verified_address,in_la_county,include_default_map,verified address in Los Angeles County
lacdmh-sa2-7559-211,"28490 AVE. STANFORD STE. 300, SANTA CLARITA, CA 91355-0945",-118.599011,34.441367,"28490 North Avenue Stanford, STE 300, Santa Clarita, California 91355, United States",success,medium,,"{""secondary_address"":""matched"",""address_number"":""matched"",""street"":""unmatched"",""postcode"":""unmatched"",""place"":""matched"",""region"":""matched"",""locality"":""not_applicable"",""country"":""inferred"",""confidence"":""medium""}",needs_review,medium_confidence;street_not_matched,CA,CA,91355,91355.0,SANTA CLARITA,Santa Clarita,Los Angeles County,Los Angeles County,not_flagged,needs_review_address,in_la_county,manual_review,address match quality needs review
lacdmh-sa2-7949-212,"7555 VAN NUYS BLVD., 4TH FLOOR, VAN NUYS, CA 91405-1949",-118.449142,34.20817,"7555 Van Nuys Boulevard, Van Nuys, California 91405, United States",success,high,,"{""address_number"":""matched"",""street"":""matched"",""postcode"":""unmatched"",""place"":""matched"",""region"":""matched"",""locality"":""not_applicable"",""country"":""inferred"",""confidence"":""high""}",verified,,CA,CA,91405,91405.0,VAN NUYS,Van Nuys,Los Angeles County,Los Angeles County,not_flagged,verified_address,in_la_county,include_default_map,verified address in Los Angeles County
lacdmh-sa2-7952-213,"7601 CANBY AVENUE STE 3, RESEDA, CA 91335-2979",-118.534987,34.2087,"7601 Canby Avenue, STE 3, Reseda, California 91335, United States",success,high,,"{""secondary_address"":""matched"",""address_number"":""matched"",""street"":""matched"",""postcode"":""unmatched"",""place"":""matched"",""region"":""matched"",""locality"":""not_applicable"",""country"":""inferred"",""confidence"":""high""}",verified,,CA,CA,91335,91335.0,RESEDA,Reseda,Los Angeles County,Los Angeles County,not_flagged,verified_address,in_la_county,include_default_map,verified address in Los Angeles County
lacdmh-sa2-19KN-214,"14139 BUCHER AVE., SYLMAR, CA 91342-1442",-118.44458,34.32767,"14139 Bucher Avenue, Sylmar, California 91342, United States",success,high,,"{""address_number"":""matched"",""street"":""matched"",""postcode"":""unmatched"",""place"":""matched"",""region"":""matched"",""locality"":""not_applicable"",""country"":""inferred"",""confidence"":""high""}",verified,,CA,CA,91342,91342.0,SYLMAR,Sylmar,Los Angeles County,Los Angeles County,not_flagged,verified_address,in_la_county,include_default_map,verified address in Los Angeles County
lacdmh-sa2-7600-215,"12510 VAN NUYS BLVD. STE. 201, PACOIMA, CA 91331-1338",-118.405497,34.277968,"12510 Van Nuys Boulevard, STE 201, Pacoima, California 91331, United States",success,high,,"{""secondary_address"":""matched"",""address_number"":""matched"",""street"":""matched"",""postcode"":""unmatched"",""place"":""matched"",""region"":""matched"",""locality"":""not_applicable"",""country"":""inferred"",""confidence"":""high""}",verified,,CA,CA,91331,91331.0,PACOIMA,Pacoima,Los Angeles County,Los Angeles County,not_flagged,verified_address,in_la_county,include_default_map,verified address in Los Angeles County
lacdmh-sa2-0071H-216,"12220 FOOTHILL BLVD, SYLMAR, CA 91342-6001",-118.402719,34.28115,"12220 Foothill Boulevard, Sylmar, California 91342, United States",success,high,,"{""address_number"":""matched"",""street"":""matched"",""postcode"":""unmatched"",""place"":""matched"",""region"":""matched"",""locality"":""not_applicable"",""country"":""inferred"",""confidence"":""high""}",verified,,CA,CA,91342,91342.0,SYLMAR,Sylmar,Los Angeles County,Los Angeles County,not_flagged,verified_address,in_la_county,include_default_map,verified address in Los Angeles County
lacdmh-sa2-7832-217,"7101 BAIRD AVE, RESEDA, CA 91335-4150",-118.537473,34.199495,"7101 Baird Avenue, Reseda, California 91335, United States",success,high,,"{""address_number"":""matched"",""street"":""matched"",""postcode"":""unmatched"",""place"":""matched"",""region"":""matched"",""locality"":""not_applicable"",""country"":""inferred"",""confidence"":""high""}",verified,,CA,CA,91335,91335.0,RESEDA,Reseda,Los Angeles County,Los Angeles County,not_flagged,verified_address,in_la_county,include_default_map,verified address in Los Angeles County
lacdmh-sa2-7833-218,"8330 RESEDA BLVD, NORTHRIDGE, CA 91324-4619",-118.53583,34.221628,"8330 Reseda Boulevard, Northridge, California 91324, United States",success,high,,"{""address_number"":""matched"",""street"":""matched"",""postcode"":""unmatched"",""place"":""matched"",""region"":""matched"",""locality"":""not_applicable"",""country"":""inferred"",""confidence"":""high""}",verified,,CA,CA,91324,91324.0,NORTHRIDGE,Northridge,Los Angeles County,Los Angeles County,not_flagged,verified_address,in_la_county,include_default_map,verified address in Los Angeles County
lacdmh-sa2-19AQ-219,"6022 VARIEL AVE., WOODLAND HILLS, CA 91367-3719",-118.592126,34.180062,"6022 Variel Avenue, Woodland Hills, California 91367, United States",success,high,,"{""address_number"":""matched"",""street"":""matched"",""postcode"":""unmatched"",""place"":""matched"",""region"":""matched"",""locality"":""not_applicable"",""country"":""inferred"",""confidence"":""high""}",verified,,CA,CA,91367,91367.0,WOODLAND HILLS,Woodland Hills,Los Angeles County,Los Angeles County,not_flagged,verified_address,in_la_county,include_default_map,verified address in Los Angeles County
lacdmh-sa2-19JI-220,"6005 YOLANDA AVE., TARZANA, CA 91356-1421",-118.540928,34.179063,"6005 Yolanda Avenue, Tarzana, California 91356, United States",success,high,,"{""address_number"":""matched"",""street"":""matched"",""postcode"":""unmatched"",""place"":""matched"",""region"":""matched"",""locality"":""not_applicable"",""country"":""inferred"",""confidence"":""high""}",verified,,CA,CA,91356,91356.0,TARZANA,Tarzana,Los Angeles County,Los Angeles County,not_flagged,verified_address,in_la_county,include_default_map,verified address in Los Angeles County
lacdmh-sa2-7522-221,"18700 OXNARD STREET, TARZANA, CA 91356-1413",-118.540989,34.179809,"18700 Oxnard Street, Tarzana, California 91356, United States",success,high,,"{""address_number"":""matched"",""street"":""matched"",""postcode"":""unmatched"",""place"":""matched"",""region"":""matched"",""locality"":""not_applicable"",""country"":""inferred"",""confidence"":""high""}",verified,,CA,CA,91356,91356.0,TARZANA,Tarzana,Los Angeles County,Los Angeles County,not_flagged,verified_address,in_la_county,include_default_map,verified address in Los Angeles County
lacdmh-sa2-7649-222,"18646 OXNARD ST., TARZANA, CA 91356-1411",-118.539799,34.179379,"18646 Oxnard Street, Tarzana, California 91356, United States",success,high,,"{""address_number"":""matched"",""street"":""matched"",""postcode"":""unmatched"",""place"":""matched"",""region"":""matched"",""locality"":""not_applicable"",""country"":""inferred"",""confidence"":""high""}",verified,,CA,CA,91356,91356.0,TARZANA,Tarzana,Los Angeles County,Los Angeles County,not_flagged,verified_address,in_la_county,include_default_map,verified address in Los Angeles County
lacdmh-sa2-19JL-223,"14149 BUCHER AVE. BLDG. D, SYLMAR, CA 91342-1442",-118.44445,34.32743,"14149 Bucher Avenue, BLDG D, Sylmar, California 91342, United States",success,high,,"{""secondary_address"":""plausible"",""address_number"":""matched"",""street"":""matched"",""postcode"":""unmatched"",""place"":""matched"",""region"":""matched"",""locality"":""not_applicable"",""country"":""inferred"",""confidence"":""high""}",verified,,CA,CA,91342,91342.0,SYLMAR,Sylmar,Los Angeles County,Los Angeles County,not_flagged,verified_address,in_la_county,include_default_map,verified address in Los Angeles County
lacdmh-sa2-7095-224,"13130 BURBANK BLVD, SHERMAN OAKS, CA 91401-6037",-118.419258,34.171154,"13130 Burbank Boulevard, Sherman Oaks, California 91401, United States",success,high,,"{""address_number"":""matched"",""street"":""matched"",""postcode"":""unmatched"",""place"":""matched"",""region"":""matched"",""locality"":""not_applicable"",""country"":""inferred"",""confidence"":""high""}",verified,,CA,CA,91401,91401.0,SHERMAN OAKS,Sherman Oaks,Los Angeles County,Los Angeles County,not_flagged,verified_address,in_la_county,include_default_map,verified address in Los Angeles County
lacdmh-sa2-1918-225,"13164 BURBANK BLVD, SHERMAN OAKS, CA 91401-6037",-118.42007,34.171741,"13164 Burbank Boulevard, Sherman Oaks, California 91401, United States",success,high,,"{""address_number"":""matched"",""street"":""matched"",""postcode"":""unmatched"",""place"":""matched"",""region"":""matched"",""locality"":""not_applicable"",""country"":""inferred"",""confidence"":""high""}",verified,,CA,CA,91401,91401.0,SHERMAN OAKS,Sherman Oaks,Los Angeles County,Los Angeles County,not_flagged,verified_address,in_la_county,include_default_map,verified address in Los Angeles County
lacdmh-sa2-7624-226,"15339 SATICOY STREET, VAN NUYS, CA 91406-3345",-118.467729,34.209502,"15339 Saticoy Street, Van Nuys, California 91406, United States",success,high,,"{""address_number"":""matched"",""street"":""matched"",""postcode"":""unmatched"",""place"":""matched"",""region"":""matched"",""locality"":""not_applicable"",""country"":""inferred"",""confidence"":""high""}",verified,,CA,CA,91406,91406.0,VAN NUYS,Van Nuys,Los Angeles County,Los Angeles County,not_flagged,verified_address,in_la_county,include_default_map,verified address in Los Angeles County
lacdmh-sa2-7564-227,"6736 LAUREL CYN BLVD STE 200, NORTH HOLLYWOOD, CA 91606-1576",-118.396315,34.19322,"6736 Laurel Canyon Boulevard, STE 200, North Hollywood, California 91606, United States",success,high,,"{""secondary_address"":""matched"",""address_number"":""matched"",""street"":""matched"",""postcode"":""unmatched"",""place"":""matched"",""region"":""matched"",""locality"":""not_applicable"",""country"":""inferred"",""confidence"":""high""}",verified,,CA,CA,91606,91606.0,NORTH HOLLYWOOD,North Hollywood,Los Angeles County,Los Angeles County,not_flagged,verified_address,in_la_county,include_default_map,verified address in Los Angeles County
lacdmh-sa2-7857-228,"6801 COLDWATER CANYON AVE 1E, NORTH HOLLYWOOD, CA 91605-5167",-118.414817,34.194433,"6801 Coldwater Canyon Avenue, North Hollywood, California 91605, United States",success,high,,"{""address_number"":""matched"",""street"":""matched"",""postcode"":""unmatched"",""place"":""matched"",""region"":""matched"",""locality"":""not_applicable"",""country"":""inferred"",""confidence"":""high""}",verified,,CA,CA,91605,91605.0,NORTH HOLLYWOOD,North Hollywood,Los Angeles County,Los Angeles County,not_flagged,verified_address,in_la_county,include_default_map,verified address in Los Angeles County
lacdmh-sa2-7971-229,"16650 SHERMAN WY., VAN NUYS, CA 91406-3782",-118.49609,34.200845,"16650 Sherman Way, Van Nuys, California 91406, United States",success,high,,"{""address_number"":""matched"",""street"":""matched"",""postcode"":""unmatched"",""place"":""matched"",""region"":""matched"",""locality"":""not_applicable"",""country"":""inferred"",""confidence"":""high""}",verified,,CA,CA,91406,91406.0,VAN NUYS,Van Nuys,Los Angeles County,Los Angeles County,not_flagged,verified_address,in_la_county,include_default_map,verified address in Los Angeles County
lacdmh-sa2-7283-230,"22115 ROSCOE BLVD, CANOGA PARK, CA 91304-3839",-118.608799,34.220738,"22115 Roscoe Boulevard, West Hills, California 91304, United States",success,medium,,"{""address_number"":""matched"",""street"":""matched"",""postcode"":""unmatched"",""place"":""unmatched"",""region"":""matched"",""locality"":""not_applicable"",""country"":""inferred"",""confidence"":""medium""}",needs_review,medium_confidence;city_mismatch,CA,CA,91304,91304.0,CANOGA PARK,West Hills,Los Angeles County,Los Angeles County,not_flagged,needs_review_address,in_la_county,manual_review,address match quality needs review
lacdmh-sa2-8179-231,"14850 ROSCOE BLVD, PANORAMA CITY, CA 91402",-118.456702,34.220519,"14850 Roscoe Boulevard, Panorama City, California 91402, United States",success,exact,,"{""address_number"":""matched"",""street"":""matched"",""postcode"":""matched"",""place"":""matched"",""region"":""matched"",""locality"":""not_applicable"",""country"":""inferred"",""confidence"":""exact""}",verified,,CA,CA,91402,91402.0,PANORAMA CITY,Panorama City,Los Angeles County,Los Angeles County,not_flagged,verified_address,in_la_county,include_default_map,verified address in Los Angeles County
lacdmh-sa2-19KO-232,"14119 BUCHER AVE., SYLMAR, CA 91342-1442",-118.44399,34.32762,"14119 Bucher Avenue, Sylmar, California 91342, United States",success,high,,"{""address_number"":""matched"",""street"":""matched"",""postcode"":""unmatched"",""place"":""matched"",""region"":""matched"",""locality"":""not_applicable"",""country"":""inferred"",""confidence"":""high""}",verified,,CA,CA,91342,91342.0,SYLMAR,Sylmar,Los Angeles County,Los Angeles County,not_flagged,verified_address,in_la_county,include_default_map,verified address in Los Angeles County
lacdmh-sa2-6841-233,"20151 NORDHOFF ST., CHATSWORTH, CA 91311-6215",-118.573199,34.23242,"20151 Nordhoff Street, Chatsworth, California 91311, United States",success,high,,"{""address_number"":""matched"",""street"":""matched"",""postcode"":""unmatched"",""place"":""matched"",""region"":""matched"",""locality"":""not_applicable"",""country"":""inferred"",""confidence"":""high""}",verified,,CA,CA,91311,91311.0,CHATSWORTH,Chatsworth,Los Angeles County,Los Angeles County,not_flagged,verified_address,in_la_county,include_default_map,verified address in Los Angeles County
lacdmh-sa2-7746-234,"20151 NORDHOFF STREET, CHATSWORTH, CA 91311-6215",-118.573199,34.23242,"20151 Nordhoff Street, Chatsworth, California 91311, United States",success,high,,"{""address_number"":""matched"",""street"":""matched"",""postcode"":""unmatched"",""place"":""matched"",""region"":""matched"",""locality"":""not_applicable"",""country"":""inferred"",""confidence"":""high""}",verified,,CA,CA,91311,91311.0,CHATSWORTH,Chatsworth,Los Angeles County,Los Angeles County,not_flagged,verified_address,in_la_county,include_default_map,verified address in Los Angeles County
lacdmh-sa2-7355P-235,"14200 VAN NUYS BLVD., ARLETA, CA 91331-5103",-118.442228,34.251019,"14200 Van Nuys Boulevard, Arleta, California 91331, United States",success,high,,"{""address_number"":""matched"",""street"":""matched"",""postcode"":""unmatched"",""place"":""matched"",""region"":""matched"",""locality"":""not_applicable"",""country"":""inferred"",""confidence"":""high""}",verified,,CA,CA,91331,91331.0,ARLETA,Arleta,Los Angeles County,Los Angeles County,not_flagged,verified_address,in_la_county,include_default_map,verified address in Los Angeles County
lacdmh-sa2-7355N-236,"6900 CALHOUN AVE., VAN NUYS, CA 91405-3209",-118.44197,34.19596,"6900 Calhoun Avenue, Van Nuys, California 91405, United States",success,high,,"{""address_number"":""matched"",""street"":""matched"",""postcode"":""unmatched"",""place"":""matched"",""region"":""matched"",""locality"":""not_applicable"",""country"":""inferred"",""confidence"":""high""}",verified,,CA,CA,91405,91405.0,VAN NUYS,Van Nuys,Los Angeles County,Los Angeles County,not_flagged,verified_address,in_la_county,include_default_map,verified address in Los Angeles County
lacdmh-sa2-7355Y-237,"15810 SATICOY ST., VAN NUYS, CA 91406-3128",-118.477741,34.207978,"15810 Saticoy Street, Van Nuys, California 91406, United States",success,high,,"{""address_number"":""matched"",""street"":""matched"",""postcode"":""unmatched"",""place"":""matched"",""region"":""matched"",""locality"":""not_applicable"",""country"":""inferred"",""confidence"":""high""}",verified,,CA,CA,91406,91406.0,VAN NUYS,Van Nuys,Los Angeles County,Los Angeles County,not_flagged,verified_address,in_la_county,include_default_map,verified address in Los Angeles County
lacdmh-sa2-7355L-238,"7150 HAZELTINE AVE, VAN NUYS, CA 91405-3244",-118.439596,34.200604,"7150 Hazeltine Avenue, Van Nuys, California 91405, United States",success,high,,"{""address_number"":""matched"",""street"":""matched"",""postcode"":""unmatched"",""place"":""matched"",""region"":""matched"",""locality"":""not_applicable"",""country"":""inferred"",""confidence"":""high""}",verified,,CA,CA,91405,91405.0,VAN NUYS,Van Nuys,Los Angeles County,Los Angeles County,not_flagged,verified_address,in_la_county,include_default_map,verified address in Los Angeles County
lacdmh-sa2-7355G-239,"13000 HART ST., NORTH HOLLYWOOD, CA 91605-4801",-118.416503,34.196246,"13000 Hart Street, North Hollywood, California 91605, United States",success,high,,"{""address_number"":""matched"",""street"":""matched"",""postcode"":""unmatched"",""place"":""matched"",""region"":""matched"",""locality"":""not_applicable"",""country"":""inferred"",""confidence"":""high""}",verified,,CA,CA,91605,91605.0,NORTH HOLLYWOOD,North Hollywood,Los Angeles County,Los Angeles County,not_flagged,verified_address,in_la_county,include_default_map,verified address in Los Angeles County
lacdmh-sa2-7355M-240,"5041 SUNNYSLOPE AVE., SHERMAN OAKS, CA 91423-1445",-118.427357,34.16273,"5041 Sunnyslope Avenue, Sherman Oaks, California 91423, United States",success,high,,"{""address_number"":""matched"",""street"":""matched"",""postcode"":""unmatched"",""place"":""matched"",""region"":""matched"",""locality"":""not_applicable"",""country"":""inferred"",""confidence"":""high""}",verified,,CA,CA,91423,91423.0,SHERMAN OAKS,Sherman Oaks,Los Angeles County,Los Angeles County,not_flagged,verified_address,in_la_county,include_default_map,verified address in Los Angeles County
lacdmh-sa2-7355F-241,"17120 VANOWEN ST., LAKE BALBOA, CA 91406-4449",-118.504356,34.190261,"17120 Vanowen Street, Van Nuys, California 91406, United States",success,medium,,"{""address_number"":""matched"",""street"":""matched"",""postcode"":""unmatched"",""place"":""unmatched"",""region"":""matched"",""locality"":""not_applicable"",""country"":""inferred"",""confidence"":""medium""}",needs_review,medium_confidence;city_mismatch,CA,CA,91406,91406.0,LAKE BALBOA,Van Nuys,Los Angeles County,Los Angeles County,not_flagged,needs_review_address,in_la_county,manual_review,address match quality needs review
lacdmh-sa2-7355S-242,"12431 ROSCOE BLVD., SUN VALLEY, CA 91352-3723",-118.404314,34.22266,"12431 Roscoe Boulevard, Sun Valley, California 91352, United States",success,high,,"{""address_number"":""matched"",""street"":""matched"",""postcode"":""unmatched"",""place"":""matched"",""region"":""matched"",""locality"":""not_applicable"",""country"":""inferred"",""confidence"":""high""}",verified,,CA,CA,91352,91352.0,SUN VALLEY,Sun Valley,Los Angeles County,Los Angeles County,not_flagged,verified_address,in_la_county,include_default_map,verified address in Los Angeles County
lacdmh-sa2-7355T-243,"7940 RANCHITO AVE., PANORAMA CITY, CA 91402-6131",-118.434416,34.214927,"7940 Ranchito Avenue, Panorama City, California 91402, United States",success,high,,"{""address_number"":""matched"",""street"":""matched"",""postcode"":""unmatched"",""place"":""matched"",""region"":""matched"",""locality"":""not_applicable"",""country"":""inferred"",""confidence"":""high""}",verified,,CA,CA,91402,91402.0,PANORAMA CITY,Panorama City,Los Angeles County,Los Angeles County,not_flagged,verified_address,in_la_county,include_default_map,verified address in Los Angeles County
lacdmh-sa2-7355U-244,"6238 NOBLE AVE., VAN NUYS, CA 91411-2026",-118.461434,34.183419,"6238 Noble Avenue, Van Nuys, California 91411, United States",success,high,,"{""address_number"":""matched"",""street"":""matched"",""postcode"":""unmatched"",""place"":""matched"",""region"":""matched"",""locality"":""not_applicable"",""country"":""inferred"",""confidence"":""high""}",verified,,CA,CA,91411,91411.0,VAN NUYS,Van Nuys,Los Angeles County,Los Angeles County,not_flagged,verified_address,in_la_county,include_default_map,verified address in Los Angeles County
lacdmh-sa2-7355W-245,"6464 SYLMAR AVE., VAN NUYS, CA 91401-1433",-118.446138,34.18811,"6464 Sylmar Avenue, Van Nuys, California 91401, United States",success,high,,"{""address_number"":""matched"",""street"":""matched"",""postcode"":""unmatched"",""place"":""matched"",""region"":""matched"",""locality"":""not_applicable"",""country"":""inferred"",""confidence"":""high""}",verified,,CA,CA,91401,91401.0,VAN NUYS,Van Nuys,Los Angeles County,Los Angeles County,not_flagged,verified_address,in_la_county,include_default_map,verified address in Los Angeles County
lacdmh-sa2-7355Z-246,"6535 CEDROS AVE., VAN NUYS, CA 91411-1506",-118.454415,34.189462,"6535 Cedros Avenue, Van Nuys, California 91411, United States",success,high,,"{""address_number"":""matched"",""street"":""matched"",""postcode"":""unmatched"",""place"":""matched"",""region"":""matched"",""locality"":""not_applicable"",""country"":""inferred"",""confidence"":""high""}",verified,,CA,CA,91411,91411.0,VAN NUYS,Van Nuys,Los Angeles County,Los Angeles County,not_flagged,verified_address,in_la_county,include_default_map,verified address in Los Angeles County
lacdmh-sa2-7355X-247,"5435 VESPER AVE., SHERMAN OAKS, CA 91411-3738",-118.451492,34.169157,"5435 Vesper Avenue, Sherman Oaks, California 91411, United States",success,high,,"{""address_number"":""matched"",""street"":""matched"",""postcode"":""unmatched"",""place"":""matched"",""region"":""matched"",""locality"":""not_applicable"",""country"":""inferred"",""confidence"":""high""}",verified,,CA,CA,91411,91411.0,SHERMAN OAKS,Sherman Oaks,Los Angeles County,Los Angeles County,not_flagged,verified_address,in_la_county,include_default_map,verified address in Los Angeles County
lacdmh-sa2-7355O-248,"14711 GILMORE ST., VAN NUYS, CA 91411-1595",-118.45361,34.18777,"14711 Gilmore Street, Van Nuys, California 91411, United States",success,high,,"{""address_number"":""matched"",""street"":""matched"",""postcode"":""unmatched"",""place"":""matched"",""region"":""matched"",""locality"":""not_applicable"",""country"":""inferred"",""confidence"":""high""}",verified,,CA,CA,91411,91411.0,VAN NUYS,Van Nuys,Los Angeles County,Los Angeles County,not_flagged,verified_address,in_la_county,include_default_map,verified address in Los Angeles County
lacdmh-sa3-7545B 7545B-249,"4733 N LANDIS AVENUE, BALDWIN PARK, CA 91706-2565",-117.960395,34.086476,"Baldwin Park, California 91706, United States",success,,,,needs_review,missing_confidence;non_address_result:postcode,CA,CA,91706,91706.0,BALDWIN PARK,Baldwin Park,Los Angeles County,Los Angeles County,not_flagged,needs_review_address,in_la_county,manual_review,address match quality needs review
lacdmh-sa3-7545F 7545F-250,"14250 E MERCED AVENUE, BALDWIN PARK, CA 91706-5205",-117.960395,34.086476,"Baldwin Park, California 91706, United States",success,,,,needs_review,missing_confidence;non_address_result:postcode,CA,CA,91706,91706.0,BALDWIN PARK,Baldwin Park,Los Angeles County,Los Angeles County,not_flagged,needs_review_address,in_la_county,manual_review,address match quality needs review
lacdmh-sa3-7545P 7545P-251,"13701 E OLIVE STREET, BALDWIN PARK, CA 91706-2320",-117.960395,34.086476,"Baldwin Park, California 91706, United States",success,,,,needs_review,missing_confidence;non_address_result:postcode,CA,CA,91706,91706.0,BALDWIN PARK,Baldwin Park,Los Angeles County,Los Angeles County,not_flagged,needs_review_address,in_la_county,manual_review,address match quality needs review
lacdmh-sa3-7545Y 7545Y-252,"13400 FOSTER AVENUE, BALDWIN PARK, CA 91706-4838",-117.979474,34.077432,"13400 Foster Avenue, Baldwin Park, California 91706, United States",success,high,,"{""address_number"":""matched"",""street"":""matched"",""postcode"":""unmatched"",""place"":""matched"",""region"":""matched"",""locality"":""not_applicable"",""country"":""inferred"",""confidence"":""high""}",verified,,CA,CA,91706,91706.0,BALDWIN PARK,Baldwin Park,Los Angeles County,Los Angeles County,not_flagged,verified_address,in_la_county,include_default_map,verified address in Los Angeles County
lacdmh-sa3-8452-253,"1161 E. COVINA BLVD, COVINA, CA 91724-1523",-117.866834,34.100239,"1161 East Covina Boulevard, Covina, California 91724, United States",success,high,,"{""address_number"":""matched"",""street"":""matched"",""postcode"":""unmatched"",""place"":""matched"",""region"":""matched"",""locality"":""not_applicable"",""country"":""inferred"",""confidence"":""high""}",verified,,CA,CA,91724,91724.0,COVINA,Covina,Los Angeles County,Los Angeles County,not_flagged,verified_address,in_la_county,include_default_map,verified address in Los Angeles County
lacdmh-sa3-7302-254,"1515 W. CAMERON AVE. STE. 350, WEST COVINA, CA 91790-2726",-117.942312,34.068784,"1515 West Cameron Avenue, STE 350, West Covina, California 91790, United States",success,high,,"{""secondary_address"":""matched"",""address_number"":""matched"",""street"":""matched"",""postcode"":""unmatched"",""place"":""matched"",""region"":""matched"",""locality"":""not_applicable"",""country"":""inferred"",""confidence"":""high""}",verified,,CA,CA,91790,91790.0,WEST COVINA,West Covina,Los Angeles County,Los Angeles County,not_flagged,verified_address,in_la_county,include_default_map,verified address in Los Angeles County
lacdmh-sa3-8450-255,"16260 VENTURA BLVD STE 630, ENCINO, CA 91436-2255",-118.487638,34.156366,"16260 Ventura Boulevard, STE 630, Encino, California 91436, United States",success,high,,"{""secondary_address"":""matched"",""address_number"":""matched"",""street"":""matched"",""postcode"":""unmatched"",""place"":""matched"",""region"":""matched"",""locality"":""not_applicable"",""country"":""inferred"",""confidence"":""high""}",verified,,CA,CA,91436,91436.0,ENCINO,Encino,Los Angeles County,Los Angeles County,not_flagged,verified_address,in_la_county,include_default_map,verified address in Los Angeles County
lacdmh-sa3-7819-256,"4024 DURFEE AVE. WING D, EL MONTE, CA 91732-2510",-118.00568,34.073064,"4024 Durfee Avenue, wing D, El Monte, California 91732, United States",success,high,,"{""secondary_address"":""plausible"",""address_number"":""matched"",""street"":""matched"",""postcode"":""unmatched"",""place"":""matched"",""region"":""matched"",""locality"":""not_applicable"",""country"":""inferred"",""confidence"":""high""}",verified,,CA,CA,91732,91732.0,EL MONTE,El Monte,Los Angeles County,Los Angeles County,not_flagged,verified_address,in_la_county,include_default_map,verified address in Los Angeles County
lacdmh-sa3-7368-257,"1317 HUNTINGTON DR., SOUTH PASADENA, CA 91030-4511",-118.15307,34.10351,"1317 Huntington Drive, South Pasadena, California 91030, United States",success,high,,"{""address_number"":""matched"",""street"":""matched"",""postcode"":""unmatched"",""place"":""matched"",""region"":""matched"",""locality"":""not_applicable"",""country"":""inferred"",""confidence"":""high""}",verified,,CA,CA,91030,91030.0,SOUTH PASADENA,South Pasadena,Los Angeles County,Los Angeles County,not_flagged,verified_address,in_la_county,include_default_map,verified address in Los Angeles County
lacdmh-sa3-7708-258,"205 PASADENA AVE., SOUTH PASADENA, CA 91030-2919",-118.171045,34.112008,"205 Pasadena Avenue, South Pasadena, California 91030, United States",success,high,,"{""address_number"":""matched"",""street"":""matched"",""postcode"":""unmatched"",""place"":""matched"",""region"":""matched"",""locality"":""not_applicable"",""country"":""inferred"",""confidence"":""high""}",verified,,CA,CA,91030,91030.0,SOUTH PASADENA,South Pasadena,Los Angeles County,Los Angeles County,not_flagged,verified_address,in_la_county,include_default_map,verified address in Los Angeles County
lacdmh-sa3-7982-259,"211 SOUTH FIRST STREET, ALHAMBRA, CA 91801-3706",-118.126503,34.092061,"211 South 1st Street, Alhambra, California 91801, United States",success,medium,,"{""address_number"":""matched"",""street"":""unmatched"",""postcode"":""unmatched"",""place"":""matched"",""region"":""matched"",""locality"":""not_applicable"",""country"":""inferred"",""confidence"":""medium""}",needs_review,medium_confidence;street_not_matched,CA,CA,91801,91801.0,ALHAMBRA,Alhambra,Los Angeles County,Los Angeles County,not_flagged,needs_review_address,in_la_county,manual_review,address match quality needs review
lacdmh-sa3-1917-260,"330 E. LIVE OAK AVE., ARCADIA, CA 91006-5617",-118.021794,34.108068,"330 Live Oak Avenue, Arcadia, California 91006, United States",success,high,,"{""address_number"":""matched"",""street"":""matched"",""postcode"":""unmatched"",""place"":""matched"",""region"":""matched"",""locality"":""not_applicable"",""country"":""inferred"",""confidence"":""high""}",verified,,CA,CA,91006,91006.0,ARCADIA,Arcadia,Los Angeles County,Los Angeles County,not_flagged,verified_address,in_la_county,include_default_map,verified address in Los Angeles County
lacdmh-sa3-19LI-261,"330 E LIVE OAK AVE, ARCADIA, CA 91006-5617",-118.021794,34.108068,"330 Live Oak Avenue, Arcadia, California 91006, United States",success,high,,"{""address_number"":""matched"",""street"":""matched"",""postcode"":""unmatched"",""place"":""matched"",""region"":""matched"",""locality"":""not_applicable"",""country"":""inferred"",""confidence"":""high""}",verified,,CA,CA,91006,91006.0,ARCADIA,Arcadia,Los Angeles County,Los Angeles County,not_flagged,verified_address,in_la_county,include_default_map,verified address in Los Angeles County
lacdmh-sa3-7834-262,"9960 BALDWIN PLACE, EL MONTE, CA 91731-2204",-118.051385,34.071139,"9960 Baldwin Place, El Monte, California 91731, United States",success,high,,"{""address_number"":""matched"",""street"":""matched"",""postcode"":""unmatched"",""place"":""matched"",""region"":""matched"",""locality"":""not_applicable"",""country"":""inferred"",""confidence"":""high""}",verified,,CA,CA,91731,91731.0,EL MONTE,El Monte,Los Angeles County,Los Angeles County,not_flagged,verified_address,in_la_county,include_default_map,verified address in Los Angeles County
lacdmh-sa3-8174-263,"12304 SANTA MONICA BLVD. STE. 315, LOS ANGELES, CA 90025-1542",-118.465434,34.039192,"12304 Santa Monica Boulevard, STE 315, Los Angeles, California 90025, United States",success,high,,"{""secondary_address"":""plausible"",""address_number"":""matched"",""street"":""matched"",""postcode"":""unmatched"",""place"":""matched"",""region"":""matched"",""locality"":""not_applicable"",""country"":""inferred"",""confidence"":""high""}",verified,,CA,CA,90025,90025.0,LOS ANGELES,Los Angeles,Los Angeles County,Los Angeles County,not_flagged,verified_address,in_la_county,include_default_map,verified address in Los Angeles County
lacdmh-sa3-1991-264,"13001 RAMONA BLVD. STE. A, IRWINDALE, CA 91706-3752",-117.990408,34.079513,"13001 Ramona Boulevard, STE A, Irwindale, California 91706, United States",success,high,,"{""secondary_address"":""matched"",""address_number"":""matched"",""street"":""matched"",""postcode"":""unmatched"",""place"":""matched"",""region"":""matched"",""locality"":""not_applicable"",""country"":""inferred"",""confidence"":""high""}",verified,,CA,CA,91706,91706.0,IRWINDALE,Irwindale,Los Angeles County,Los Angeles County,not_flagged,verified_address,in_la_county,include_default_map,verified address in Los Angeles County
lacdmh-sa3-8015-265,"1135 S. SUNSET AVE, STE. 401, WEST COVINA, CA 91790-3404",-117.946281,34.062756,"1135 South Sunset Avenue, STE 401, West Covina, California 91790, United States",success,high,,"{""secondary_address"":""matched"",""address_number"":""matched"",""street"":""matched"",""postcode"":""unmatched"",""place"":""matched"",""region"":""matched"",""locality"":""not_applicable"",""country"":""inferred"",""confidence"":""high""}",verified,,CA,CA,91790,91790.0,WEST COVINA,West Covina,Los Angeles County,Los Angeles County,not_flagged,verified_address,in_la_county,include_default_map,verified address in Los Angeles County
lacdmh-sa3-19E7-266,"3082 THURIN AVE., ALTADENA, CA 91001-4228",-118.15664,34.197794,"3082 Thurin Avenue, Altadena, California 91001, United States",success,high,,"{""address_number"":""matched"",""street"":""matched"",""postcode"":""unmatched"",""place"":""matched"",""region"":""matched"",""locality"":""not_applicable"",""country"":""inferred"",""confidence"":""high""}",verified,,CA,CA,91001,91001.0,ALTADENA,Altadena,Los Angeles County,Los Angeles County,not_flagged,verified_address,in_la_county,include_default_map,verified address in Los Angeles County
lacdmh-sa3-19E8-267,"1280 N. HILL AVE., PASADENA, CA 91104-3050",-118.121156,34.16806,"1280 North Hill Avenue, Pasadena, California 91104, United States",success,high,,"{""address_number"":""matched"",""street"":""matched"",""postcode"":""unmatched"",""place"":""matched"",""region"":""matched"",""locality"":""not_applicable"",""country"":""inferred"",""confidence"":""high""}",verified,,CA,CA,91104,91104.0,PASADENA,Pasadena,Los Angeles County,Los Angeles County,not_flagged,verified_address,in_la_county,include_default_map,verified address in Los Angeles County
lacdmh-sa3-19DH-268,"128 E. PALM AVE., MONROVIA, CA 91016-5108",-117.999871,34.148935,"128 East Palm Avenue, Monrovia, California 91016, United States",success,high,,"{""address_number"":""matched"",""street"":""matched"",""postcode"":""unmatched"",""place"":""matched"",""region"":""matched"",""locality"":""not_applicable"",""country"":""inferred"",""confidence"":""high""}",verified,,CA,CA,91016,91016.0,MONROVIA,Monrovia,Los Angeles County,Los Angeles County,not_flagged,verified_address,in_la_county,include_default_map,verified address in Los Angeles County
lacdmh-sa3-19AU-269,"184 N. IVY AVE., MONROVIA, CA 91016-2220",-117.998562,34.154278,"184 North Ivy Avenue, Monrovia, California 91016, United States",success,high,,"{""address_number"":""matched"",""street"":""matched"",""postcode"":""unmatched"",""place"":""matched"",""region"":""matched"",""locality"":""not_applicable"",""country"":""inferred"",""confidence"":""high""}",verified,,CA,CA,91016,91016.0,MONROVIA,Monrovia,Los Angeles County,Los Angeles County,not_flagged,verified_address,in_la_county,include_default_map,verified address in Los Angeles County
lacdmh-sa3-7243-270,"11931 ELLIOTT AVE, EL MONTE, CA 91732-0001",-118.025747,34.057758,"11931 Elliott Avenue, El Monte, California 91732, United States",success,low,,"{""address_number"":""plausible"",""street"":""matched"",""postcode"":""unmatched"",""place"":""matched"",""region"":""matched"",""locality"":""not_applicable"",""country"":""inferred"",""confidence"":""low""}",needs_review,low_confidence;address_number_not_matched,CA,CA,91732,91732.0,EL MONTE,El Monte,Los Angeles County,Los Angeles County,not_flagged,needs_review_address,in_la_county,manual_review,address match quality needs review
lacdmh-sa3-7244-271,"11929 ELLIOTT AVE, EL MONTE, CA 91732-0001",-118.025448,34.058247,"11929 Elliott Avenue, El Monte, California 91732, United States",success,high,,"{""address_number"":""matched"",""street"":""matched"",""postcode"":""unmatched"",""place"":""matched"",""region"":""matched"",""locality"":""not_applicable"",""country"":""inferred"",""confidence"":""high""}",verified,,CA,CA,91732,91732.0,EL MONTE,El Monte,Los Angeles County,Los Angeles County,not_flagged,verified_address,in_la_county,include_default_map,verified address in Los Angeles County
lacdmh-sa3-7595-272,"1515 W CAMERON AVE STE 310, WEST COVINA, CA 91790-2726",-117.942312,34.068784,"1515 West Cameron Avenue, STE 310, West Covina, California 91790, United States",success,high,,"{""secondary_address"":""matched"",""address_number"":""matched"",""street"":""matched"",""postcode"":""unmatched"",""place"":""matched"",""region"":""matched"",""locality"":""not_applicable"",""country"":""inferred"",""confidence"":""high""}",verified,,CA,CA,91790,91790.0,WEST COVINA,West Covina,Los Angeles County,Los Angeles County,not_flagged,verified_address,in_la_county,include_default_map,verified address in Los Angeles County
lacdmh-sa3-19EE-273,"2243 N. MOUNTAIN AVE., CLAREMONT, CA 91711-1586",-117.729252,34.124268,"2243 Mountain Avenue, Claremont, California 91711, United States",success,high,,"{""address_number"":""matched"",""street"":""matched"",""postcode"":""unmatched"",""place"":""matched"",""region"":""matched"",""locality"":""not_applicable"",""country"":""inferred"",""confidence"":""high""}",verified,,CA,CA,91711,91711.0,CLAREMONT,Claremont,Los Angeles County,Los Angeles County,not_flagged,verified_address,in_la_county,include_default_map,verified address in Los Angeles County
lacdmh-sa3-7943-274,"801 W. SAN BERNARDINO RD., COVINA, CA 91722-3621",-117.90566,34.08956,"801 West San Bernardino Road, Covina, California 91722, United States",success,high,,"{""address_number"":""matched"",""street"":""matched"",""postcode"":""unmatched"",""place"":""matched"",""region"":""matched"",""locality"":""not_applicable"",""country"":""inferred"",""confidence"":""high""}",verified,,CA,CA,91722,91722.0,COVINA,Covina,Los Angeles County,Los Angeles County,not_flagged,verified_address,in_la_county,include_default_map,verified address in Los Angeles County
lacdmh-sa3-8514-275,"1161 E COVINA BLVD, COVINA, CA 91724-1523",-117.866834,34.100239,"1161 East Covina Boulevard, Covina, California 91724, United States",success,high,,"{""address_number"":""matched"",""street"":""matched"",""postcode"":""unmatched"",""place"":""matched"",""region"":""matched"",""locality"":""not_applicable"",""country"":""inferred"",""confidence"":""high""}",verified,,CA,CA,91724,91724.0,COVINA,Covina,Los Angeles County,Los Angeles County,not_flagged,verified_address,in_la_county,include_default_map,verified address in Los Angeles County
lacdmh-sa3-8396-276,"415 W. ROUTE 66 STE. 202, GLENDORA, CA 91740-4335",-117.869935,34.129059,"415 W Route 66, STE 202, Glendora, California 91740, United States",success,high,,"{""secondary_address"":""matched"",""address_number"":""matched"",""street"":""matched"",""postcode"":""unmatched"",""place"":""matched"",""region"":""matched"",""locality"":""not_applicable"",""country"":""inferred"",""confidence"":""high""}",verified,,CA,CA,91740,91740.0,GLENDORA,Glendora,Los Angeles County,Los Angeles County,not_flagged,verified_address,in_la_county,include_default_map,verified address in Los Angeles County
lacdmh-sa3-7659-277,"1460 E. HOLT AVE. STE. 166, POMONA, CA 91767-5852",-117.720749,34.06145,"1460 East Holt Avenue, STE 166, Pomona, California 91767, United States",success,high,,"{""secondary_address"":""matched"",""address_number"":""matched"",""street"":""matched"",""postcode"":""unmatched"",""place"":""matched"",""region"":""matched"",""locality"":""not_applicable"",""country"":""inferred"",""confidence"":""high""}",verified,,CA,CA,91767,91767.0,POMONA,Pomona,Los Angeles County,Los Angeles County,not_flagged,verified_address,in_la_county,include_default_map,verified address in Los Angeles County
lacdmh-sa3-8398-278,"415 W. ROUTE 66 STE. 202, GLENDORA, CA 91740-4335",-117.869935,34.129059,"415 W Route 66, STE 202, Glendora, California 91740, United States",success,high,,"{""secondary_address"":""matched"",""address_number"":""matched"",""street"":""matched"",""postcode"":""unmatched"",""place"":""matched"",""region"":""matched"",""locality"":""not_applicable"",""country"":""inferred"",""confidence"":""high""}",verified,,CA,CA,91740,91740.0,GLENDORA,Glendora,Los Angeles County,Los Angeles County,not_flagged,verified_address,in_la_county,include_default_map,verified address in Los Angeles County
lacdmh-sa3-8486-279,"5000 VAN NUYS BLVD 202, SHERMAN OAKS, CA 91403-2542",-118.448292,34.161716,"5000 Van Nuys Boulevard, STE 202, Sherman Oaks, California 91403, United States",success,high,,"{""secondary_address"":""matched"",""address_number"":""matched"",""street"":""matched"",""postcode"":""unmatched"",""place"":""matched"",""region"":""matched"",""locality"":""not_applicable"",""country"":""inferred"",""confidence"":""high""}",verified,,CA,CA,91403,91403.0,SHERMAN OAKS,Sherman Oaks,Los Angeles County,Los Angeles County,not_flagged,verified_address,in_la_county,include_default_map,verified address in Los Angeles County
lacdmh-sa3-19DE-280,"4921 CEDAR AVE. 1035, EL MONTE, CA 91732-1035",-118.020843,34.093747,"4921 Cedar Avenue, El Monte, California 91732, United States",success,high,,"{""address_number"":""matched"",""street"":""matched"",""postcode"":""unmatched"",""place"":""matched"",""region"":""matched"",""locality"":""not_applicable"",""country"":""inferred"",""confidence"":""high""}",verified,,CA,CA,91732,91732.0,EL MONTE,El Monte,Los Angeles County,Los Angeles County,not_flagged,verified_address,in_la_county,include_default_map,verified address in Los Angeles County
lacdmh-sa3-19DT-281,"1212 KELLWILL WAY, DUARTE, CA 91010-3322",-117.978692,34.128113,"1212 Kellwil Way, Duarte, California 91010, United States",success,high,,"{""address_number"":""matched"",""street"":""matched"",""postcode"":""unmatched"",""place"":""matched"",""region"":""matched"",""locality"":""not_applicable"",""country"":""inferred"",""confidence"":""high""}",verified,,CA,CA,91010,91010.0,DUARTE,Duarte,Los Angeles County,Los Angeles County,not_flagged,verified_address,in_la_county,include_default_map,verified address in Los Angeles County
lacdmh-sa3-19DF-282,"930 E. LEMON AVE., MONROVIA, CA 91016-3076",-117.984501,34.145881,"930 East Lemon Avenue, Monrovia, California 91016, United States",success,high,,"{""address_number"":""matched"",""street"":""matched"",""postcode"":""unmatched"",""place"":""matched"",""region"":""matched"",""locality"":""not_applicable"",""country"":""inferred"",""confidence"":""high""}",verified,,CA,CA,91016,91016.0,MONROVIA,Monrovia,Los Angeles County,Los Angeles County,not_flagged,verified_address,in_la_county,include_default_map,verified address in Los Angeles County
lacdmh-sa3-19DC-283,"226 S. IVY AVE., MONROVIA, CA 91016-2836",-117.998266,34.150318,"226 South Ivy Avenue, Monrovia, California 91016, United States",success,high,,"{""address_number"":""matched"",""street"":""matched"",""postcode"":""unmatched"",""place"":""matched"",""region"":""matched"",""locality"":""not_applicable"",""country"":""inferred"",""confidence"":""high""}",verified,,CA,CA,91016,91016.0,MONROVIA,Monrovia,Los Angeles County,Los Angeles County,not_flagged,verified_address,in_la_county,include_default_map,verified address in Los Angeles County
lacdmh-sa3-7872-284,"1565 CENTRAL AVE., DUARTE, CA 91010-3865",-117.970892,34.136537,"1565 Central Avenue, Duarte, California 91010, United States",success,high,,"{""address_number"":""matched"",""street"":""matched"",""postcode"":""unmatched"",""place"":""matched"",""region"":""matched"",""locality"":""not_applicable"",""country"":""inferred"",""confidence"":""high""}",verified,,CA,CA,91010,91010.0,DUARTE,Duarte,Los Angeles County,Los Angeles County,not_flagged,verified_address,in_la_county,include_default_map,verified address in Los Angeles County
lacdmh-sa3-19DB-285,"1600 E. FOOTHILL BLVD., GLENDORA, CA 91741-3024",-117.835431,34.134862,"1600 East Foothill Boulevard, Glendora, California 91741, United States",success,high,,"{""address_number"":""matched"",""street"":""matched"",""postcode"":""unmatched"",""place"":""matched"",""region"":""matched"",""locality"":""not_applicable"",""country"":""inferred"",""confidence"":""high""}",verified,,CA,CA,91741,91741.0,GLENDORA,Glendora,Los Angeles County,Los Angeles County,not_flagged,verified_address,in_la_county,include_default_map,verified address in Los Angeles County
lacdmh-sa3-19DR-286,"1001 DURFEE AVE., EL MONTE, CA 91733-4409",-118.044549,34.036449,"1001 Durfee Avenue, South El Monte, California 91733, United States",success,medium,,"{""address_number"":""matched"",""street"":""matched"",""postcode"":""unmatched"",""place"":""unmatched"",""region"":""matched"",""locality"":""not_applicable"",""country"":""inferred"",""confidence"":""medium""}",needs_review,medium_confidence;city_mismatch,CA,CA,91733,91733.0,EL MONTE,South El Monte,Los Angeles County,Los Angeles County,not_flagged,needs_review_address,in_la_county,manual_review,address match quality needs review
lacdmh-sa3-19DK-287,"402 W. COLORADO BLVD., MONROVIA, CA 91016-2647",-118.008035,34.145742,"402 West Colorado Boulevard, Monrovia, California 91016, United States",success,high,,"{""address_number"":""matched"",""street"":""matched"",""postcode"":""unmatched"",""place"":""matched"",""region"":""matched"",""locality"":""not_applicable"",""country"":""inferred"",""confidence"":""high""}",verified,,CA,CA,91016,91016.0,MONROVIA,Monrovia,Los Angeles County,Los Angeles County,not_flagged,verified_address,in_la_county,include_default_map,verified address in Los Angeles County
lacdmh-sa3-19DG-288,"845 W. COLORADO BLVD., MONROVIA, CA 91016-2517",-118.017146,34.148089,"845 West Colorado Boulevard, Monrovia, California 91016, United States",success,high,,"{""address_number"":""matched"",""street"":""matched"",""postcode"":""unmatched"",""place"":""matched"",""region"":""matched"",""locality"":""not_applicable"",""country"":""inferred"",""confidence"":""high""}",verified,,CA,CA,91016,91016.0,MONROVIA,Monrovia,Los Angeles County,Los Angeles County,not_flagged,verified_address,in_la_county,include_default_map,verified address in Los Angeles County
lacdmh-sa3-19DP-289,"1300 BOLEY ST., MONROVIA, CA 91016-4905",-118.00629,34.116739,"1300 Boley Street, Monrovia, California 91016, United States",success,high,,"{""address_number"":""matched"",""street"":""matched"",""postcode"":""unmatched"",""place"":""matched"",""region"":""matched"",""locality"":""not_applicable"",""country"":""inferred"",""confidence"":""high""}",verified,,CA,CA,91016,91016.0,MONROVIA,Monrovia,Los Angeles County,Los Angeles County,not_flagged,verified_address,in_la_county,include_default_map,verified address in Los Angeles County
lacdmh-sa3-19DQ-290,"2499 ROYAL OAKS DR., BRADBURY, CA 91008-0000",-117.952469,34.144659,"2499 Royal Oaks Drive, Bradbury, California 91008, United States",success,high,,"{""address_number"":""matched"",""street"":""matched"",""postcode"":""unmatched"",""place"":""matched"",""region"":""matched"",""locality"":""not_applicable"",""country"":""inferred"",""confidence"":""high""}",verified,,CA,CA,91008,91008.0,BRADBURY,Bradbury,Los Angeles County,Los Angeles County,not_flagged,verified_address,in_la_county,include_default_map,verified address in Los Angeles County
lacdmh-sa3-7873-291,"751 VINELAND AVE, BASSETT, CA 91746-1914",-117.985262,34.057203,"751 Vineland Avenue, City of Industry, California 91746, United States",success,medium,,"{""address_number"":""matched"",""street"":""matched"",""postcode"":""unmatched"",""place"":""unmatched"",""region"":""matched"",""locality"":""not_applicable"",""country"":""inferred"",""confidence"":""medium""}",needs_review,medium_confidence;city_mismatch,CA,CA,91746,91746.0,BASSETT,City of Industry,Los Angeles County,Los Angeles County,not_flagged,needs_review_address,in_la_county,manual_review,address match quality needs review
lacdmh-sa3-19DU-292,"237 MEL CANYON RD., DUARTE, CA 91010-1528",-117.940223,34.149159,"237 Mel Canyon Road, Duarte, California 91010, United States",success,high,,"{""address_number"":""matched"",""street"":""matched"",""postcode"":""unmatched"",""place"":""matched"",""region"":""matched"",""locality"":""not_applicable"",""country"":""inferred"",""confidence"":""high""}",verified,,CA,CA,91010,91010.0,DUARTE,Duarte,Los Angeles County,Los Angeles County,not_flagged,verified_address,in_la_county,include_default_map,verified address in Los Angeles County
lacdmh-sa3-19DS-293,"232 JASMINE AVE., MONROVIA, CA 91016-2919",-117.992916,34.149739,"232 Jasmine Avenue, Monrovia, California 91016, United States",success,high,,"{""address_number"":""matched"",""street"":""matched"",""postcode"":""unmatched"",""place"":""matched"",""region"":""matched"",""locality"":""not_applicable"",""country"":""inferred"",""confidence"":""high""}",verified,,CA,CA,91016,91016.0,MONROVIA,Monrovia,Los Angeles County,Los Angeles County,not_flagged,verified_address,in_la_county,include_default_map,verified address in Los Angeles County
lacdmh-sa3-7775-294,"2750 E. WASHINGTON BLVD. STE. 260, PASADENA, CA 91107-1448",-118.094645,34.167586,"2750 East Washington Boulevard, STE 260, Pasadena, California 91107, United States",success,high,,"{""secondary_address"":""matched"",""address_number"":""matched"",""street"":""matched"",""postcode"":""unmatched"",""place"":""matched"",""region"":""matched"",""locality"":""not_applicable"",""country"":""inferred"",""confidence"":""high""}",verified,,CA,CA,91107,91107.0,PASADENA,Pasadena,Los Angeles County,Los Angeles County,not_flagged,verified_address,in_la_county,include_default_map,verified address in Los Angeles County
lacdmh-sa3-7878-295,"743 E CALAVERAS ST, ALTADENA, CA 91001-2332",-118.134739,34.184876,"743 East Calaveras Street, Altadena, California 91001, United States",success,high,,"{""address_number"":""matched"",""street"":""matched"",""postcode"":""unmatched"",""place"":""matched"",""region"":""matched"",""locality"":""not_applicable"",""country"":""inferred"",""confidence"":""high""}",verified,,CA,CA,91001,91001.0,ALTADENA,Altadena,Los Angeles County,Los Angeles County,not_flagged,verified_address,in_la_county,include_default_map,verified address in Los Angeles County
lacdmh-sa3-7880-296,"1905 LINCOLN AVE., PASADENA, CA 91103-1315",-118.160701,34.178193,"1905 Lincoln Avenue, Pasadena, California 91103, United States",success,high,,"{""address_number"":""matched"",""street"":""matched"",""postcode"":""unmatched"",""place"":""matched"",""region"":""matched"",""locality"":""not_applicable"",""country"":""inferred"",""confidence"":""high""}",verified,,CA,CA,91103,91103.0,PASADENA,Pasadena,Los Angeles County,Los Angeles County,not_flagged,verified_address,in_la_county,include_default_map,verified address in Los Angeles County
lacdmh-sa3-7874-297,"1400 MT OLIVE DRIVE, DUARTE, CA 91010-2675",-117.95525,34.13737,"1400 Mount Olive Drive, Duarte, California 91010, United States",success,high,,"{""address_number"":""matched"",""street"":""matched"",""postcode"":""unmatched"",""place"":""matched"",""region"":""matched"",""locality"":""not_applicable"",""country"":""inferred"",""confidence"":""high""}",verified,,CA,CA,91010,91010.0,DUARTE,Duarte,Los Angeles County,Los Angeles County,not_flagged,verified_address,in_la_county,include_default_map,verified address in Los Angeles County
lacdmh-sa3-7777A-298,"1359 N. GRAND AVE., COVINA, CA 91724-1016",-117.874014,34.104023,"1359 North Grand Avenue, Covina, California 91724, United States",success,high,,"{""address_number"":""matched"",""street"":""matched"",""postcode"":""unmatched"",""place"":""matched"",""region"":""matched"",""locality"":""not_applicable"",""country"":""inferred"",""confidence"":""high""}",verified,,CA,CA,91724,91724.0,COVINA,Covina,Los Angeles County,Los Angeles County,not_flagged,verified_address,in_la_county,include_default_map,verified address in Los Angeles County
lacdmh-sa3-19CL-299,"889 DIANA AVE., POMONA, CA 91766-6216",-117.738375,34.029439,"889 Diana Avenue, Pomona, California 91766, United States",success,high,,"{""address_number"":""matched"",""street"":""matched"",""postcode"":""unmatched"",""place"":""matched"",""region"":""matched"",""locality"":""not_applicable"",""country"":""inferred"",""confidence"":""high""}",verified,,CA,CA,91766,91766.0,POMONA,Pomona,Los Angeles County,Los Angeles County,not_flagged,verified_address,in_la_county,include_default_map,verified address in Los Angeles County
lacdmh-sa3-19CN-300,"215 W. LA VERNE AVE., POMONA, CA 91767-2333",-117.752706,34.08674,"215 West La Verne Avenue, Pomona, California 91767, United States",success,high,,"{""address_number"":""matched"",""street"":""matched"",""postcode"":""unmatched"",""place"":""matched"",""region"":""matched"",""locality"":""not_applicable"",""country"":""inferred"",""confidence"":""high""}",verified,,CA,CA,91767,91767.0,POMONA,Pomona,Los Angeles County,Los Angeles County,not_flagged,verified_address,in_la_county,include_default_map,verified address in Los Angeles County
lacdmh-sa3-19CJ-301,"790 E. LA VERNE AVE., POMONA, CA 91767-2814",-117.737151,34.08063,"790 La Verne Avenue, Pomona, California 91767, United States",success,high,,"{""address_number"":""matched"",""street"":""matched"",""postcode"":""unmatched"",""place"":""matched"",""region"":""matched"",""locality"":""not_applicable"",""country"":""inferred"",""confidence"":""high""}",verified,,CA,CA,91767,91767.0,POMONA,Pomona,Los Angeles County,Los Angeles County,not_flagged,verified_address,in_la_county,include_default_map,verified address in Los Angeles County
lacdmh-sa3-19CM-302,"13135 WACO ST., BALDWIN PARK, CA 91706-4727",-117.987,34.07204,"13135 Waco Street, Baldwin Park, California 91706, United States",success,high,,"{""address_number"":""matched"",""street"":""matched"",""postcode"":""unmatched"",""place"":""matched"",""region"":""matched"",""locality"":""not_applicable"",""country"":""inferred"",""confidence"":""high""}",verified,,CA,CA,91706,91706.0,BALDWIN PARK,Baldwin Park,Los Angeles County,Los Angeles County,not_flagged,verified_address,in_la_county,include_default_map,verified address in Los Angeles County
lacdmh-sa3-19CG-303,"13133 WACO ST., BALDWIN PARK, CA 91706-4727",-117.986658,34.072239,"13133 Waco Street, Baldwin Park, California 91706, United States",success,high,,"{""address_number"":""matched"",""street"":""matched"",""postcode"":""unmatched"",""place"":""matched"",""region"":""matched"",""locality"":""not_applicable"",""country"":""inferred"",""confidence"":""high""}",verified,,CA,CA,91706,91706.0,BALDWIN PARK,Baldwin Park,Los Angeles County,Los Angeles County,not_flagged,verified_address,in_la_county,include_default_map,verified address in Los Angeles County
lacdmh-sa3-19CK-304,"1526 S. ST. MALO ST., WEST COVINA, CA 91790-4836",-117.945265,34.052286,"1526 South Saint Malo Street, West Covina, California 91790, United States",success,high,,"{""address_number"":""matched"",""street"":""matched"",""postcode"":""unmatched"",""place"":""matched"",""region"":""matched"",""locality"":""not_applicable"",""country"":""inferred"",""confidence"":""high""}",verified,,CA,CA,91790,91790.0,WEST COVINA,West Covina,Los Angeles County,Los Angeles County,not_flagged,verified_address,in_la_county,include_default_map,verified address in Los Angeles County
lacdmh-sa3-7173-305,"160 S 7TH AVE, LA PUENTE, CA 91746-3211",-117.97594,34.03337,"160 7th Avenue, La Puente, California 91746, United States",success,high,,"{""address_number"":""matched"",""street"":""matched"",""postcode"":""unmatched"",""place"":""matched"",""region"":""matched"",""locality"":""not_applicable"",""country"":""inferred"",""confidence"":""high""}",verified,,CA,CA,91746,91746.0,LA PUENTE,La Puente,Los Angeles County,Los Angeles County,not_flagged,verified_address,in_la_county,include_default_map,verified address in Los Angeles County
lacdmh-sa3-7977-306,"1215 W WEST COVINA PARKWAY, WEST COVINA, CA 91790-2946",-117.93497,34.06908,"1215 West Covina Parkway, West Covina, California 91790, United States",success,high,,"{""address_number"":""matched"",""street"":""matched"",""postcode"":""unmatched"",""place"":""matched"",""region"":""matched"",""locality"":""not_applicable"",""country"":""inferred"",""confidence"":""high""}",verified,,CA,CA,91790,91790.0,WEST COVINA,West Covina,Los Angeles County,Los Angeles County,not_flagged,verified_address,in_la_county,include_default_map,verified address in Los Angeles County
lacdmh-sa3-7621-307,"1359 N. GRAND AVE., COVINA, CA 91724-1016",-117.874014,34.104023,"1359 North Grand Avenue, Covina, California 91724, United States",success,high,,"{""address_number"":""matched"",""street"":""matched"",""postcode"":""unmatched"",""place"":""matched"",""region"":""matched"",""locality"":""not_applicable"",""country"":""inferred"",""confidence"":""high""}",verified,,CA,CA,91724,91724.0,COVINA,Covina,Los Angeles County,Los Angeles County,not_flagged,verified_address,in_la_county,include_default_map,verified address in Los Angeles County
lacdmh-sa3-7453-308,"160 E. HOLT AVE STE. B, POMONA, CA 91767-5407",-117.749026,34.062079,"160 East Holt Avenue, STE B, Pomona, California 91767, United States",success,high,,"{""secondary_address"":""matched"",""address_number"":""matched"",""street"":""matched"",""postcode"":""unmatched"",""place"":""matched"",""region"":""matched"",""locality"":""not_applicable"",""country"":""inferred"",""confidence"":""high""}",verified,,CA,CA,91767,91767.0,POMONA,Pomona,Los Angeles County,Los Angeles County,not_flagged,verified_address,in_la_county,include_default_map,verified address in Los Angeles County
lacdmh-sa3-8505-309,"1509 WILSON TERRACE, GLENDALE, CA 91206-4007",-118.230444,34.150041,"1509 Wilson Terrace, Glendale, California 91206, United States",success,high,,"{""address_number"":""matched"",""street"":""matched"",""postcode"":""unmatched"",""place"":""matched"",""region"":""matched"",""locality"":""not_applicable"",""country"":""inferred"",""confidence"":""high""}",verified,,CA,CA,91206,91206.0,GLENDALE,Glendale,Los Angeles County,Los Angeles County,not_flagged,verified_address,in_la_county,include_default_map,verified address in Los Angeles County
lacdmh-sa3-19BN-310,"1236 SOLITA RD., PASADENA, CA 91103-2452",-118.165262,34.168277,"1236 Solita Road, Pasadena, California 91103, United States",success,high,,"{""address_number"":""matched"",""street"":""matched"",""postcode"":""unmatched"",""place"":""matched"",""region"":""matched"",""locality"":""not_applicable"",""country"":""inferred"",""confidence"":""high""}",verified,,CA,CA,91103,91103.0,PASADENA,Pasadena,Los Angeles County,Los Angeles County,not_flagged,verified_address,in_la_county,include_default_map,verified address in Los Angeles County
lacdmh-sa3-7640-311,"2934 E. GARVEY AVE. S. STE. 100A, WEST COVINA, CA 91791-2190",-117.883449,34.071227,"2934 East Garvey Avenue South, STE 100a, West Covina, California 91791, United States",success,high,,"{""secondary_address"":""plausible"",""address_number"":""matched"",""street"":""matched"",""postcode"":""unmatched"",""place"":""matched"",""region"":""matched"",""locality"":""not_applicable"",""country"":""inferred"",""confidence"":""high""}",verified,,CA,CA,91791,91791.0,WEST COVINA,West Covina,Los Angeles County,Los Angeles County,not_flagged,verified_address,in_la_county,include_default_map,verified address in Los Angeles County
lacdmh-sa3-19B5-312,"535 DORA GUZMAN, LA PUENTE, CA 91744-5601",-117.928719,34.01304,"535 Dora Guzman Avenue, La Puente, California 91744, United States",success,medium,,"{""address_number"":""matched"",""street"":""unmatched"",""postcode"":""unmatched"",""place"":""matched"",""region"":""matched"",""locality"":""not_applicable"",""country"":""inferred"",""confidence"":""medium""}",needs_review,medium_confidence;street_not_matched,CA,CA,91744,91744.0,LA PUENTE,La Puente,Los Angeles County,Los Angeles County,not_flagged,needs_review_address,in_la_county,manual_review,address match quality needs review
lacdmh-sa3-19B8-313,"15540 FAIRGROVE AVE, LA PUENTE, CA 91744-1620",-117.946779,34.041304,"15540 Fairgrove Avenue, La Puente, California 91744, United States",success,high,,"{""address_number"":""matched"",""street"":""matched"",""postcode"":""unmatched"",""place"":""matched"",""region"":""matched"",""locality"":""not_applicable"",""country"":""inferred"",""confidence"":""high""}",verified,,CA,CA,91744,91744.0,LA PUENTE,La Puente,Los Angeles County,Los Angeles County,not_flagged,verified_address,in_la_county,include_default_map,verified address in Los Angeles County
lacdmh-sa3-19BA-314,"4245 MERCED AVE, BALDWIN PARK, CA 91706-2960",-117.97467,34.0894,"4245 Merced Avenue, Baldwin Park, California 91706, United States",success,high,,"{""address_number"":""matched"",""street"":""matched"",""postcode"":""unmatched"",""place"":""matched"",""region"":""matched"",""locality"":""not_applicable"",""country"":""inferred"",""confidence"":""high""}",verified,,CA,CA,91706,91706.0,BALDWIN PARK,Baldwin Park,Los Angeles County,Los Angeles County,not_flagged,verified_address,in_la_county,include_default_map,verified address in Los Angeles County
lacdmh-sa3-19BC-315,"2800 E. HOLLINGWORTH ST., WEST COVINA, CA 91792-3029",-117.88438,34.006969,"2800 East Hollingworth Street, West Covina, California 91792, United States",success,high,,"{""address_number"":""matched"",""street"":""matched"",""postcode"":""unmatched"",""place"":""matched"",""region"":""matched"",""locality"":""not_applicable"",""country"":""inferred"",""confidence"":""high""}",verified,,CA,CA,91792,91792.0,WEST COVINA,West Covina,Los Angeles County,Los Angeles County,not_flagged,verified_address,in_la_county,include_default_map,verified address in Los Angeles County
lacdmh-sa3-7331-316,"530 W. BADILLO ST., COVINA, CA 91722-3787",-117.89997,34.08602,"530 West Badillo Street, Covina, California 91722, United States",success,high,,"{""address_number"":""matched"",""street"":""matched"",""postcode"":""unmatched"",""place"":""matched"",""region"":""matched"",""locality"":""not_applicable"",""country"":""inferred"",""confidence"":""high""}",verified,,CA,CA,91722,91722.0,COVINA,Covina,Los Angeles County,Los Angeles County,not_flagged,verified_address,in_la_county,include_default_map,verified address in Los Angeles County
lacdmh-sa3-7755-317,"1801 HUNTINGTON DR., DUARTE, CA 91010-2686",-117.96562,34.140015,"1801 Huntington Drive, Duarte, California 91010, United States",success,high,,"{""address_number"":""matched"",""street"":""matched"",""postcode"":""unmatched"",""place"":""matched"",""region"":""matched"",""locality"":""not_applicable"",""country"":""inferred"",""confidence"":""high""}",verified,,CA,CA,91010,91010.0,DUARTE,Duarte,Los Angeles County,Los Angeles County,not_flagged,verified_address,in_la_county,include_default_map,verified address in Los Angeles County
lacdmh-sa3-7330-318,"897 GRANITE DR., PASADENA, CA 91101-3501",-118.131783,34.137288,"897 Granite Drive, Pasadena, California 91101, United States",success,high,,"{""address_number"":""matched"",""street"":""matched"",""postcode"":""unmatched"",""place"":""matched"",""region"":""matched"",""locality"":""not_applicable"",""country"":""inferred"",""confidence"":""high""}",verified,,CA,CA,91101,91101.0,PASADENA,Pasadena,Los Angeles County,Los Angeles County,not_flagged,verified_address,in_la_county,include_default_map,verified address in Los Angeles County
lacdmh-sa3-7463-319,"11429 VALLEY BLVD, EL MONTE, CA 91731-3229",-118.028716,34.069784,"11429 Valley Boulevard, El Monte, California 91731, United States",success,high,,"{""address_number"":""matched"",""street"":""matched"",""postcode"":""unmatched"",""place"":""matched"",""region"":""matched"",""locality"":""not_applicable"",""country"":""inferred"",""confidence"":""high""}",verified,,CA,CA,91731,91731.0,EL MONTE,El Monte,Los Angeles County,Los Angeles County,not_flagged,verified_address,in_la_county,include_default_map,verified address in Los Angeles County
lacdmh-sa3-8447-320,"9730 WILSHIRE BLVD STE 216A, BEVERLY HILLS, CA 90212-2004",-118.407437,34.066747,"9730 Wilshire Boulevard, STE 216A, Beverly Hills, California 90212, United States",success,high,,"{""secondary_address"":""matched"",""address_number"":""matched"",""street"":""matched"",""postcode"":""unmatched"",""place"":""matched"",""region"":""matched"",""locality"":""not_applicable"",""country"":""inferred"",""confidence"":""high""}",verified,,CA,CA,90212,90212.0,BEVERLY HILLS,Beverly Hills,Los Angeles County,Los Angeles County,not_flagged,verified_address,in_la_county,include_default_map,verified address in Los Angeles County
lacdmh-sa3-19KV-321,"795 GRANDVIEW LN, LA PUENTE, CA 91744-4259",-117.924453,34.032116,"795 Grand View Lane, La Puente, California 91744, United States",success,medium,,"{""address_number"":""matched"",""street"":""unmatched"",""postcode"":""unmatched"",""place"":""matched"",""region"":""matched"",""locality"":""not_applicable"",""country"":""inferred"",""confidence"":""medium""}",needs_review,medium_confidence;street_not_matched,CA,CA,91744,91744.0,LA PUENTE,La Puente,Los Angeles County,Los Angeles County,not_flagged,needs_review_address,in_la_county,manual_review,address match quality needs review
lacdmh-sa3-8507-322,"4704 LAVILLA MARINA UNIT A, MARINA DEL REY, CA 90292-7011",-118.437992,33.981888,"4704 La Villa Marina, UNIT A, Marina del Rey, California 90292, United States",success,low,,"{""secondary_address"":""plausible"",""address_number"":""plausible"",""street"":""unmatched"",""postcode"":""unmatched"",""place"":""matched"",""region"":""matched"",""locality"":""not_applicable"",""country"":""inferred"",""confidence"":""low""}",needs_review,low_confidence;address_number_not_matched;street_not_matched,CA,CA,90292,90292.0,MARINA DEL REY,Marina del Rey,Los Angeles County,Los Angeles County,not_flagged,needs_review_address,in_la_county,manual_review,address match quality needs review
lacdmh-sa3-8097-323,"2331 EL CAPITAN AVE, ARCADIA, CA 91006-9998",-118.028645,34.11182,"2331 El Capitan Avenue, Arcadia, California 91006, United States",success,high,,"{""address_number"":""matched"",""street"":""matched"",""postcode"":""unmatched"",""place"":""matched"",""region"":""matched"",""locality"":""not_applicable"",""country"":""inferred"",""confidence"":""high""}",verified,,CA,CA,91006,91006.0,ARCADIA,Arcadia,Los Angeles County,Los Angeles County,not_flagged,verified_address,in_la_county,include_default_map,verified address in Los Angeles County
lacdmh-sa3-7430-324,"253 N SAN GABRIEL BLVD STE 100, PASADENA, CA 91107-3429",-118.09474,34.151067,"253 North San Gabriel Boulevard, STE 100, Pasadena, California 91107, United States",success,high,,"{""secondary_address"":""plausible"",""address_number"":""matched"",""street"":""matched"",""postcode"":""unmatched"",""place"":""matched"",""region"":""matched"",""locality"":""not_applicable"",""country"":""inferred"",""confidence"":""high""}",verified,,CA,CA,91107,91107.0,PASADENA,Pasadena,Los Angeles County,Los Angeles County,not_flagged,verified_address,in_la_county,include_default_map,verified address in Los Angeles County
lacdmh-sa3-19EK-325,"957 S. VILLAGE OAKS DR., COVINA, CA 91724-3696",-117.863329,34.072173,"957 South Village Oaks Drive, Covina, California 91724, United States",success,high,,"{""address_number"":""matched"",""street"":""matched"",""postcode"":""unmatched"",""place"":""matched"",""region"":""matched"",""locality"":""not_applicable"",""country"":""inferred"",""confidence"":""high""}",verified,,CA,CA,91724,91724.0,COVINA,Covina,Los Angeles County,Los Angeles County,not_flagged,verified_address,in_la_county,include_default_map,verified address in Los Angeles County
lacdmh-sa3-7231-326,"149 PASADENA AVE. STE. A, SOUTH PASADENA, CA 91030-3351",-118.172932,34.111905,"149 Pasadena Avenue, STE A, South Pasadena, California 91030, United States",success,high,,"{""secondary_address"":""plausible"",""address_number"":""matched"",""street"":""matched"",""postcode"":""unmatched"",""place"":""matched"",""region"":""matched"",""locality"":""not_applicable"",""country"":""inferred"",""confidence"":""high""}",verified,,CA,CA,91030,91030.0,SOUTH PASADENA,South Pasadena,Los Angeles County,Los Angeles County,not_flagged,verified_address,in_la_county,include_default_map,verified address in Los Angeles County
lacdmh-sa3-7883-327,"13001 RAMONA BLVD. SUITE A, IRWINDALE, CA 91706-3752",-117.990408,34.079513,"13001 Ramona Boulevard, STE A, Irwindale, California 91706, United States",success,high,,"{""secondary_address"":""matched"",""address_number"":""matched"",""street"":""matched"",""postcode"":""unmatched"",""place"":""matched"",""region"":""matched"",""locality"":""not_applicable"",""country"":""inferred"",""confidence"":""high""}",verified,,CA,CA,91706,91706.0,IRWINDALE,Irwindale,Los Angeles County,Los Angeles County,not_flagged,verified_address,in_la_county,include_default_map,verified address in Los Angeles County
lacdmh-sa3-7925-328,"1902 ROYALTY DR. STE. 240, POMONA, CA 91767-3061",-117.745351,34.077687,"1902 Royalty Drive, STE 240, Pomona, California 91767, United States",success,high,,"{""secondary_address"":""matched"",""address_number"":""matched"",""street"":""matched"",""postcode"":""unmatched"",""place"":""matched"",""region"":""matched"",""locality"":""not_applicable"",""country"":""inferred"",""confidence"":""high""}",verified,,CA,CA,91767,91767.0,POMONA,Pomona,Los Angeles County,Los Angeles County,not_flagged,verified_address,in_la_county,include_default_map,verified address in Los Angeles County
lacdmh-sa3-7332-329,"940 AVENUE 64, PASADENA, CA 91105-2711",-118.176008,34.124608,"940 Avenue 64, Pasadena, California 91105, United States",success,high,,"{""address_number"":""matched"",""street"":""matched"",""postcode"":""unmatched"",""place"":""matched"",""region"":""matched"",""locality"":""not_applicable"",""country"":""inferred"",""confidence"":""high""}",verified,,CA,CA,91105,91105.0,PASADENA,Pasadena,Los Angeles County,Los Angeles County,not_flagged,verified_address,in_la_county,include_default_map,verified address in Los Angeles County
lacdmh-sa3-19JK-330,"456 E. ORANGE GROVE BLVD. STE. 140, PASADENA, CA 91104-5235",-118.14084,34.15756,"456 East Orange Grove Boulevard, #140, Pasadena, California 91104, United States",success,high,,"{""secondary_address"":""matched"",""address_number"":""matched"",""street"":""matched"",""postcode"":""unmatched"",""place"":""matched"",""region"":""matched"",""locality"":""not_applicable"",""country"":""inferred"",""confidence"":""high""}",verified,,CA,CA,91104,91104.0,PASADENA,Pasadena,Los Angeles County,Los Angeles County,not_flagged,verified_address,in_la_county,include_default_map,verified address in Los Angeles County
lacdmh-sa3-7506-331,"506 E. FAIRVIEW AVE. UNIT A, SAN GABRIEL, CA 91766-9998",-118.09427,34.089393,"506 Fairview Avenue, APT A, San Gabriel, California 91776, United States",success,high,,"{""secondary_address"":""matched"",""address_number"":""matched"",""street"":""matched"",""postcode"":""unmatched"",""place"":""matched"",""region"":""matched"",""locality"":""not_applicable"",""country"":""inferred"",""confidence"":""high""}",needs_review,zip_mismatch,CA,CA,91766,91776.0,SAN GABRIEL,San Gabriel,Los Angeles County,Los Angeles County,not_flagged,verified_city_or_zip_mismatch,in_la_county,include_with_warning,address-level match with city or ZIP mismatch warning
lacdmh-sa3-7504-332,"26 S. ALMANSOR STREET, ALHAMBRA, CA 91801-3921",-118.12008,34.09716,"26 Almansor Street, Alhambra, California 91801, United States",success,high,,"{""address_number"":""matched"",""street"":""matched"",""postcode"":""unmatched"",""place"":""matched"",""region"":""matched"",""locality"":""not_applicable"",""country"":""inferred"",""confidence"":""high""}",verified,,CA,CA,91801,91801.0,ALHAMBRA,Alhambra,Los Angeles County,Los Angeles County,not_flagged,verified_address,in_la_county,include_default_map,verified address in Los Angeles County
lacdmh-sa3-7245W-333,"54 N WILSON AVE, PASADENA, CA 91106-2306",-118.127668,34.146951,"54 North Wilson Avenue, Pasadena, California 91106, United States",success,high,,"{""address_number"":""matched"",""street"":""matched"",""postcode"":""unmatched"",""place"":""matched"",""region"":""matched"",""locality"":""not_applicable"",""country"":""inferred"",""confidence"":""high""}",verified,,CA,CA,91106,91106.0,PASADENA,Pasadena,Los Angeles County,Los Angeles County,not_flagged,verified_address,in_la_county,include_default_map,verified address in Los Angeles County
lacdmh-sa3-7245Z-334,"489 N MADISON AVE, PASADENA, CA 91101-1123",-118.138785,34.154397,"489 North Madison Avenue, Pasadena, California 91101, United States",success,high,,"{""address_number"":""matched"",""street"":""matched"",""postcode"":""unmatched"",""place"":""matched"",""region"":""matched"",""locality"":""not_applicable"",""country"":""inferred"",""confidence"":""high""}",verified,,CA,CA,91101,91101.0,PASADENA,Pasadena,Los Angeles County,Los Angeles County,not_flagged,verified_address,in_la_county,include_default_map,verified address in Los Angeles County
lacdmh-sa3-8082-335,"960 E GREEN ST, PASADENA, CA 91106-2401",-118.129875,34.144413,"960 East Green Street, Pasadena, California 91106, United States",success,high,,"{""address_number"":""matched"",""street"":""matched"",""postcode"":""unmatched"",""place"":""matched"",""region"":""matched"",""locality"":""not_applicable"",""country"":""inferred"",""confidence"":""high""}",verified,,CA,CA,91106,91106.0,PASADENA,Pasadena,Los Angeles County,Los Angeles County,not_flagged,verified_address,in_la_county,include_default_map,verified address in Los Angeles County
lacdmh-sa3-19D6-336,"101 S. 2ND ST., ALHAMBRA, CA 91801-3716",-118.128414,34.09261,"101 South 2nd Street, Alhambra, California 91801, United States",success,high,,"{""address_number"":""matched"",""street"":""matched"",""postcode"":""unmatched"",""place"":""matched"",""region"":""matched"",""locality"":""not_applicable"",""country"":""inferred"",""confidence"":""high""}",verified,,CA,CA,91801,91801.0,ALHAMBRA,Alhambra,Los Angeles County,Los Angeles County,not_flagged,verified_address,in_la_county,include_default_map,verified address in Los Angeles County
lacdmh-sa3-19CQ-337,"1065 E. WASHINGTON BLVD., PASADENA, CA 91104-2441",-118.128557,34.169772,"1065 East Washington Boulevard, Pasadena, California 91104, United States",success,high,,"{""address_number"":""matched"",""street"":""matched"",""postcode"":""unmatched"",""place"":""matched"",""region"":""matched"",""locality"":""not_applicable"",""country"":""inferred"",""confidence"":""high""}",verified,,CA,CA,91104,91104.0,PASADENA,Pasadena,Los Angeles County,Los Angeles County,not_flagged,verified_address,in_la_county,include_default_map,verified address in Los Angeles County
lacdmh-sa3-19ER-338,"515 E. ASHTABULA ST., PASADENA, CA 91104-4306",-118.140626,34.159276,"515 East Ashtabula Street, Pasadena, California 91104, United States",success,high,,"{""address_number"":""matched"",""street"":""matched"",""postcode"":""unmatched"",""place"":""matched"",""region"":""matched"",""locality"":""not_applicable"",""country"":""inferred"",""confidence"":""high""}",verified,,CA,CA,91104,91104.0,PASADENA,Pasadena,Los Angeles County,Los Angeles County,not_flagged,verified_address,in_la_county,include_default_map,verified address in Los Angeles County
lacdmh-sa3-19HG-339,"15100 GIORDANO ST., LA PUENTE, CA 91744-2718",-117.957527,34.036747,"15100 East Giordano Street, La Puente, California 91744, United States",success,medium,,"{""address_number"":""matched"",""street"":""unmatched"",""postcode"":""unmatched"",""place"":""matched"",""region"":""matched"",""locality"":""not_applicable"",""country"":""inferred"",""confidence"":""medium""}",needs_review,medium_confidence;street_not_matched,CA,CA,91744,91744.0,LA PUENTE,La Puente,Los Angeles County,Los Angeles County,not_flagged,needs_review_address,in_la_county,manual_review,address match quality needs review
lacdmh-sa3-19EG-340,"801 S. RAMONA ST., SAN GABRIEL, CA 91776-2342",-118.109796,34.092006,"801 Ramona Street, San Gabriel, California 91776, United States",success,high,,"{""address_number"":""matched"",""street"":""matched"",""postcode"":""unmatched"",""place"":""matched"",""region"":""matched"",""locality"":""not_applicable"",""country"":""inferred"",""confidence"":""high""}",verified,,CA,CA,91776,91776.0,SAN GABRIEL,San Gabriel,Los Angeles County,Los Angeles County,not_flagged,verified_address,in_la_county,include_default_map,verified address in Los Angeles County
lacdmh-sa3-19EF-341,"1730 W. CAMERON AVE. STE. 200, WEST COVINA, CA 91790-2722",-117.944727,34.069739,"1730 West Cameron Avenue, STE 200, West Covina, California 91790, United States",success,high,,"{""secondary_address"":""matched"",""address_number"":""matched"",""street"":""matched"",""postcode"":""unmatched"",""place"":""matched"",""region"":""matched"",""locality"":""not_applicable"",""country"":""inferred"",""confidence"":""high""}",verified,,CA,CA,91790,91790.0,WEST COVINA,West Covina,Los Angeles County,Los Angeles County,not_flagged,verified_address,in_la_county,include_default_map,verified address in Los Angeles County
lacdmh-sa3-8324-342,"4619 ROSEMEAD BLVD, ROSEMEAD, CA 91770-1478",-118.073826,34.088586,"4619 Rosemead Boulevard, Rosemead, California 91770, United States",success,high,,"{""address_number"":""matched"",""street"":""matched"",""postcode"":""unmatched"",""place"":""matched"",""region"":""matched"",""locality"":""not_applicable"",""country"":""inferred"",""confidence"":""high""}",verified,,CA,CA,91770,91770.0,ROSEMEAD,Rosemead,Los Angeles County,Los Angeles County,not_flagged,verified_address,in_la_county,include_default_map,verified address in Los Angeles County
lacdmh-sa3-0080Q-343,"2335 MOUNTAIN AVENUE, DUARTE, CA 91010-3559",-117.990518,34.122748,"2335 Mountain Avenue, Duarte, California 91010, United States",success,high,,"{""address_number"":""matched"",""street"":""matched"",""postcode"":""unmatched"",""place"":""matched"",""region"":""matched"",""locality"":""not_applicable"",""country"":""inferred"",""confidence"":""high""}",verified,,CA,CA,91010,91010.0,DUARTE,Duarte,Los Angeles County,Los Angeles County,not_flagged,verified_address,in_la_county,include_default_map,verified address in Los Angeles County
lacdmh-sa3-8467-344,"150 UCLA MEDICAL PLAZA 4TH FL, LOS ANGELES, CA 90024-8313",-118.445699,34.065309,"150 Ucla Medical Plz, Los Angeles, California 90024, United States",success,high,,"{""address_number"":""matched"",""street"":""matched"",""postcode"":""unmatched"",""place"":""matched"",""region"":""matched"",""locality"":""not_applicable"",""country"":""inferred"",""confidence"":""high""}",verified,,CA,CA,90024,90024.0,LOS ANGELES,Los Angeles,Los Angeles County,Los Angeles County,not_flagged,verified_address,in_la_county,include_default_map,verified address in Los Angeles County
lacdmh-sa3-8455-345,"30101 AGOURA HILLS, AGOURA HILLS, CA 91301-4301",-118.738827,34.141365,"30101 Agoura Road, Agoura Hills, California 91301, United States",success,medium,,"{""address_number"":""matched"",""street"":""unmatched"",""postcode"":""unmatched"",""place"":""matched"",""region"":""matched"",""locality"":""not_applicable"",""country"":""inferred"",""confidence"":""medium""}",needs_review,medium_confidence;street_not_matched,CA,CA,91301,91301.0,AGOURA HILLS,Agoura Hills,Los Angeles County,Los Angeles County,not_flagged,needs_review_address,in_la_county,manual_review,address match quality needs review
lacdmh-sa3-0055R-346,"2030 N. GAREY AVE., POMONA, CA 91767-2722",-117.752114,34.083474,"2030 North Garey Avenue, Pomona, California 91767, United States",success,high,,"{""address_number"":""matched"",""street"":""matched"",""postcode"":""unmatched"",""place"":""matched"",""region"":""matched"",""locality"":""not_applicable"",""country"":""inferred"",""confidence"":""high""}",verified,,CA,CA,91767,91767.0,POMONA,Pomona,Los Angeles County,Los Angeles County,not_flagged,verified_address,in_la_county,include_default_map,verified address in Los Angeles County
lacdmh-sa3-0058R-347,"1425 W. LAUREL AVE., POMONA, CA 91768-2837",-117.773556,34.06472,"1425 West Laurel Avenue, Pomona, California 91768, United States",success,high,,"{""address_number"":""matched"",""street"":""matched"",""postcode"":""unmatched"",""place"":""matched"",""region"":""matched"",""locality"":""not_applicable"",""country"":""inferred"",""confidence"":""high""}",verified,,CA,CA,91768,91768.0,POMONA,Pomona,Los Angeles County,Los Angeles County,not_flagged,verified_address,in_la_county,include_default_map,verified address in Los Angeles County
lacdmh-sa3-7565-348,"1350 3RD ST., LA VERNE, CA 91750-5201",-117.784996,34.103328,"1350 3rd Street, La Verne, California 91750, United States",success,high,,"{""address_number"":""matched"",""street"":""matched"",""postcode"":""unmatched"",""place"":""matched"",""region"":""matched"",""locality"":""not_applicable"",""country"":""inferred"",""confidence"":""high""}",verified,,CA,CA,91750,91750.0,LA VERNE,La Verne,Los Angeles County,Los Angeles County,not_flagged,verified_address,in_la_county,include_default_map,verified address in Los Angeles County
lacdmh-sa3-7862-349,"1025 SENTINEL DRIVE SUITE 200 AND 206, LA VERNE, CA 91750-3280",-117.785181,34.119096,"1025 Sentinel Drive, STE 200, La Verne, California 91750, United States",success,low,,"{""secondary_address"":""matched"",""address_number"":""matched"",""street"":""matched"",""postcode"":""unmatched"",""place"":""matched"",""region"":""matched"",""locality"":""not_applicable"",""country"":""unmatched"",""confidence"":""low""}",needs_review,low_confidence,CA,CA,91750,91750.0,LA VERNE,La Verne,Los Angeles County,Los Angeles County,not_flagged,needs_review_address,in_la_county,manual_review,address match quality needs review
lacdmh-sa3-19AJ-350,"700 S. LONE HILL AVE., SAN DIMAS, CA 91773-3536",-117.828481,34.09768,"700 South Lone Hill Avenue, San Dimas, California 91773, United States",success,high,,"{""address_number"":""matched"",""street"":""matched"",""postcode"":""unmatched"",""place"":""matched"",""region"":""matched"",""locality"":""not_applicable"",""country"":""inferred"",""confidence"":""high""}",verified,,CA,CA,91773,91773.0,SAN DIMAS,San Dimas,Los Angeles County,Los Angeles County,not_flagged,verified_address,in_la_county,include_default_map,verified address in Los Angeles County
lacdmh-sa3-7217-351,"1441 SANTA ANITA AVE, SOUTH EL MONTE, CA 91733-3311",,,,failed,,,,failed,no_usable_coordinates,CA,,91733,,SOUTH EL MONTE,,Los Angeles County,,not_flagged,failed,in_la_county,exclude_default_map,failed geocode or missing usable coordinates
lacdmh-sa3-7815-352,"2502 E HUNTINGTON DR, DUARTE, CA 91010-2221",-117.951231,34.139449,"2502 Huntington Drive, Duarte, California 91010, United States",success,high,,"{""address_number"":""matched"",""street"":""matched"",""postcode"":""unmatched"",""place"":""matched"",""region"":""matched"",""locality"":""not_applicable"",""country"":""inferred"",""confidence"":""high""}",verified,,CA,CA,91010,91010.0,DUARTE,Duarte,Los Angeles County,Los Angeles County,not_flagged,verified_address,in_la_county,include_default_map,verified address in Los Angeles County
lacdmh-sa3-19L2-353,"180 VIA VERDE STE 200, SAN DIMAS, CA 91773-3993",-117.814567,34.076928,"180 Via Verde, STE 200, San Dimas, California 91773, United States",success,high,,"{""secondary_address"":""matched"",""address_number"":""matched"",""street"":""matched"",""postcode"":""unmatched"",""place"":""matched"",""region"":""matched"",""locality"":""not_applicable"",""country"":""inferred"",""confidence"":""high""}",verified,,CA,CA,91773,91773.0,SAN DIMAS,San Dimas,Los Angeles County,Los Angeles County,not_flagged,verified_address,in_la_county,include_default_map,verified address in Los Angeles County
lacdmh-sa3-19B9-354,"762 CYPRESS ST., SAN DIMAS, CA 91773-3505",-117.82009,34.09569,"762 Cypress Street, San Dimas, California 91773, United States",success,high,,"{""address_number"":""matched"",""street"":""matched"",""postcode"":""unmatched"",""place"":""matched"",""region"":""matched"",""locality"":""not_applicable"",""country"":""inferred"",""confidence"":""high""}",verified,,CA,CA,91773,91773.0,SAN DIMAS,San Dimas,Los Angeles County,Los Angeles County,not_flagged,verified_address,in_la_county,include_default_map,verified address in Los Angeles County
lacdmh-sa3-8066-355,"4619 N. ROSEMEAD BLVD., ROSEMEAD, CA 91770-1478",-118.06438,34.04766,"Rosemead Boulevard, Rosemead, California 91770, United States",success,,,,needs_review,missing_confidence;non_address_result:street,CA,CA,91770,91770.0,ROSEMEAD,Rosemead,Los Angeles County,Los Angeles County,not_flagged,needs_review_address,in_la_county,manual_review,address match quality needs review
lacdmh-sa3-7072-356,"1499 HUNTINGTON DR STE 101, SOUTH PASADENA, CA 91030-9998",-118.150465,34.103684,"1499 Huntington Drive, STE 101, South Pasadena, California 91030, United States",success,high,,"{""secondary_address"":""matched"",""address_number"":""matched"",""street"":""matched"",""postcode"":""unmatched"",""place"":""matched"",""region"":""matched"",""locality"":""not_applicable"",""country"":""inferred"",""confidence"":""high""}",verified,,CA,CA,91030,91030.0,SOUTH PASADENA,South Pasadena,Los Angeles County,Los Angeles County,not_flagged,verified_address,in_la_county,include_default_map,verified address in Los Angeles County
lacdmh-sa3-19FY-357,"2934 E. GARVEY AVE. S. STE. 230, WEST COVINA, CA 91791-6101",-117.883671,34.071299,"2934 East Garvey Avenue South, STE 230, West Covina, California 91791, United States",success,high,,"{""secondary_address"":""matched"",""address_number"":""matched"",""street"":""matched"",""postcode"":""unmatched"",""place"":""matched"",""region"":""matched"",""locality"":""not_applicable"",""country"":""inferred"",""confidence"":""high""}",verified,,CA,CA,91791,91791.0,WEST COVINA,West Covina,Los Angeles County,Los Angeles County,not_flagged,verified_address,in_la_county,include_default_map,verified address in Los Angeles County
lacdmh-sa3-8030-358,"933 S. SUNSET AVE., WEST COVINA, CA 91790-3410",-117.943265,34.064546,"933 South Sunset Avenue, West Covina, California 91790, United States",success,high,,"{""address_number"":""matched"",""street"":""matched"",""postcode"":""unmatched"",""place"":""matched"",""region"":""matched"",""locality"":""not_applicable"",""country"":""inferred"",""confidence"":""high""}",verified,,CA,CA,91790,91790.0,WEST COVINA,West Covina,Los Angeles County,Los Angeles County,not_flagged,verified_address,in_la_county,include_default_map,verified address in Los Angeles County
lacdmh-sa3-7993-359,"320 WEST NEWMARK AVE, MONTEREY PARK, CA 91754-2818",-118.126162,34.059213,"320 Newmark Avenue, Monterey Park, California 91754, United States",success,high,,"{""address_number"":""matched"",""street"":""matched"",""postcode"":""unmatched"",""place"":""matched"",""region"":""matched"",""locality"":""not_applicable"",""country"":""inferred"",""confidence"":""high""}",verified,,CA,CA,91754,91754.0,MONTEREY PARK,Monterey Park,Los Angeles County,Los Angeles County,not_flagged,verified_address,in_la_county,include_default_map,verified address in Los Angeles County
lacdmh-sa3-8408-360,"500 W. BADILLO ST., COVINA, CA 91722-3762",-117.899185,34.085851,"500 West Badillo Street, Covina, California 91722, United States",success,high,,"{""address_number"":""matched"",""street"":""matched"",""postcode"":""unmatched"",""place"":""matched"",""region"":""matched"",""locality"":""not_applicable"",""country"":""inferred"",""confidence"":""high""}",verified,,CA,CA,91722,91722.0,COVINA,Covina,Los Angeles County,Los Angeles County,not_flagged,verified_address,in_la_county,include_default_map,verified address in Los Angeles County
lacdmh-sa3-19CR-361,"20723 WALNUT VALLEY DR., WALNUT, CA 91789-1024",-117.85267,34.05141,"20723 Walnut Valley Drive, Walnut, California 91789, United States",success,high,,"{""address_number"":""matched"",""street"":""matched"",""postcode"":""unmatched"",""place"":""matched"",""region"":""matched"",""locality"":""not_applicable"",""country"":""inferred"",""confidence"":""high""}",verified,,CA,CA,91789,91789.0,WALNUT,Walnut,Los Angeles County,Los Angeles County,not_flagged,verified_address,in_la_county,include_default_map,verified address in Los Angeles County
lacdmh-sa3-19ID-362,"1085 W. BADILLO ST., COVINA, CA 91722-4112",-117.91212,34.08683,"1085 West Badillo Street, Covina, California 91722, United States",success,high,,"{""address_number"":""matched"",""street"":""matched"",""postcode"":""unmatched"",""place"":""matched"",""region"":""matched"",""locality"":""not_applicable"",""country"":""inferred"",""confidence"":""high""}",verified,,CA,CA,91722,91722.0,COVINA,Covina,Los Angeles County,Los Angeles County,not_flagged,verified_address,in_la_county,include_default_map,verified address in Los Angeles County
lacdmh-sa3-8472-363,"701 SANTA MONICA BLVD STE 230, SANTA MONICA, CA 90401-2625",-118.492252,34.019114,"701 Santa Monica Boulevard, STE 230, Santa Monica, California 90401, United States",success,high,,"{""secondary_address"":""matched"",""address_number"":""matched"",""street"":""matched"",""postcode"":""unmatched"",""place"":""matched"",""region"":""matched"",""locality"":""not_applicable"",""country"":""inferred"",""confidence"":""high""}",verified,,CA,CA,90401,90401.0,SANTA MONICA,Santa Monica,Los Angeles County,Los Angeles County,not_flagged,verified_address,in_la_county,include_default_map,verified address in Los Angeles County
lacdmh-sa3-0061R-364,"2335 S. TOWNE AVE., POMONA, CA 91766-6227",-117.741779,34.028674,"2335 South Towne Avenue, Pomona, California 91766, United States",success,high,,"{""address_number"":""matched"",""street"":""matched"",""postcode"":""unmatched"",""place"":""matched"",""region"":""matched"",""locality"":""not_applicable"",""country"":""inferred"",""confidence"":""high""}",verified,,CA,CA,91766,91766.0,POMONA,Pomona,Los Angeles County,Los Angeles County,not_flagged,verified_address,in_la_county,include_default_map,verified address in Los Angeles County
lacdmh-sa3-19IS-365,"1020 S. ARROYO PKWY., PASADENA, CA 91105-3911",-118.14676,34.128365,"1020 South Arroyo Parkway, Pasadena, California 91105, United States",success,high,,"{""address_number"":""matched"",""street"":""matched"",""postcode"":""unmatched"",""place"":""matched"",""region"":""matched"",""locality"":""not_applicable"",""country"":""inferred"",""confidence"":""high""}",verified,,CA,CA,91105,91105.0,PASADENA,Pasadena,Los Angeles County,Los Angeles County,not_flagged,verified_address,in_la_county,include_default_map,verified address in Los Angeles County
lacdmh-sa3-19J6-366,"9353 VALLEY BLVD., ROSEMEAD, CA 91770-1923",-118.065158,34.081552,"9353 Valley Boulevard, Rosemead, California 91770, United States",success,high,,"{""address_number"":""matched"",""street"":""matched"",""postcode"":""unmatched"",""place"":""matched"",""region"":""matched"",""locality"":""not_applicable"",""country"":""inferred"",""confidence"":""high""}",verified,,CA,CA,91770,91770.0,ROSEMEAD,Rosemead,Los Angeles County,Los Angeles County,not_flagged,verified_address,in_la_county,include_default_map,verified address in Los Angeles County
lacdmh-sa3-19IX-367,"790 E. BONITA AVE., POMONA, CA 91767-1906",-117.737426,34.095448,"790 East Bonita Avenue, Pomona, California 91767, United States",success,high,,"{""address_number"":""matched"",""street"":""matched"",""postcode"":""unmatched"",""place"":""matched"",""region"":""matched"",""locality"":""not_applicable"",""country"":""inferred"",""confidence"":""high""}",verified,,CA,CA,91767,91767.0,POMONA,Pomona,Los Angeles County,Los Angeles County,not_flagged,verified_address,in_la_county,include_default_map,verified address in Los Angeles County
lacdmh-sa3-19IW-368,"3569 LEXINGTON AVE., EL MONTE, CA 91731-2607",-118.039716,34.074456,"3569 Lexington Avenue, El Monte, California 91731, United States",success,high,,"{""address_number"":""matched"",""street"":""matched"",""postcode"":""unmatched"",""place"":""matched"",""region"":""matched"",""locality"":""not_applicable"",""country"":""inferred"",""confidence"":""high""}",verified,,CA,CA,91731,91731.0,EL MONTE,El Monte,Los Angeles County,Los Angeles County,not_flagged,verified_address,in_la_county,include_default_map,verified address in Los Angeles County
lacdmh-sa3-19IV-369,"1126 N. GRAND AVE., COVINA, CA 91724-1551",-117.87227,34.1001,"1126 North Grand Avenue, Covina, California 91724, United States",success,high,,"{""address_number"":""matched"",""street"":""matched"",""postcode"":""unmatched"",""place"":""matched"",""region"":""matched"",""locality"":""not_applicable"",""country"":""inferred"",""confidence"":""high""}",verified,,CA,CA,91724,91724.0,COVINA,Covina,Los Angeles County,Los Angeles County,not_flagged,verified_address,in_la_county,include_default_map,verified address in Los Angeles County
lacdmh-sa3-19J4-370,"2550 E. FOOTHILL BLVD., PASADENA, CA 91107-3406",-118.097776,34.14928,"2550 East Foothill Boulevard, Pasadena, California 91107, United States",success,high,,"{""address_number"":""matched"",""street"":""matched"",""postcode"":""unmatched"",""place"":""matched"",""region"":""matched"",""locality"":""not_applicable"",""country"":""inferred"",""confidence"":""high""}",verified,,CA,CA,91107,91107.0,PASADENA,Pasadena,Los Angeles County,Los Angeles County,not_flagged,verified_address,in_la_county,include_default_map,verified address in Los Angeles County
lacdmh-sa3-19IT-371,"13001 RAMONA BLVD. STE. H AND I, IRWINDALE, CA 91706-3752",-117.990408,34.079513,"13001 Ramona Boulevard, STE H, Irwindale, California 91706, United States",success,low,,"{""secondary_address"":""matched"",""address_number"":""matched"",""street"":""matched"",""postcode"":""unmatched"",""place"":""matched"",""region"":""matched"",""locality"":""not_applicable"",""country"":""unmatched"",""confidence"":""low""}",needs_review,low_confidence,CA,CA,91706,91706.0,IRWINDALE,Irwindale,Los Angeles County,Los Angeles County,not_flagged,needs_review_address,in_la_county,manual_review,address match quality needs review
lacdmh-sa3-19J7-372,"625 FAIR OAKS AVE STE 125 AND 300, SOUTH PASADENA, CA 91030-2630",-118.151141,34.118091,"625 Fair Oaks Avenue, STE 125, South Pasadena, California 91030, United States",success,low,,"{""secondary_address"":""matched"",""address_number"":""matched"",""street"":""matched"",""postcode"":""unmatched"",""place"":""matched"",""region"":""matched"",""locality"":""not_applicable"",""country"":""unmatched"",""confidence"":""low""}",needs_review,low_confidence,CA,CA,91030,91030.0,SOUTH PASADENA,South Pasadena,Los Angeles County,Los Angeles County,not_flagged,needs_review_address,in_la_county,manual_review,address match quality needs review
lacdmh-sa3-19IU-373,"902 S. MYRTLE AVE., MONROVIA, CA 91016-3427",-118.000464,34.142323,"902 South Myrtle Avenue, Monrovia, California 91016, United States",success,high,,"{""address_number"":""matched"",""street"":""matched"",""postcode"":""unmatched"",""place"":""matched"",""region"":""matched"",""locality"":""not_applicable"",""country"":""inferred"",""confidence"":""high""}",verified,,CA,CA,91016,91016.0,MONROVIA,Monrovia,Los Angeles County,Los Angeles County,not_flagged,verified_address,in_la_county,include_default_map,verified address in Los Angeles County
lacdmh-sa3-19J9-374,"1160 S. GRAND AVE., GLENDORA, CA 91740-5000",-117.872033,34.117381,"1160 South Grand Avenue, Glendora, California 91740, United States",success,high,,"{""address_number"":""matched"",""street"":""matched"",""postcode"":""unmatched"",""place"":""matched"",""region"":""matched"",""locality"":""not_applicable"",""country"":""inferred"",""confidence"":""high""}",verified,,CA,CA,91740,91740.0,GLENDORA,Glendora,Los Angeles County,Los Angeles County,not_flagged,verified_address,in_la_county,include_default_map,verified address in Los Angeles County
lacdmh-sa3-19J5-375,"100 N BARRANCA ST STE 130, WEST COVINA, CA 91791-1637",-117.881627,34.086407,"100 North Barranca Avenue, STE 130, Covina, California 91723, United States",success,medium,,"{""secondary_address"":""plausible"",""address_number"":""matched"",""street"":""unmatched"",""postcode"":""unmatched"",""place"":""matched"",""region"":""matched"",""locality"":""not_applicable"",""country"":""inferred"",""confidence"":""medium""}",needs_review,medium_confidence;zip_mismatch;city_mismatch;street_not_matched,CA,CA,91791,91723.0,WEST COVINA,Covina,Los Angeles County,Los Angeles County,not_flagged,needs_review_address,in_la_county,manual_review,address match quality needs review
lacdmh-sa3-8475-376,"3625 E. THOUSAND OAKS BLVD STE 232, THOUSAND OAKS, CA 91362-6932",-118.829554,34.165472,"3625 East Thousand Oaks Boulevard, STE 232, Thousand Oaks, California 91362, United States",success,high,,"{""secondary_address"":""matched"",""address_number"":""matched"",""street"":""matched"",""postcode"":""unmatched"",""place"":""matched"",""region"":""matched"",""locality"":""not_applicable"",""country"":""inferred"",""confidence"":""high""}",verified,,CA,CA,91362,91362.0,THOUSAND OAKS,Thousand Oaks,Los Angeles County,Ventura County,outside_la_county_review,verified_address,outside_la_county,exclude_default_map,correctly geocoded but outside Los Angeles County
lacdmh-sa3-7642-377,"44 S MENTOR AVE STE A, PASADENA, CA 91106-2902",-118.130414,34.14502,"44 South Mentor Avenue, STE A, Pasadena, California 91106, United States",success,high,,"{""secondary_address"":""plausible"",""address_number"":""matched"",""street"":""matched"",""postcode"":""unmatched"",""place"":""matched"",""region"":""matched"",""locality"":""not_applicable"",""country"":""inferred"",""confidence"":""high""}",verified,,CA,CA,91106,91106.0,PASADENA,Pasadena,Los Angeles County,Los Angeles County,not_flagged,verified_address,in_la_county,include_default_map,verified address in Los Angeles County
lacdmh-sa3-8180-378,"166 W. COLLEGE ST. STE. A, COVINA, CA 91723-2008",-117.891933,34.087125,"166 West College Street, STE A, Covina, California 91723, United States",success,high,,"{""secondary_address"":""matched"",""address_number"":""matched"",""street"":""matched"",""postcode"":""unmatched"",""place"":""matched"",""region"":""matched"",""locality"":""not_applicable"",""country"":""inferred"",""confidence"":""high""}",verified,,CA,CA,91723,91723.0,COVINA,Covina,Los Angeles County,Los Angeles County,not_flagged,verified_address,in_la_county,include_default_map,verified address in Los Angeles County
lacdmh-sa3-19LA-379,"3938 COGSWELL RD, EL MONTE, CA 91732-2404",-118.012364,34.074484,"3938 Cogswell Road, El Monte, California 91732, United States",success,high,,"{""address_number"":""matched"",""street"":""matched"",""postcode"":""unmatched"",""place"":""matched"",""region"":""matched"",""locality"":""not_applicable"",""country"":""inferred"",""confidence"":""high""}",verified,,CA,CA,91732,91732.0,EL MONTE,El Monte,Los Angeles County,Los Angeles County,not_flagged,verified_address,in_la_county,include_default_map,verified address in Los Angeles County
lacdmh-sa3-8448-380,"415 W. ROUTE 66 STE. 202, GLENDORA, CA 91740-4335",-117.869935,34.129059,"415 W Route 66, STE 202, Glendora, California 91740, United States",success,high,,"{""secondary_address"":""matched"",""address_number"":""matched"",""street"":""matched"",""postcode"":""unmatched"",""place"":""matched"",""region"":""matched"",""locality"":""not_applicable"",""country"":""inferred"",""confidence"":""high""}",verified,,CA,CA,91740,91740.0,GLENDORA,Glendora,Los Angeles County,Los Angeles County,not_flagged,verified_address,in_la_county,include_default_map,verified address in Los Angeles County
lacdmh-sa3-8320-381,"960 E GREEN ST SUITE 202, PASADENA, CA 91106-2401",-118.130085,34.144339,"960 East Green Street, STE 202, Pasadena, California 91106, United States",success,high,,"{""secondary_address"":""matched"",""address_number"":""matched"",""street"":""matched"",""postcode"":""unmatched"",""place"":""matched"",""region"":""matched"",""locality"":""not_applicable"",""country"":""inferred"",""confidence"":""high""}",verified,,CA,CA,91106,91106.0,PASADENA,Pasadena,Los Angeles County,Los Angeles County,not_flagged,verified_address,in_la_county,include_default_map,verified address in Los Angeles County
lacdmh-sa3-7991-382,"490 W MISSION BLVD, POMONA, CA 91766-1608",-117.753979,34.054854,"490 West Mission Boulevard, Pomona, California 91766, United States",success,high,,"{""address_number"":""matched"",""street"":""matched"",""postcode"":""unmatched"",""place"":""matched"",""region"":""matched"",""locality"":""not_applicable"",""country"":""inferred"",""confidence"":""high""}",verified,,CA,CA,91766,91766.0,POMONA,Pomona,Los Angeles County,Los Angeles County,not_flagged,verified_address,in_la_county,include_default_map,verified address in Los Angeles County
lacdmh-sa3-7992-383,"2650 E. FOOTHILL BLVD., PASADENA, CA 91107-3439",-118.095735,34.149567,"2650 East Foothill Boulevard, Pasadena, California 91107, United States",success,high,,"{""address_number"":""matched"",""street"":""matched"",""postcode"":""unmatched"",""place"":""matched"",""region"":""matched"",""locality"":""not_applicable"",""country"":""inferred"",""confidence"":""high""}",verified,,CA,CA,91107,91107.0,PASADENA,Pasadena,Los Angeles County,Los Angeles County,not_flagged,verified_address,in_la_county,include_default_map,verified address in Los Angeles County
lacdmh-sa3-7990-384,"831 E. ARROW HIGHWAY, POMONA, CA 91767-2535",-117.735325,34.090797,"831 Arrow Highway, Pomona, California 91767, United States",success,high,,"{""address_number"":""matched"",""street"":""matched"",""postcode"":""unmatched"",""place"":""matched"",""region"":""matched"",""locality"":""not_applicable"",""country"":""inferred"",""confidence"":""high""}",verified,,CA,CA,91767,91767.0,POMONA,Pomona,Los Angeles County,Los Angeles County,not_flagged,verified_address,in_la_county,include_default_map,verified address in Los Angeles County
lacdmh-sa3-7994-385,"40 N ALTADENA DRIVE SUITE 1B, PASADENA, CA 91107-3386",-118.098412,34.146866,"40 North Altadena Drive, STE 1b, Pasadena, California 91107, United States",success,high,,"{""secondary_address"":""plausible"",""address_number"":""matched"",""street"":""matched"",""postcode"":""unmatched"",""place"":""matched"",""region"":""matched"",""locality"":""not_applicable"",""country"":""inferred"",""confidence"":""high""}",verified,,CA,CA,91107,91107.0,PASADENA,Pasadena,Los Angeles County,Los Angeles County,not_flagged,verified_address,in_la_county,include_default_map,verified address in Los Angeles County
lacdmh-sa3-8477-386,"651 N. SEPULVEDA BLVD 2012, LOS ANGELES, CA 90049-2185",-118.469225,34.077227,"651 North Sepulveda Boulevard, #2012, Los Angeles, California 90049, United States",success,high,,"{""secondary_address"":""plausible"",""address_number"":""matched"",""street"":""matched"",""postcode"":""unmatched"",""place"":""matched"",""region"":""matched"",""locality"":""not_applicable"",""country"":""inferred"",""confidence"":""high""}",verified,,CA,CA,90049,90049.0,LOS ANGELES,Los Angeles,Los Angeles County,Los Angeles County,not_flagged,verified_address,in_la_county,include_default_map,verified address in Los Angeles County
lacdmh-sa3-7567-387,"1520 N. RAYMOND AVE. BLDG. 2-7, PASADENA, CA 91103-1819",-118.147268,34.171938,"1520 North Raymond Avenue, Pasadena, California 91103, United States",success,high,,"{""address_number"":""matched"",""street"":""matched"",""postcode"":""unmatched"",""place"":""matched"",""region"":""matched"",""locality"":""not_applicable"",""country"":""inferred"",""confidence"":""high""}",verified,,CA,CA,91103,91103.0,PASADENA,Pasadena,Los Angeles County,Los Angeles County,not_flagged,verified_address,in_la_county,include_default_map,verified address in Los Angeles County
lacdmh-sa3-7618-388,"508 S. 2ND AVE., COVINA, CA 91723-3012",-117.887622,34.080365,"508 South 2nd Avenue, Covina, California 91723, United States",success,high,,"{""address_number"":""matched"",""street"":""matched"",""postcode"":""unmatched"",""place"":""matched"",""region"":""matched"",""locality"":""not_applicable"",""country"":""inferred"",""confidence"":""high""}",verified,,CA,CA,91723,91723.0,COVINA,Covina,Los Angeles County,Los Angeles County,not_flagged,verified_address,in_la_county,include_default_map,verified address in Los Angeles County
lacdmh-sa3-7710-389,"510 S. 2ND AVE. STE. 6 AND 7, COVINA, CA 91723-3017",-117.887803,34.080601,"510 South 2nd Avenue, STE 6, Covina, California 91723, United States",success,low,,"{""secondary_address"":""matched"",""address_number"":""matched"",""street"":""matched"",""postcode"":""unmatched"",""place"":""matched"",""region"":""matched"",""locality"":""not_applicable"",""country"":""unmatched"",""confidence"":""low""}",needs_review,low_confidence,CA,CA,91723,91723.0,COVINA,Covina,Los Angeles County,Los Angeles County,not_flagged,needs_review_address,in_la_county,manual_review,address match quality needs review
lacdmh-sa3-19IP SA3-390,"1359 N. GRAND AVE., COVINA, CA 91724-1016",-117.874014,34.104023,"1359 North Grand Avenue, Covina, California 91724, United States",success,high,,"{""address_number"":""matched"",""street"":""matched"",""postcode"":""unmatched"",""place"":""matched"",""region"":""matched"",""locality"":""not_applicable"",""country"":""inferred"",""confidence"":""high""}",verified,,CA,CA,91724,91724.0,COVINA,Covina,Los Angeles County,Los Angeles County,not_flagged,verified_address,in_la_county,include_default_map,verified address in Los Angeles County
lacdmh-sa3-7921 SA3-391,"1359 N. GRAND AVE., COVINA, CA 91724-1016",-117.874014,34.104023,"1359 North Grand Avenue, Covina, California 91724, United States",success,high,,"{""address_number"":""matched"",""street"":""matched"",""postcode"":""unmatched"",""place"":""matched"",""region"":""matched"",""locality"":""not_applicable"",""country"":""inferred"",""confidence"":""high""}",verified,,CA,CA,91724,91724.0,COVINA,Covina,Los Angeles County,Los Angeles County,not_flagged,verified_address,in_la_county,include_default_map,verified address in Los Angeles County
lacdmh-sa3-19MU SA3-392,"1359 N GRAND AVE 2ND FL, COVINA, CA 91724-1016",-117.874014,34.104023,"1359 North Grand Avenue, Covina, California 91724, United States",success,high,,"{""address_number"":""matched"",""street"":""matched"",""postcode"":""unmatched"",""place"":""matched"",""region"":""matched"",""locality"":""not_applicable"",""country"":""inferred"",""confidence"":""high""}",verified,,CA,CA,91724,91724.0,COVINA,Covina,Los Angeles County,Los Angeles County,not_flagged,verified_address,in_la_county,include_default_map,verified address in Los Angeles County
lacdmh-sa3-19O3 SA3-393,"330 E LIVE OAK AVE, ARCADIA, CA 91006-5617",-118.021794,34.108068,"330 Live Oak Avenue, Arcadia, California 91006, United States",success,high,,"{""address_number"":""matched"",""street"":""matched"",""postcode"":""unmatched"",""place"":""matched"",""region"":""matched"",""locality"":""not_applicable"",""country"":""inferred"",""confidence"":""high""}",verified,,CA,CA,91006,91006.0,ARCADIA,Arcadia,Los Angeles County,Los Angeles County,not_flagged,verified_address,in_la_county,include_default_map,verified address in Los Angeles County
lacdmh-sa3-7705-394,"1359 N. GRAND AVE., COVINA, CA 91724-1016",-117.874014,34.104023,"1359 North Grand Avenue, Covina, California 91724, United States",success,high,,"{""address_number"":""matched"",""street"":""matched"",""postcode"":""unmatched"",""place"":""matched"",""region"":""matched"",""locality"":""not_applicable"",""country"":""inferred"",""confidence"":""high""}",verified,,CA,CA,91724,91724.0,COVINA,Covina,Los Angeles County,Los Angeles County,not_flagged,verified_address,in_la_county,include_default_map,verified address in Los Angeles County
lacdmh-sa3-8410-395,"415 W. ROUTE 66 STE. 202, GLENDORA, CA 91740-4335",-117.869935,34.129059,"415 W Route 66, STE 202, Glendora, California 91740, United States",success,high,,"{""secondary_address"":""matched"",""address_number"":""matched"",""street"":""matched"",""postcode"":""unmatched"",""place"":""matched"",""region"":""matched"",""locality"":""not_applicable"",""country"":""inferred"",""confidence"":""high""}",verified,,CA,CA,91740,91740.0,GLENDORA,Glendora,Los Angeles County,Los Angeles County,not_flagged,verified_address,in_la_county,include_default_map,verified address in Los Angeles County
lacdmh-sa3-8138-396,"2030 N GAREY AVE, POMONA, CA 91767-2722",-117.752114,34.083474,"2030 North Garey Avenue, Pomona, California 91767, United States",success,high,,"{""address_number"":""matched"",""street"":""matched"",""postcode"":""unmatched"",""place"":""matched"",""region"":""matched"",""locality"":""not_applicable"",""country"":""inferred"",""confidence"":""high""}",verified,,CA,CA,91767,91767.0,POMONA,Pomona,Los Angeles County,Los Angeles County,not_flagged,verified_address,in_la_county,include_default_map,verified address in Los Angeles County
lacdmh-sa3-7563-397,"4740 N. GRAND AVE., COVINA, CA 91724-2005",-117.872333,34.098588,"4740 North Grand Avenue, Covina, California 91724, United States",success,high,,"{""address_number"":""matched"",""street"":""matched"",""postcode"":""unmatched"",""place"":""matched"",""region"":""matched"",""locality"":""not_applicable"",""country"":""inferred"",""confidence"":""high""}",verified,,CA,CA,91724,91724.0,COVINA,Covina,Los Angeles County,Los Angeles County,not_flagged,verified_address,in_la_county,include_default_map,verified address in Los Angeles County
lacdmh-sa3-0063R-398,"3938 COGSWELL RD., EL MONTE, CA 91732-2404",-118.012364,34.074484,"3938 Cogswell Road, El Monte, California 91732, United States",success,high,,"{""address_number"":""matched"",""street"":""matched"",""postcode"":""unmatched"",""place"":""matched"",""region"":""matched"",""locality"":""not_applicable"",""country"":""inferred"",""confidence"":""high""}",verified,,CA,CA,91732,91732.0,EL MONTE,El Monte,Los Angeles County,Los Angeles County,not_flagged,verified_address,in_la_county,include_default_map,verified address in Los Angeles County
lacdmh-sa3-8136-399,"427 E 17TH ST. STE. 229, COSTA MESA, CA 92627-3201",-117.911377,33.62978,"427 East 17th Street, STE 229, Costa Mesa, California 92627, United States",success,high,,"{""secondary_address"":""plausible"",""address_number"":""matched"",""street"":""matched"",""postcode"":""unmatched"",""place"":""matched"",""region"":""matched"",""locality"":""not_applicable"",""country"":""inferred"",""confidence"":""high""}",verified,,CA,CA,92627,92627.0,COSTA MESA,Costa Mesa,Los Angeles County,Orange County,outside_la_county_review,verified_address,outside_la_county,exclude_default_map,correctly geocoded but outside Los Angeles County
lacdmh-sa3-7544-400,"600 S. GRAND AVE., COVINA, CA 91724-3638",-117.871934,34.078526,"600 South Grand Avenue, Covina, California 91724, United States",success,high,,"{""address_number"":""matched"",""street"":""matched"",""postcode"":""unmatched"",""place"":""matched"",""region"":""matched"",""locality"":""not_applicable"",""country"":""inferred"",""confidence"":""high""}",verified,,CA,CA,91724,91724.0,COVINA,Covina,Los Angeles County,Los Angeles County,not_flagged,verified_address,in_la_county,include_default_map,verified address in Los Angeles County
lacdmh-sa3-19C6-401,"5329 N. HOMEREST AVE., AZUSA, CA 91702-5429",-117.911884,34.109494,"5329 Homerest Avenue, Azusa, California 91702, United States",success,high,,"{""address_number"":""matched"",""street"":""matched"",""postcode"":""unmatched"",""place"":""matched"",""region"":""matched"",""locality"":""not_applicable"",""country"":""inferred"",""confidence"":""high""}",verified,,CA,CA,91702,91702.0,AZUSA,Azusa,Los Angeles County,Los Angeles County,not_flagged,verified_address,in_la_county,include_default_map,verified address in Los Angeles County
lacdmh-sa3-19CB-402,"337 S. ENID AVE., AZUSA, CA 91702-4302",-117.913952,34.116648,"337 South Enid Avenue, Azusa, California 91702, United States",success,high,,"{""address_number"":""matched"",""street"":""matched"",""postcode"":""unmatched"",""place"":""matched"",""region"":""matched"",""locality"":""not_applicable"",""country"":""inferred"",""confidence"":""high""}",verified,,CA,CA,91702,91702.0,AZUSA,Azusa,Los Angeles County,Los Angeles County,not_flagged,verified_address,in_la_county,include_default_map,verified address in Los Angeles County
lacdmh-sa3-1942-403,"1359 N. GRAND AVE., COVINA, CA 91724-1016",-117.874014,34.104023,"1359 North Grand Avenue, Covina, California 91724, United States",success,high,,"{""address_number"":""matched"",""street"":""matched"",""postcode"":""unmatched"",""place"":""matched"",""region"":""matched"",""locality"":""not_applicable"",""country"":""inferred"",""confidence"":""high""}",verified,,CA,CA,91724,91724.0,COVINA,Covina,Los Angeles County,Los Angeles County,not_flagged,verified_address,in_la_county,include_default_map,verified address in Los Angeles County
lacdmh-sa3-7870-404,"602 W HELLMAN AVE, MONTEREY PARK, CA 91754-1006",-118.130865,34.069553,"602 West Hellman Avenue, Monterey Park, California 91754, United States",success,high,,"{""address_number"":""matched"",""street"":""matched"",""postcode"":""unmatched"",""place"":""matched"",""region"":""matched"",""locality"":""not_applicable"",""country"":""inferred"",""confidence"":""high""}",verified,,CA,CA,91754,91754.0,MONTEREY PARK,Monterey Park,Los Angeles County,Los Angeles County,not_flagged,verified_address,in_la_county,include_default_map,verified address in Los Angeles County
lacdmh-sa3-8468-405,"3756 SANTA ROSALIA DR 219, LOS ANGELES, CA 90008-3606",-118.339189,34.008827,"3756 Santa Rosalia Drive, Los Angeles, California 90008, United States",success,high,,"{""address_number"":""matched"",""street"":""matched"",""postcode"":""unmatched"",""place"":""matched"",""region"":""matched"",""locality"":""not_applicable"",""country"":""inferred"",""confidence"":""high""}",verified,,CA,CA,90008,90008.0,LOS ANGELES,Los Angeles,Los Angeles County,Los Angeles County,not_flagged,verified_address,in_la_county,include_default_map,verified address in Los Angeles County
lacdmh-sa3-7442-406,"611 N BRAND BLVD 3RD, 4TH FL, GLENDALE, CA 91203-3286",-118.255629,34.155365,"611 North Brand Boulevard, FL 3rd 4th, Glendale, California 91203, United States",success,high,,"{""secondary_address"":""plausible"",""address_number"":""matched"",""street"":""matched"",""postcode"":""unmatched"",""place"":""matched"",""region"":""matched"",""locality"":""not_applicable"",""country"":""inferred"",""confidence"":""high""}",verified,,CA,CA,91203,91203.0,GLENDALE,Glendale,Los Angeles County,Los Angeles County,not_flagged,verified_address,in_la_county,include_default_map,verified address in Los Angeles County
lacdmh-sa3-7810-407,"4024 N. DURFEE AVE. RM. 216, EL MONTE, CA 91732-2510",-118.006015,34.07316,"4024 Durfee Avenue, RM 216, El Monte, California 91732, United States",success,high,,"{""secondary_address"":""plausible"",""address_number"":""matched"",""street"":""matched"",""postcode"":""unmatched"",""place"":""matched"",""region"":""matched"",""locality"":""not_applicable"",""country"":""inferred"",""confidence"":""high""}",verified,,CA,CA,91732,91732.0,EL MONTE,El Monte,Los Angeles County,Los Angeles County,not_flagged,verified_address,in_la_county,include_default_map,verified address in Los Angeles County
lacdmh-sa3-7809-408,"4024 DURFEE AVE, EL MONTE, CA 91732-2510",-118.00568,34.073064,"4024 Durfee Avenue, El Monte, California 91732, United States",success,high,,"{""address_number"":""matched"",""street"":""matched"",""postcode"":""unmatched"",""place"":""matched"",""region"":""matched"",""locality"":""not_applicable"",""country"":""inferred"",""confidence"":""high""}",verified,,CA,CA,91732,91732.0,EL MONTE,El Monte,Los Angeles County,Los Angeles County,not_flagged,verified_address,in_la_county,include_default_map,verified address in Los Angeles County
lacdmh-sa3-7753-409,"725 S GRAND AVENUE, GLENDORA, CA 91740-4141",-117.873844,34.12588,"725 South Grand Avenue, Glendora, California 91740, United States",success,high,,"{""address_number"":""matched"",""street"":""matched"",""postcode"":""unmatched"",""place"":""matched"",""region"":""matched"",""locality"":""not_applicable"",""country"":""inferred"",""confidence"":""high""}",verified,,CA,CA,91740,91740.0,GLENDORA,Glendora,Los Angeles County,Los Angeles County,not_flagged,verified_address,in_la_county,include_default_map,verified address in Los Angeles County
lacdmh-sa3-7811-410,"801 CORPORATE CENTER DRIVE, POMONA, CA 91768-2628",-117.801765,34.06477,"801 Corporate Center Drive, Pomona, California 91768, United States",success,high,,"{""address_number"":""matched"",""street"":""matched"",""postcode"":""unmatched"",""place"":""matched"",""region"":""matched"",""locality"":""not_applicable"",""country"":""inferred"",""confidence"":""high""}",verified,,CA,CA,91768,91768.0,POMONA,Pomona,Los Angeles County,Los Angeles County,not_flagged,verified_address,in_la_county,include_default_map,verified address in Los Angeles County
lacdmh-sa3-7187-411,"1635 W. MAIN ST. STE. 100, ALHAMBRA, CA 91801-1951",-118.14149,34.09159,"1635 West Main Street, STE 100, Alhambra, California 91801, United States",success,high,,"{""secondary_address"":""plausible"",""address_number"":""matched"",""street"":""matched"",""postcode"":""unmatched"",""place"":""matched"",""region"":""matched"",""locality"":""not_applicable"",""country"":""inferred"",""confidence"":""high""}",verified,,CA,CA,91801,91801.0,ALHAMBRA,Alhambra,Los Angeles County,Los Angeles County,not_flagged,verified_address,in_la_county,include_default_map,verified address in Los Angeles County
lacdmh-sa3-19KM-412,"1107 S GLENDORA AVE, WEST COVINA, CA 91790-4923",-117.9378,34.05651,"1107 South Glendora Avenue, West Covina, California 91790, United States",success,high,,"{""address_number"":""matched"",""street"":""matched"",""postcode"":""unmatched"",""place"":""matched"",""region"":""matched"",""locality"":""not_applicable"",""country"":""inferred"",""confidence"":""high""}",verified,,CA,CA,91790,91790.0,WEST COVINA,West Covina,Los Angeles County,Los Angeles County,not_flagged,verified_address,in_la_county,include_default_map,verified address in Los Angeles County
lacdmh-sa3-7950-413,"9040 TELSTAR AVENUE SUITE 101, EL MONTE, CA 91731-2838",-118.069394,34.068279,"9040 Telstar Avenue, STE 101, El Monte, California 91731, United States",success,high,,"{""secondary_address"":""matched"",""address_number"":""matched"",""street"":""matched"",""postcode"":""unmatched"",""place"":""matched"",""region"":""matched"",""locality"":""not_applicable"",""country"":""inferred"",""confidence"":""high""}",verified,,CA,CA,91731,91731.0,EL MONTE,El Monte,Los Angeles County,Los Angeles County,not_flagged,verified_address,in_la_county,include_default_map,verified address in Los Angeles County
lacdmh-sa3-19A9X-414,"18501 GALE AVENUE SUITE 100, CITY OF INDUSTRY, CA 91748-1359",-117.899664,33.996398,"18501 Gale Avenue, STE 100, City of Industry, California 91748, United States",success,high,,"{""secondary_address"":""matched"",""address_number"":""matched"",""street"":""matched"",""postcode"":""unmatched"",""place"":""matched"",""region"":""matched"",""locality"":""not_applicable"",""country"":""inferred"",""confidence"":""high""}",verified,,CA,CA,91748,91748.0,CITY OF INDUSTRY,City of Industry,Los Angeles County,Los Angeles County,not_flagged,verified_address,in_la_county,include_default_map,verified address in Los Angeles County
lacdmh-sa3-8442-415,"415 W. ROUTE 66 STE 202, GLENDORA, CA 91740-4335",-117.869935,34.129059,"415 W Route 66, STE 202, Glendora, California 91740, United States",success,high,,"{""secondary_address"":""matched"",""address_number"":""matched"",""street"":""matched"",""postcode"":""unmatched"",""place"":""matched"",""region"":""matched"",""locality"":""not_applicable"",""country"":""inferred"",""confidence"":""high""}",verified,,CA,CA,91740,91740.0,GLENDORA,Glendora,Los Angeles County,Los Angeles County,not_flagged,verified_address,in_la_county,include_default_map,verified address in Los Angeles County
lacdmh-sa3-7669-416,"1411 N GRAND AVE STE 100, COVINA, CA 91724-1001",-117.874218,34.105183,"1411 North Grand Avenue, STE 100, Covina, California 91724, United States",success,high,,"{""secondary_address"":""matched"",""address_number"":""matched"",""street"":""matched"",""postcode"":""unmatched"",""place"":""matched"",""region"":""matched"",""locality"":""not_applicable"",""country"":""inferred"",""confidence"":""high""}",verified,,CA,CA,91724,91724.0,COVINA,Covina,Los Angeles County,Los Angeles County,not_flagged,verified_address,in_la_county,include_default_map,verified address in Los Angeles County
lacdmh-sa3-7601-417,"2933 EL NIDO DR., ALTADENA, CA 91001-4529",-118.165757,34.1958,"2933 El Nido Drive, Altadena, California 91001, United States",success,high,,"{""address_number"":""matched"",""street"":""matched"",""postcode"":""unmatched"",""place"":""matched"",""region"":""matched"",""locality"":""not_applicable"",""country"":""inferred"",""confidence"":""high""}",verified,,CA,CA,91001,91001.0,ALTADENA,Altadena,Los Angeles County,Los Angeles County,not_flagged,verified_address,in_la_county,include_default_map,verified address in Los Angeles County
lacdmh-sa3-7602-418,"851 N. OAKLAND AVE., PASADENA, CA 91104-4343",-118.140919,34.160251,"851 North Oakland Avenue, Pasadena, California 91104, United States",success,high,,"{""address_number"":""matched"",""street"":""matched"",""postcode"":""unmatched"",""place"":""matched"",""region"":""matched"",""locality"":""not_applicable"",""country"":""inferred"",""confidence"":""high""}",verified,,CA,CA,91104,91104.0,PASADENA,Pasadena,Los Angeles County,Los Angeles County,not_flagged,verified_address,in_la_county,include_default_map,verified address in Los Angeles County
lacdmh-sa3-190X-419,"2933 EL NIDO DRIVE, ALTADENA, CA 91001-4529",-118.165757,34.1958,"2933 El Nido Drive, Altadena, California 91001, United States",success,high,,"{""address_number"":""matched"",""street"":""matched"",""postcode"":""unmatched"",""place"":""matched"",""region"":""matched"",""locality"":""not_applicable"",""country"":""inferred"",""confidence"":""high""}",verified,,CA,CA,91001,91001.0,ALTADENA,Altadena,Los Angeles County,Los Angeles County,not_flagged,verified_address,in_la_county,include_default_map,verified address in Los Angeles County
lacdmh-sa3-19KL-420,"2901 EL NIDO DR, ALTADENA, CA 91001-4529",-118.16577,34.19526,"2901 El Nido Drive, Altadena, California 91001, United States",success,high,,"{""address_number"":""matched"",""street"":""matched"",""postcode"":""unmatched"",""place"":""matched"",""region"":""matched"",""locality"":""not_applicable"",""country"":""inferred"",""confidence"":""high""}",verified,,CA,CA,91001,91001.0,ALTADENA,Altadena,Los Angeles County,Los Angeles County,not_flagged,verified_address,in_la_county,include_default_map,verified address in Los Angeles County
lacdmh-sa3-7131-421,"23701 E. EAST FORK RD., AZUSA, CA 91702-1477",-117.799166,34.234184,"23701 East Fork Road, Azusa, California 91702, United States",success,medium,,"{""address_number"":""matched"",""street"":""unmatched"",""postcode"":""unmatched"",""place"":""matched"",""region"":""matched"",""locality"":""not_applicable"",""country"":""inferred"",""confidence"":""medium""}",needs_review,medium_confidence;street_not_matched,CA,CA,91702,91702.0,AZUSA,Azusa,Los Angeles County,Los Angeles County,not_flagged,needs_review_address,in_la_county,manual_review,address match quality needs review
lacdmh-sa3-8451-422,"3030 W. OLYMPIC BLVD 217, LOS ANGELES, CA 90006-6507",-118.301526,34.052179,"3030 West Olympic Boulevard, STE 217, Los Angeles, California 90006, United States",success,high,,"{""secondary_address"":""matched"",""address_number"":""matched"",""street"":""matched"",""postcode"":""unmatched"",""place"":""matched"",""region"":""matched"",""locality"":""not_applicable"",""country"":""inferred"",""confidence"":""high""}",verified,,CA,CA,90006,90006.0,LOS ANGELES,Los Angeles,Los Angeles County,Los Angeles County,not_flagged,verified_address,in_la_county,include_default_map,verified address in Los Angeles County
lacdmh-sa3-7731-423,"2008 N. GAREY AVE., POMONA, CA 91767-2722",-117.75236,34.08275,"2008 North Garey Avenue, Pomona, California 91767, United States",success,high,,"{""address_number"":""matched"",""street"":""matched"",""postcode"":""unmatched"",""place"":""matched"",""region"":""matched"",""locality"":""not_applicable"",""country"":""inferred"",""confidence"":""high""}",verified,,CA,CA,91767,91767.0,POMONA,Pomona,Los Angeles County,Los Angeles County,not_flagged,verified_address,in_la_county,include_default_map,verified address in Los Angeles County
lacdmh-sa3-7798A-424,"1900 ROYALTY DR. STE. 180, POMONA, CA 91767-3032",-117.745865,34.077241,"1900 Royalty Drive, STE 180, Pomona, California 91767, United States",success,high,,"{""secondary_address"":""matched"",""address_number"":""matched"",""street"":""matched"",""postcode"":""unmatched"",""place"":""matched"",""region"":""matched"",""locality"":""not_applicable"",""country"":""inferred"",""confidence"":""high""}",verified,,CA,CA,91767,91767.0,POMONA,Pomona,Los Angeles County,Los Angeles County,not_flagged,verified_address,in_la_county,include_default_map,verified address in Los Angeles County
lacdmh-sa3-7552A-425,"1000 CORPORATE CENTER DR. STE 650, MONTEREY PARK, CA 91754-7639",-118.161891,34.050467,"1000 Corporate Center Drive, STE 650, Monterey Park, California 91754, United States",success,high,,"{""secondary_address"":""matched"",""address_number"":""matched"",""street"":""matched"",""postcode"":""unmatched"",""place"":""matched"",""region"":""matched"",""locality"":""not_applicable"",""country"":""inferred"",""confidence"":""high""}",verified,,CA,CA,91754,91754.0,MONTEREY PARK,Monterey Park,Los Angeles County,Los Angeles County,not_flagged,verified_address,in_la_county,include_default_map,verified address in Los Angeles County
lacdmh-sa3-7787-426,"4024 DURFEE AVE, EL MONTE, CA 91732-2510",-118.00568,34.073064,"4024 Durfee Avenue, El Monte, California 91732, United States",success,high,,"{""address_number"":""matched"",""street"":""matched"",""postcode"":""unmatched"",""place"":""matched"",""region"":""matched"",""locality"":""not_applicable"",""country"":""inferred"",""confidence"":""high""}",verified,,CA,CA,91732,91732.0,EL MONTE,El Monte,Los Angeles County,Los Angeles County,not_flagged,verified_address,in_la_county,include_default_map,verified address in Los Angeles County
lacdmh-sa3-19BV-427,"801 CORPORATE CENTER DR. STE. 202, POMONA, CA 91768-2627",-117.801855,34.064745,"801 Corporate Center Drive, STE 202, Pomona, California 91768, United States",success,high,,"{""secondary_address"":""matched"",""address_number"":""matched"",""street"":""matched"",""postcode"":""unmatched"",""place"":""matched"",""region"":""matched"",""locality"":""not_applicable"",""country"":""inferred"",""confidence"":""high""}",verified,,CA,CA,91768,91768.0,POMONA,Pomona,Los Angeles County,Los Angeles County,not_flagged,verified_address,in_la_county,include_default_map,verified address in Los Angeles County
lacdmh-sa3-1924-428,"1023 FREMONT AVE., SOUTH PASADENA, CA 91030-3224",-118.153392,34.113871,"1023 Fremont Avenue, South Pasadena, California 91030, United States",success,high,,"{""address_number"":""matched"",""street"":""matched"",""postcode"":""unmatched"",""place"":""matched"",""region"":""matched"",""locality"":""not_applicable"",""country"":""inferred"",""confidence"":""high""}",verified,,CA,CA,91030,91030.0,SOUTH PASADENA,South Pasadena,Los Angeles County,Los Angeles County,not_flagged,verified_address,in_la_county,include_default_map,verified address in Los Angeles County
lacdmh-sa3-8220-429,"1620 S. GRAND AVE, GLENDORA, CA 91740-5433",-117.872309,34.109711,"1620 South Grand Avenue, Glendora, California 91740, United States",success,high,,"{""address_number"":""matched"",""street"":""matched"",""postcode"":""unmatched"",""place"":""matched"",""region"":""matched"",""locality"":""not_applicable"",""country"":""inferred"",""confidence"":""high""}",verified,,CA,CA,91740,91740.0,GLENDORA,Glendora,Los Angeles County,Los Angeles County,not_flagged,verified_address,in_la_county,include_default_map,verified address in Los Angeles County
lacdmh-sa3-19M4-430,"437 S CATARACT AVE STE 3, SAN DIMAS, CA 91773-2973",-117.812016,34.101829,"437 South Cataract Avenue, STE 3, San Dimas, California 91773, United States",success,high,,"{""secondary_address"":""plausible"",""address_number"":""matched"",""street"":""matched"",""postcode"":""unmatched"",""place"":""matched"",""region"":""matched"",""locality"":""not_applicable"",""country"":""inferred"",""confidence"":""high""}",verified,,CA,CA,91773,91773.0,SAN DIMAS,San Dimas,Los Angeles County,Los Angeles County,not_flagged,verified_address,in_la_county,include_default_map,verified address in Los Angeles County
lacdmh-sa3-19LC-431,"15615 NELSON AVE E, LA PUENTE, CA 91744-3910",-117.955558,34.025644,"15615 East Nelson Avenue, La Puente, California 91744, United States",success,high,,"{""address_number"":""matched"",""street"":""matched"",""postcode"":""unmatched"",""place"":""matched"",""region"":""matched"",""locality"":""not_applicable"",""country"":""inferred"",""confidence"":""high""}",verified,,CA,CA,91744,91744.0,LA PUENTE,La Puente,Los Angeles County,Los Angeles County,not_flagged,verified_address,in_la_county,include_default_map,verified address in Los Angeles County
lacdmh-sa3-8429-432,"6309 VAN NUYS BLVD UNIT 102, VAN NUYS, CA 91401-6629",-118.448948,34.184995,"6309 Van Nuys Boulevard, STE 102, Van Nuys, California 91401, United States",success,high,,"{""secondary_address"":""matched"",""address_number"":""matched"",""street"":""matched"",""postcode"":""unmatched"",""place"":""matched"",""region"":""matched"",""locality"":""not_applicable"",""country"":""inferred"",""confidence"":""high""}",verified,,CA,CA,91401,91401.0,VAN NUYS,Van Nuys,Los Angeles County,Los Angeles County,not_flagged,verified_address,in_la_county,include_default_map,verified address in Los Angeles County
lacdmh-sa3-8017-433,"510 S. GRAND AVE. STE. 200, GLENDORA, CA 91741-4291",-117.871968,34.130193,"510 South Grand Avenue, STE 200, Glendora, California 91741, United States",success,high,,"{""secondary_address"":""matched"",""address_number"":""matched"",""street"":""matched"",""postcode"":""unmatched"",""place"":""matched"",""region"":""matched"",""locality"":""not_applicable"",""country"":""inferred"",""confidence"":""high""}",verified,,CA,CA,91741,91741.0,GLENDORA,Glendora,Los Angeles County,Los Angeles County,not_flagged,verified_address,in_la_county,include_default_map,verified address in Los Angeles County
lacdmh-sa3-1932-434,"250 W. HUNTINGTON DR., ARCADIA, CA 91007-3401",-118.039936,34.136501,"250 West Huntington Drive, Arcadia, California 91007, United States",success,high,,"{""address_number"":""matched"",""street"":""matched"",""postcode"":""unmatched"",""place"":""matched"",""region"":""matched"",""locality"":""not_applicable"",""country"":""inferred"",""confidence"":""high""}",verified,,CA,CA,91007,91007.0,ARCADIA,Arcadia,Los Angeles County,Los Angeles County,not_flagged,verified_address,in_la_county,include_default_map,verified address in Los Angeles County
lacdmh-sa3-8443-435,"415 W. ROUTE 66 STE 202, GLENDORA, CA 91740-4335",-117.869935,34.129059,"415 W Route 66, STE 202, Glendora, California 91740, United States",success,high,,"{""secondary_address"":""matched"",""address_number"":""matched"",""street"":""matched"",""postcode"":""unmatched"",""place"":""matched"",""region"":""matched"",""locality"":""not_applicable"",""country"":""inferred"",""confidence"":""high""}",verified,,CA,CA,91740,91740.0,GLENDORA,Glendora,Los Angeles County,Los Angeles County,not_flagged,verified_address,in_la_county,include_default_map,verified address in Los Angeles County
lacdmh-sa4-19B6B 19B6B-436,"522 S SAN PEDRO ST., LOS ANGELES, CA 90013-2102",-118.24416,34.043464,"522 South San Pedro Street, Los Angeles, California 90013, United States",success,high,,"{""address_number"":""matched"",""street"":""matched"",""postcode"":""unmatched"",""place"":""matched"",""region"":""matched"",""locality"":""not_applicable"",""country"":""inferred"",""confidence"":""high""}",verified,,CA,CA,90013,90013.0,LOS ANGELES,Los Angeles,Los Angeles County,Los Angeles County,not_flagged,verified_address,in_la_county,include_default_map,verified address in Los Angeles County
lacdmh-sa4-7802-437,"550 S VERMONT AVENUE, LOS ANGELES, CA 90020-1912",-118.291455,34.064035,"550 South Vermont Avenue, Los Angeles, California 90020, United States",success,high,,"{""address_number"":""matched"",""street"":""matched"",""postcode"":""unmatched"",""place"":""matched"",""region"":""matched"",""locality"":""not_applicable"",""country"":""inferred"",""confidence"":""high""}",verified,,CA,CA,90020,90020.0,LOS ANGELES,Los Angeles,Los Angeles County,Los Angeles County,not_flagged,verified_address,in_la_county,include_default_map,verified address in Los Angeles County
lacdmh-sa4-8493-438,"14500 ROSCOE BLVD STE 400, PANORAMA CITY, CA 91402-4194",-118.449353,34.221025,"14500 Roscoe Boulevard, STE 400, Panorama City, California 91402, United States",success,high,,"{""secondary_address"":""matched"",""address_number"":""matched"",""street"":""matched"",""postcode"":""unmatched"",""place"":""matched"",""region"":""matched"",""locality"":""not_applicable"",""country"":""inferred"",""confidence"":""high""}",verified,,CA,CA,91402,91402.0,PANORAMA CITY,Panorama City,Los Angeles County,Los Angeles County,not_flagged,verified_address,in_la_county,include_default_map,verified address in Los Angeles County
lacdmh-sa4-7300-439,"3435 WILSHIRE BLVD STE 1840, LOS ANGELES, CA 90010-2004",-118.298558,34.062378,"3435 Wilshire Boulevard, STE 1840, Los Angeles, California 90010, United States",success,high,,"{""secondary_address"":""matched"",""address_number"":""matched"",""street"":""matched"",""postcode"":""unmatched"",""place"":""matched"",""region"":""matched"",""locality"":""not_applicable"",""country"":""inferred"",""confidence"":""high""}",verified,,CA,CA,90010,90010.0,LOS ANGELES,Los Angeles,Los Angeles County,Los Angeles County,not_flagged,verified_address,in_la_county,include_default_map,verified address in Los Angeles County
lacdmh-sa4-7875-440,"456 S. MATHEWS ST., LOS ANGELES, CA 90033-4326",-118.211049,34.038303,"456 South Mathews Street, Los Angeles, California 90033, United States",success,high,,"{""address_number"":""matched"",""street"":""matched"",""postcode"":""unmatched"",""place"":""matched"",""region"":""matched"",""locality"":""not_applicable"",""country"":""inferred"",""confidence"":""high""}",verified,,CA,CA,90033,90033.0,LOS ANGELES,Los Angeles,Los Angeles County,Los Angeles County,not_flagged,verified_address,in_la_county,include_default_map,verified address in Los Angeles County
lacdmh-sa4-7893-441,"1200 N. STATE ST. STE. 1016, LOS ANGELES, CA 90033-1083",-118.208273,34.059633,"1200 North State Street, STE 1016, Los Angeles, California 90089, United States",success,medium,,"{""secondary_address"":""plausible"",""address_number"":""matched"",""street"":""unmatched"",""postcode"":""unmatched"",""place"":""matched"",""region"":""matched"",""locality"":""not_applicable"",""country"":""inferred"",""confidence"":""medium""}",needs_review,medium_confidence;zip_mismatch;street_not_matched,CA,CA,90033,90089.0,LOS ANGELES,Los Angeles,Los Angeles County,Los Angeles County,not_flagged,needs_review_address,in_la_county,manual_review,address match quality needs review
lacdmh-sa4-7104A-442,"1200 WILSHIRE BLVD STE 300, LOS ANGELES, CA 90017-1931",-118.265343,34.052694,"1200 Wilshire Boulevard, STE 300, Los Angeles, California 90017, United States",success,high,,"{""secondary_address"":""matched"",""address_number"":""matched"",""street"":""matched"",""postcode"":""unmatched"",""place"":""matched"",""region"":""matched"",""locality"":""not_applicable"",""country"":""inferred"",""confidence"":""high""}",verified,,CA,CA,90017,90017.0,LOS ANGELES,Los Angeles,Los Angeles County,Los Angeles County,not_flagged,verified_address,in_la_county,include_default_map,verified address in Los Angeles County
lacdmh-sa4-7945-443,"3680 E. IMPERIAL HWY. STE. 480, LYNWOOD, CA 90262-2662",-118.201241,33.931754,"3680 Imperial Highway, STE 480, Lynwood, California 90262, United States",success,high,,"{""secondary_address"":""matched"",""address_number"":""matched"",""street"":""matched"",""postcode"":""unmatched"",""place"":""matched"",""region"":""matched"",""locality"":""not_applicable"",""country"":""inferred"",""confidence"":""high""}",verified,,CA,CA,90262,90262.0,LYNWOOD,Lynwood,Los Angeles County,Los Angeles County,not_flagged,verified_address,in_la_county,include_default_map,verified address in Los Angeles County
lacdmh-sa4-7784-444,"947 COLE AVENUE 2ND FLOOR, LOS ANGELES, CA 90038-2610",-118.33026,34.0885,"947 Cole Avenue, Los Angeles, California 90038, United States",success,high,,"{""address_number"":""matched"",""street"":""matched"",""postcode"":""unmatched"",""place"":""matched"",""region"":""matched"",""locality"":""not_applicable"",""country"":""inferred"",""confidence"":""high""}",verified,,CA,CA,90038,90038.0,LOS ANGELES,Los Angeles,Los Angeles County,Los Angeles County,not_flagged,verified_address,in_la_county,include_default_map,verified address in Los Angeles County
lacdmh-sa4-7517-445,"1310 WILSHIRE BLVD., LOS ANGELES, CA 90017-1705",-118.267113,34.053829,"1310 Wilshire Boulevard, Los Angeles, California 90017, United States",success,high,,"{""address_number"":""matched"",""street"":""matched"",""postcode"":""unmatched"",""place"":""matched"",""region"":""matched"",""locality"":""not_applicable"",""country"":""inferred"",""confidence"":""high""}",verified,,CA,CA,90017,90017.0,LOS ANGELES,Los Angeles,Los Angeles County,Los Angeles County,not_flagged,verified_address,in_la_county,include_default_map,verified address in Los Angeles County
lacdmh-sa4-7186-446,"520 S. LA FAYETTE PARK PL. STE. 300, LOS ANGELES, CA 90057-5400",-118.282088,34.063691,"520 South La Fayette Park Place, STE 300, Los Angeles, California 90057, United States",success,high,,"{""secondary_address"":""matched"",""address_number"":""matched"",""street"":""matched"",""postcode"":""unmatched"",""place"":""matched"",""region"":""matched"",""locality"":""not_applicable"",""country"":""inferred"",""confidence"":""high""}",verified,,CA,CA,90057,90057.0,LOS ANGELES,Los Angeles,Los Angeles County,Los Angeles County,not_flagged,verified_address,in_la_county,include_default_map,verified address in Los Angeles County
lacdmh-sa4-7928-447,"222 S. HILL ST. FL. 2, LOS ANGELES, CA 90012-3508",-118.247881,34.05239,"222 South Hill Street, FL 2, Los Angeles, California 90012, United States",success,high,,"{""secondary_address"":""matched"",""address_number"":""matched"",""street"":""matched"",""postcode"":""unmatched"",""place"":""matched"",""region"":""matched"",""locality"":""not_applicable"",""country"":""inferred"",""confidence"":""high""}",verified,,CA,CA,90012,90012.0,LOS ANGELES,Los Angeles,Los Angeles County,Los Angeles County,not_flagged,verified_address,in_la_county,include_default_map,verified address in Los Angeles County
lacdmh-sa4-8074-448,"7779 SUNSET BLVD, LOS ANGELES, CA 90046-3911",-118.359028,34.098251,"7779 West Sunset Boulevard, Los Angeles, California 90046, United States",success,medium,,"{""address_number"":""matched"",""street"":""unmatched"",""postcode"":""unmatched"",""place"":""matched"",""region"":""matched"",""locality"":""not_applicable"",""country"":""inferred"",""confidence"":""medium""}",needs_review,medium_confidence;street_not_matched,CA,CA,90046,90046.0,LOS ANGELES,Los Angeles,Los Angeles County,Los Angeles County,not_flagged,needs_review_address,in_la_county,manual_review,address match quality needs review
lacdmh-sa4-7221-449,"1701 CAMINO PALMERO ST., LOS ANGELES, CA 90046-2902",-118.350155,34.101996,"1701 Camino Palmero Street, Los Angeles, California 90046, United States",success,high,,"{""address_number"":""matched"",""street"":""matched"",""postcode"":""unmatched"",""place"":""matched"",""region"":""matched"",""locality"":""not_applicable"",""country"":""inferred"",""confidence"":""high""}",verified,,CA,CA,90046,90046.0,LOS ANGELES,Los Angeles,Los Angeles County,Los Angeles County,not_flagged,verified_address,in_la_county,include_default_map,verified address in Los Angeles County
lacdmh-sa4-7268-450,"5700 WILSHIRE BLVD STE 560, LOS ANGELES, CA 90036-5418",-118.354142,34.061465,"5700 Wilshire Boulevard, STE 560, Los Angeles, California 90036, United States",success,high,,"{""secondary_address"":""matched"",""address_number"":""matched"",""street"":""matched"",""postcode"":""unmatched"",""place"":""matched"",""region"":""matched"",""locality"":""not_applicable"",""country"":""inferred"",""confidence"":""high""}",verified,,CA,CA,90036,90036.0,LOS ANGELES,Los Angeles,Los Angeles County,Los Angeles County,not_flagged,verified_address,in_la_county,include_default_map,verified address in Los Angeles County
lacdmh-sa4-7494-451,"7120 FRANKLIN AVE., LOS ANGELES, CA 90046-3002",-118.345462,34.103576,"7120 Franklin Avenue, Los Angeles, California 90046, United States",success,high,,"{""address_number"":""matched"",""street"":""matched"",""postcode"":""unmatched"",""place"":""matched"",""region"":""matched"",""locality"":""not_applicable"",""country"":""inferred"",""confidence"":""high""}",verified,,CA,CA,90046,90046.0,LOS ANGELES,Los Angeles,Los Angeles County,Los Angeles County,not_flagged,verified_address,in_la_county,include_default_map,verified address in Los Angeles County
lacdmh-sa4-8421-452,"1066 REDONDO BLVD, LOS ANGELES, CA 90019-6672",-118.34594,34.055165,"1066 South Redondo Boulevard, Los Angeles, California 90019, United States",success,medium,,"{""address_number"":""matched"",""street"":""unmatched"",""postcode"":""unmatched"",""place"":""matched"",""region"":""matched"",""locality"":""not_applicable"",""country"":""inferred"",""confidence"":""medium""}",needs_review,medium_confidence;street_not_matched,CA,CA,90019,90019.0,LOS ANGELES,Los Angeles,Los Angeles County,Los Angeles County,not_flagged,needs_review_address,in_la_county,manual_review,address match quality needs review
lacdmh-sa4-7521-453,"6838 W SUNSET BLVD., LOS ANGELES, CA 90028-7008",-118.340004,34.097808,"6838 West Sunset Boulevard, Los Angeles, California 90028, United States",success,high,,"{""address_number"":""matched"",""street"":""matched"",""postcode"":""unmatched"",""place"":""matched"",""region"":""matched"",""locality"":""not_applicable"",""country"":""inferred"",""confidence"":""high""}",verified,,CA,CA,90028,90028.0,LOS ANGELES,Los Angeles,Los Angeles County,Los Angeles County,not_flagged,verified_address,in_la_county,include_default_map,verified address in Los Angeles County
lacdmh-sa4-19AX-454,"802 OCEAN VIEW AVE, MONROVIA, CA 91016-2420",-117.988474,34.15231,"802 Ocean View Avenue, Monrovia, California 91016, United States",success,high,,"{""address_number"":""matched"",""street"":""matched"",""postcode"":""unmatched"",""place"":""matched"",""region"":""matched"",""locality"":""not_applicable"",""country"":""inferred"",""confidence"":""high""}",verified,,CA,CA,91016,91016.0,MONROVIA,Monrovia,Los Angeles County,Los Angeles County,not_flagged,verified_address,in_la_county,include_default_map,verified address in Los Angeles County
lacdmh-sa4-7590-455,"1400 S. GRAND AVE. STE. 600, LOS ANGELES, CA 90015-3048",-118.265101,34.036735,"1400 South Grand Avenue, STE 600, Los Angeles, California 90015, United States",success,high,,"{""secondary_address"":""matched"",""address_number"":""matched"",""street"":""matched"",""postcode"":""unmatched"",""place"":""matched"",""region"":""matched"",""locality"":""not_applicable"",""country"":""inferred"",""confidence"":""high""}",verified,,CA,CA,90015,90015.0,LOS ANGELES,Los Angeles,Los Angeles County,Los Angeles County,not_flagged,verified_address,in_la_county,include_default_map,verified address in Los Angeles County
lacdmh-sa4-7519-456,"2309 DALY STREET, LOS ANGELES, CA 90031-2703",-118.215834,34.072199,"2309 Daly Street, Los Angeles, California 90031, United States",success,high,,"{""address_number"":""matched"",""street"":""matched"",""postcode"":""unmatched"",""place"":""matched"",""region"":""matched"",""locality"":""not_applicable"",""country"":""inferred"",""confidence"":""high""}",verified,,CA,CA,90031,90031.0,LOS ANGELES,Los Angeles,Los Angeles County,Los Angeles County,not_flagged,verified_address,in_la_county,include_default_map,verified address in Los Angeles County
lacdmh-sa4-19BJ-457,"510 S. VERMONT AVE. 21ST FL., LOS ANGELES, CA 90020-1912",-118.291341,34.064974,"510 South Vermont Avenue, Los Angeles, California 90020, United States",success,high,,"{""address_number"":""matched"",""street"":""matched"",""postcode"":""unmatched"",""place"":""matched"",""region"":""matched"",""locality"":""not_applicable"",""country"":""inferred"",""confidence"":""high""}",verified,,CA,CA,90020,90020.0,LOS ANGELES,Los Angeles,Los Angeles County,Los Angeles County,not_flagged,verified_address,in_la_county,include_default_map,verified address in Los Angeles County
lacdmh-sa4-19JS-458,"3303 N. BROADWAY FL. 4, LOS ANGELES, CA 90031-2803",-118.205924,34.073964,"3303 North Broadway, FL 4, Los Angeles, California 90031, United States",success,high,,"{""secondary_address"":""plausible"",""address_number"":""matched"",""street"":""matched"",""postcode"":""unmatched"",""place"":""matched"",""region"":""matched"",""locality"":""not_applicable"",""country"":""inferred"",""confidence"":""high""}",verified,,CA,CA,90031,90031.0,LOS ANGELES,Los Angeles,Los Angeles County,Los Angeles County,not_flagged,verified_address,in_la_county,include_default_map,verified address in Los Angeles County
lacdmh-sa4-19KE-459,"1774 ZONAL AVE. BLDG. C, LOS ANGELES, CA 90033-1045",-118.209795,34.06131,"1774 Zonal Avenue, BLDG C, Los Angeles, California 90033, United States",success,high,,"{""secondary_address"":""plausible"",""address_number"":""matched"",""street"":""matched"",""postcode"":""unmatched"",""place"":""matched"",""region"":""matched"",""locality"":""not_applicable"",""country"":""inferred"",""confidence"":""high""}",verified,,CA,CA,90033,90033.0,LOS ANGELES,Los Angeles,Los Angeles County,Los Angeles County,not_flagged,verified_address,in_la_county,include_default_map,verified address in Los Angeles County
lacdmh-sa4-19MF-460,"1860 S ORANGE GROVE AVE, LOS ANGELES, CA 90019-5049",-118.368535,34.041279,"1860 South Orange Grove Avenue, Los Angeles, California 90019, United States",success,high,,"{""address_number"":""matched"",""street"":""matched"",""postcode"":""unmatched"",""place"":""matched"",""region"":""matched"",""locality"":""not_applicable"",""country"":""inferred"",""confidence"":""high""}",verified,,CA,CA,90019,90019.0,LOS ANGELES,Los Angeles,Los Angeles County,Los Angeles County,not_flagged,verified_address,in_la_county,include_default_map,verified address in Los Angeles County
lacdmh-sa4-7884-461,"456 S MATHEWS STREET, LOS ANGELES, CA 90033-4326",-118.211049,34.038303,"456 South Mathews Street, Los Angeles, California 90033, United States",success,high,,"{""address_number"":""matched"",""street"":""matched"",""postcode"":""unmatched"",""place"":""matched"",""region"":""matched"",""locality"":""not_applicable"",""country"":""inferred"",""confidence"":""high""}",verified,,CA,CA,90033,90033.0,LOS ANGELES,Los Angeles,Los Angeles County,Los Angeles County,not_flagged,verified_address,in_la_county,include_default_map,verified address in Los Angeles County
lacdmh-sa4-7614-462,"3250 WILSHIRE BLVD STE 320, LOS ANGELES, CA 90010-1577",-118.293268,34.061186,"3250 Wilshire Boulevard, STE 320, Los Angeles, California 90010, United States",success,high,,"{""secondary_address"":""plausible"",""address_number"":""matched"",""street"":""matched"",""postcode"":""unmatched"",""place"":""matched"",""region"":""matched"",""locality"":""not_applicable"",""country"":""inferred"",""confidence"":""high""}",verified,,CA,CA,90010,90010.0,LOS ANGELES,Los Angeles,Los Angeles County,Los Angeles County,not_flagged,verified_address,in_la_county,include_default_map,verified address in Los Angeles County
lacdmh-sa4-7817-463,"2121 W. TEMPLE ST BLDGS. A B C, LOS ANGELES, CA 90026-4915",-118.268677,34.070668,"2121 West Temple Street, bldgs. a b c, Los Angeles, California 90026, United States",success,high,,"{""secondary_address"":""plausible"",""address_number"":""matched"",""street"":""matched"",""postcode"":""unmatched"",""place"":""matched"",""region"":""matched"",""locality"":""not_applicable"",""country"":""inferred"",""confidence"":""high""}",verified,,CA,CA,90026,90026.0,LOS ANGELES,Los Angeles,Los Angeles County,Los Angeles County,not_flagged,verified_address,in_la_county,include_default_map,verified address in Los Angeles County
lacdmh-sa4-19N3-464,"631-A MAPLE AVE, LOS ANGELES, CA 90014-2211",-118.248668,34.043213,"631 Maple Avenue, #A, Los Angeles, California 90014, United States",success,high,,"{""secondary_address"":""plausible"",""address_number"":""matched"",""street"":""matched"",""postcode"":""unmatched"",""place"":""matched"",""region"":""matched"",""locality"":""not_applicable"",""country"":""inferred"",""confidence"":""high""}",verified,,CA,CA,90014,90014.0,LOS ANGELES,Los Angeles,Los Angeles County,Los Angeles County,not_flagged,verified_address,in_la_county,include_default_map,verified address in Los Angeles County
lacdmh-sa4-7171-465,"510 S. VERMONT AVE. 18TH FL., LOS ANGELES, CA 90020-1992",-118.291341,34.064974,"510 South Vermont Avenue, Los Angeles, California 90020, United States",success,high,,"{""address_number"":""matched"",""street"":""matched"",""postcode"":""unmatched"",""place"":""matched"",""region"":""matched"",""locality"":""not_applicable"",""country"":""inferred"",""confidence"":""high""}",verified,,CA,CA,90020,90020.0,LOS ANGELES,Los Angeles,Los Angeles County,Los Angeles County,not_flagged,verified_address,in_la_county,include_default_map,verified address in Los Angeles County
lacdmh-sa4-19B6-466,"500 S. SAN PEDRO ST., LOS ANGELES, CA 90013-2102",-118.243856,34.04387,"500 South San Pedro Street, Los Angeles, California 90013, United States",success,high,,"{""address_number"":""matched"",""street"":""matched"",""postcode"":""unmatched"",""place"":""matched"",""region"":""matched"",""locality"":""not_applicable"",""country"":""inferred"",""confidence"":""high""}",verified,,CA,CA,90013,90013.0,LOS ANGELES,Los Angeles,Los Angeles County,Los Angeles County,not_flagged,verified_address,in_la_county,include_default_map,verified address in Los Angeles County
lacdmh-sa4-19HP-467,"697 S. BURLINGTON AVE., LOS ANGELES, CA 90057-3743",-118.27343,34.05523,"697 South Burlington Avenue, Los Angeles, California 90057, United States",success,high,,"{""address_number"":""matched"",""street"":""matched"",""postcode"":""unmatched"",""place"":""matched"",""region"":""matched"",""locality"":""not_applicable"",""country"":""inferred"",""confidence"":""high""}",verified,,CA,CA,90057,90057.0,LOS ANGELES,Los Angeles,Los Angeles County,Los Angeles County,not_flagged,verified_address,in_la_county,include_default_map,verified address in Los Angeles County
lacdmh-sa4-19HX-468,"3500 W. TEMPLE ST., LOS ANGELES, CA 90004-3620",-118.285763,34.076505,"3500 West Temple Street, Los Angeles, California 90004, United States",success,high,,"{""address_number"":""matched"",""street"":""matched"",""postcode"":""unmatched"",""place"":""matched"",""region"":""matched"",""locality"":""not_applicable"",""country"":""inferred"",""confidence"":""high""}",verified,,CA,CA,90004,90004.0,LOS ANGELES,Los Angeles,Los Angeles County,Los Angeles County,not_flagged,verified_address,in_la_county,include_default_map,verified address in Los Angeles County
lacdmh-sa4-19HZ-469,"2755 W. 15TH ST., LOS ANGELES, CA 90006-4301",-118.302031,34.045666,"2755 West 15th Street, Los Angeles, California 90006, United States",success,high,,"{""address_number"":""matched"",""street"":""matched"",""postcode"":""unmatched"",""place"":""matched"",""region"":""matched"",""locality"":""not_applicable"",""country"":""inferred"",""confidence"":""high""}",verified,,CA,CA,90006,90006.0,LOS ANGELES,Los Angeles,Los Angeles County,Los Angeles County,not_flagged,verified_address,in_la_county,include_default_map,verified address in Los Angeles County
lacdmh-sa4-19GL-470,"2057 FAIR PARK AVE., LOS ANGELES, CA 90041-1918",-118.212845,34.13594,"2057 Fair Park Avenue, Los Angeles, California 90041, United States",success,high,,"{""address_number"":""matched"",""street"":""matched"",""postcode"":""unmatched"",""place"":""matched"",""region"":""matched"",""locality"":""not_applicable"",""country"":""inferred"",""confidence"":""high""}",verified,,CA,CA,90041,90041.0,LOS ANGELES,Los Angeles,Los Angeles County,Los Angeles County,not_flagged,verified_address,in_la_county,include_default_map,verified address in Los Angeles County
lacdmh-sa4-19HU-471,"1575 W 2ND ST RM 364, LOS ANGELES, CA 90026-5701",-118.262755,34.061335,"1575 West 2nd Street, RM 364, Los Angeles, California 90026, United States",success,high,,"{""secondary_address"":""plausible"",""address_number"":""matched"",""street"":""matched"",""postcode"":""unmatched"",""place"":""matched"",""region"":""matched"",""locality"":""not_applicable"",""country"":""inferred"",""confidence"":""high""}",verified,,CA,CA,90026,90026.0,LOS ANGELES,Los Angeles,Los Angeles County,Los Angeles County,not_flagged,verified_address,in_la_county,include_default_map,verified address in Los Angeles County
lacdmh-sa4-19HR-472,"1018 MOHAWK ST., LOS ANGELES, CA 90026-3131",-118.265083,34.07668,"1018 Mohawk Street, Los Angeles, California 90026, United States",success,high,,"{""address_number"":""matched"",""street"":""matched"",""postcode"":""unmatched"",""place"":""matched"",""region"":""matched"",""locality"":""not_applicable"",""country"":""inferred"",""confidence"":""high""}",verified,,CA,CA,90026,90026.0,LOS ANGELES,Los Angeles,Los Angeles County,Los Angeles County,not_flagged,verified_address,in_la_county,include_default_map,verified address in Los Angeles County
lacdmh-sa4-19BH-473,"510 S. VERMONT AVE. 21ST FL., LOS ANGELES, CA 90020-1912",-118.291341,34.064974,"510 South Vermont Avenue, Los Angeles, California 90020, United States",success,high,,"{""address_number"":""matched"",""street"":""matched"",""postcode"":""unmatched"",""place"":""matched"",""region"":""matched"",""locality"":""not_applicable"",""country"":""inferred"",""confidence"":""high""}",verified,,CA,CA,90020,90020.0,LOS ANGELES,Los Angeles,Los Angeles County,Los Angeles County,not_flagged,verified_address,in_la_county,include_default_map,verified address in Los Angeles County
lacdmh-sa4-7630-474,"1224 N. VINE ST.2ND FL., LOS ANGELES, CA 90038-9998",-118.326318,34.093293,"1224 Vine Street, FL 2nd, Los Angeles, California 90038, United States",success,high,,"{""secondary_address"":""plausible"",""address_number"":""matched"",""street"":""matched"",""postcode"":""unmatched"",""place"":""matched"",""region"":""matched"",""locality"":""not_applicable"",""country"":""inferred"",""confidence"":""high""}",verified,,CA,CA,90038,90038.0,LOS ANGELES,Los Angeles,Los Angeles County,Los Angeles County,not_flagged,verified_address,in_la_county,include_default_map,verified address in Los Angeles County
lacdmh-sa4-7788-475,"550 SOUTH VERMONT AVENUE, LOS ANGELES, CA 90020-1912",-118.291455,34.064035,"550 South Vermont Avenue, Los Angeles, California 90020, United States",success,high,,"{""address_number"":""matched"",""street"":""matched"",""postcode"":""unmatched"",""place"":""matched"",""region"":""matched"",""locality"":""not_applicable"",""country"":""inferred"",""confidence"":""high""}",verified,,CA,CA,90020,90020.0,LOS ANGELES,Los Angeles,Los Angeles County,Los Angeles County,not_flagged,verified_address,in_la_county,include_default_map,verified address in Los Angeles County
lacdmh-sa4-7057-476,"529 S MAPLE AVE, LOS ANGELES, CA 90013-1511",-118.247535,34.044833,"529 Maple Avenue, Los Angeles, California 90013, United States",success,high,,"{""address_number"":""matched"",""street"":""matched"",""postcode"":""unmatched"",""place"":""matched"",""region"":""matched"",""locality"":""not_applicable"",""country"":""inferred"",""confidence"":""high""}",verified,,CA,CA,90013,90013.0,LOS ANGELES,Los Angeles,Los Angeles County,Los Angeles County,not_flagged,verified_address,in_la_county,include_default_map,verified address in Los Angeles County
lacdmh-sa4-7706-477,"631-B MAPLE AVENUE, LOS ANGELES, CA 90014-2211",-118.248668,34.043213,"631 Maple Avenue, #B, Los Angeles, California 90014, United States",success,high,,"{""secondary_address"":""plausible"",""address_number"":""matched"",""street"":""matched"",""postcode"":""unmatched"",""place"":""matched"",""region"":""matched"",""locality"":""not_applicable"",""country"":""inferred"",""confidence"":""high""}",verified,,CA,CA,90014,90014.0,LOS ANGELES,Los Angeles,Los Angeles County,Los Angeles County,not_flagged,verified_address,in_la_county,include_default_map,verified address in Los Angeles County
lacdmh-sa4-7581-478,"1157 LEMOYNE ST., LOS ANGELES, CA 90026-3206",-118.259784,34.077445,"1157 Lemoyne Street, Los Angeles, California 90026, United States",success,high,,"{""address_number"":""matched"",""street"":""matched"",""postcode"":""unmatched"",""place"":""matched"",""region"":""matched"",""locality"":""not_applicable"",""country"":""inferred"",""confidence"":""high""}",verified,,CA,CA,90026,90026.0,LOS ANGELES,Los Angeles,Los Angeles County,Los Angeles County,not_flagged,verified_address,in_la_county,include_default_map,verified address in Los Angeles County
lacdmh-sa4-7255-479,"560 S ST LOUIS ST, LOS ANGELES, CA 90033-4320",-118.21715,34.03916,"560 South Saint Louis Street, Los Angeles, California 90033, United States",success,high,,"{""address_number"":""matched"",""street"":""matched"",""postcode"":""unmatched"",""place"":""matched"",""region"":""matched"",""locality"":""not_applicable"",""country"":""inferred"",""confidence"":""high""}",verified,,CA,CA,90033,90033.0,LOS ANGELES,Los Angeles,Los Angeles County,Los Angeles County,not_flagged,verified_address,in_la_county,include_default_map,verified address in Los Angeles County
lacdmh-sa4-7472-480,"560 S ST LOUIS ST, LOS ANGELES, CA 90033-4390",-118.21715,34.03916,"560 South Saint Louis Street, Los Angeles, California 90033, United States",success,high,,"{""address_number"":""matched"",""street"":""matched"",""postcode"":""unmatched"",""place"":""matched"",""region"":""matched"",""locality"":""not_applicable"",""country"":""inferred"",""confidence"":""high""}",verified,,CA,CA,90033,90033.0,LOS ANGELES,Los Angeles,Los Angeles County,Los Angeles County,not_flagged,verified_address,in_la_county,include_default_map,verified address in Los Angeles County
lacdmh-sa4-7379-481,"510 S. VERMONT AVE. 21 FL RM 21M12, LOS ANGELES, CA 90020-1992",-118.291341,34.064974,"510 South Vermont Avenue, fl rm 21 21m12, Los Angeles, California 90020, United States",success,high,,"{""secondary_address"":""plausible"",""address_number"":""matched"",""street"":""matched"",""postcode"":""unmatched"",""place"":""matched"",""region"":""matched"",""locality"":""not_applicable"",""country"":""inferred"",""confidence"":""high""}",verified,,CA,CA,90020,90020.0,LOS ANGELES,Los Angeles,Los Angeles County,Los Angeles County,not_flagged,verified_address,in_la_county,include_default_map,verified address in Los Angeles County
lacdmh-sa4-190C-482,"1902 MARENGO ST STE 200C, LOS ANGELES, CA 90033-1382",-118.210119,34.057418,"1902 Marengo Street, STE 200c, Los Angeles, California 90033, United States",success,high,,"{""secondary_address"":""plausible"",""address_number"":""matched"",""street"":""matched"",""postcode"":""unmatched"",""place"":""matched"",""region"":""matched"",""locality"":""not_applicable"",""country"":""inferred"",""confidence"":""high""}",verified,,CA,CA,90033,90033.0,LOS ANGELES,Los Angeles,Los Angeles County,Los Angeles County,not_flagged,verified_address,in_la_county,include_default_map,verified address in Los Angeles County
lacdmh-sa4-19CA-483,"1902 MARENGO ST STE 200B, LOS ANGELES, CA 90033-1382",-118.210119,34.057418,"1902 Marengo Street, STE 200b, Los Angeles, California 90033, United States",success,high,,"{""secondary_address"":""plausible"",""address_number"":""matched"",""street"":""matched"",""postcode"":""unmatched"",""place"":""matched"",""region"":""matched"",""locality"":""not_applicable"",""country"":""inferred"",""confidence"":""high""}",verified,,CA,CA,90033,90033.0,LOS ANGELES,Los Angeles,Los Angeles County,Los Angeles County,not_flagged,verified_address,in_la_county,include_default_map,verified address in Los Angeles County
lacdmh-sa4-7783-484,"1920 MARENGO STREET, LOS ANGELES, CA 90033-1317",-118.209636,34.05736,"1920 Marengo Street, Los Angeles, California 90033, United States",success,high,,"{""address_number"":""matched"",""street"":""matched"",""postcode"":""unmatched"",""place"":""matched"",""region"":""matched"",""locality"":""not_applicable"",""country"":""inferred"",""confidence"":""high""}",verified,,CA,CA,90033,90033.0,LOS ANGELES,Los Angeles,Los Angeles County,Los Angeles County,not_flagged,verified_address,in_la_county,include_default_map,verified address in Los Angeles County
lacdmh-sa4-7796X-485,"1700 E ZONAL AVE UNIT A, LOS ANGELES, CA 90033-1045",-118.2107,34.06168,"1700 Zonal Avenue, UNIT A, Los Angeles, California 90033, United States",success,high,,"{""secondary_address"":""plausible"",""address_number"":""matched"",""street"":""matched"",""postcode"":""unmatched"",""place"":""matched"",""region"":""matched"",""locality"":""not_applicable"",""country"":""inferred"",""confidence"":""high""}",verified,,CA,CA,90033,90033.0,LOS ANGELES,Los Angeles,Los Angeles County,Los Angeles County,not_flagged,verified_address,in_la_county,include_default_map,verified address in Los Angeles County
lacdmh-sa4-8188-486,"504 N. BEDFORD DR., BEVERLY HILLS, CA 90210-4817",-118.406944,34.070296,"504 North Bedford Drive, Beverly Hills, California 90210, United States",success,high,,"{""address_number"":""matched"",""street"":""matched"",""postcode"":""unmatched"",""place"":""matched"",""region"":""matched"",""locality"":""not_applicable"",""country"":""inferred"",""confidence"":""high""}",verified,,CA,CA,90210,90210.0,BEVERLY HILLS,Beverly Hills,Los Angeles County,Los Angeles County,not_flagged,verified_address,in_la_county,include_default_map,verified address in Los Angeles County
lacdmh-sa4-7147-487,"135 N PARK VIEW STREET, LOS ANGELES, CA 90026-5215",-118.273581,34.069279,"135 North Park View Street, Los Angeles, California 90026, United States",success,high,,"{""address_number"":""matched"",""street"":""matched"",""postcode"":""unmatched"",""place"":""matched"",""region"":""matched"",""locality"":""not_applicable"",""country"":""inferred"",""confidence"":""high""}",verified,,CA,CA,90026,90026.0,LOS ANGELES,Los Angeles,Los Angeles County,Los Angeles County,not_flagged,verified_address,in_la_county,include_default_map,verified address in Los Angeles County
lacdmh-sa4-1982-488,"1891 EFFIE ST., LOS ANGELES, CA 90026-1711",-118.256644,34.085051,"1891 Effie Street, Los Angeles, California 90026, United States",success,high,,"{""address_number"":""matched"",""street"":""matched"",""postcode"":""unmatched"",""place"":""matched"",""region"":""matched"",""locality"":""not_applicable"",""country"":""inferred"",""confidence"":""high""}",verified,,CA,CA,90026,90026.0,LOS ANGELES,Los Angeles,Los Angeles County,Los Angeles County,not_flagged,verified_address,in_la_county,include_default_map,verified address in Los Angeles County
lacdmh-sa4-7957-489,"711 W COLLEGE ST 4TH FL, LOS ANGELES, CA 90012-3177",-118.241209,34.065704,"711 West College Street, Los Angeles, California 90012, United States",success,high,,"{""address_number"":""matched"",""street"":""matched"",""postcode"":""unmatched"",""place"":""matched"",""region"":""matched"",""locality"":""not_applicable"",""country"":""inferred"",""confidence"":""high""}",verified,,CA,CA,90012,90012.0,LOS ANGELES,Los Angeles,Los Angeles County,Los Angeles County,not_flagged,verified_address,in_la_county,include_default_map,verified address in Los Angeles County
lacdmh-sa4-6757-490,"433 N. HOOVER ST., LOS ANGELES, CA 90004-2306",-118.28463,34.07874,"433 North Hoover Street, Los Angeles, California 90004, United States",success,high,,"{""address_number"":""matched"",""street"":""matched"",""postcode"":""unmatched"",""place"":""matched"",""region"":""matched"",""locality"":""not_applicable"",""country"":""inferred"",""confidence"":""high""}",verified,,CA,CA,90004,90004.0,LOS ANGELES,Los Angeles,Los Angeles County,Los Angeles County,not_flagged,verified_address,in_la_county,include_default_map,verified address in Los Angeles County
lacdmh-sa4-1907-491,"320 N. MADISON AVE. STE.B, LOS ANGELES, CA 90004-3791",-118.288994,34.077049,"320 North Madison Avenue, STE B, Los Angeles, California 90004, United States",success,high,,"{""secondary_address"":""plausible"",""address_number"":""matched"",""street"":""matched"",""postcode"":""unmatched"",""place"":""matched"",""region"":""matched"",""locality"":""not_applicable"",""country"":""inferred"",""confidence"":""high""}",verified,,CA,CA,90004,90004.0,LOS ANGELES,Los Angeles,Los Angeles County,Los Angeles County,not_flagged,verified_address,in_la_county,include_default_map,verified address in Los Angeles County
lacdmh-sa4-7412-492,"423 N. HOOVER ST., LOS ANGELES, CA 90004-2306",-118.284715,34.07847,"423 North Hoover Street, Los Angeles, California 90004, United States",success,high,,"{""address_number"":""matched"",""street"":""matched"",""postcode"":""unmatched"",""place"":""matched"",""region"":""matched"",""locality"":""not_applicable"",""country"":""inferred"",""confidence"":""high""}",verified,,CA,CA,90004,90004.0,LOS ANGELES,Los Angeles,Los Angeles County,Los Angeles County,not_flagged,verified_address,in_la_county,include_default_map,verified address in Los Angeles County
lacdmh-sa4-7470-493,"1338 S. GRAND AVE., LOS ANGELES, CA 90015-3009",-118.264782,34.037773,"1338 South Grand Avenue, Los Angeles, California 90015, United States",success,high,,"{""address_number"":""matched"",""street"":""matched"",""postcode"":""unmatched"",""place"":""matched"",""region"":""matched"",""locality"":""not_applicable"",""country"":""inferred"",""confidence"":""high""}",verified,,CA,CA,90015,90015.0,LOS ANGELES,Los Angeles,Los Angeles County,Los Angeles County,not_flagged,verified_address,in_la_county,include_default_map,verified address in Los Angeles County
lacdmh-sa4-7671-494,"4063 WHITTIER BLVD. STE. 202, LOS ANGELES, CA 90023-2536",-118.184032,34.024061,"4063 Whittier Boulevard, STE 202, Los Angeles, California 90023, United States",success,high,,"{""secondary_address"":""plausible"",""address_number"":""matched"",""street"":""matched"",""postcode"":""unmatched"",""place"":""matched"",""region"":""matched"",""locality"":""not_applicable"",""country"":""inferred"",""confidence"":""high""}",verified,,CA,CA,90023,90023.0,LOS ANGELES,Los Angeles,Los Angeles County,Los Angeles County,not_flagged,verified_address,in_la_county,include_default_map,verified address in Los Angeles County
lacdmh-sa4-7241-495,"510 S. VERMONT AVE 17TH FLOOR, LOS ANGELES, CA 90020-1992",-118.291341,34.064974,"510 South Vermont Avenue, Los Angeles, California 90020, United States",success,high,,"{""address_number"":""matched"",""street"":""matched"",""postcode"":""unmatched"",""place"":""matched"",""region"":""matched"",""locality"":""not_applicable"",""country"":""inferred"",""confidence"":""high""}",verified,,CA,CA,90020,90020.0,LOS ANGELES,Los Angeles,Los Angeles County,Los Angeles County,not_flagged,verified_address,in_la_county,include_default_map,verified address in Los Angeles County
lacdmh-sa4-19BG-496,"510 S. VERMONT AVE. 21ST FL., LOS ANGELES, CA 90020-1912",-118.291341,34.064974,"510 South Vermont Avenue, Los Angeles, California 90020, United States",success,high,,"{""address_number"":""matched"",""street"":""matched"",""postcode"":""unmatched"",""place"":""matched"",""region"":""matched"",""locality"":""not_applicable"",""country"":""inferred"",""confidence"":""high""}",verified,,CA,CA,90020,90020.0,LOS ANGELES,Los Angeles,Los Angeles County,Los Angeles County,not_flagged,verified_address,in_la_county,include_default_map,verified address in Los Angeles County
lacdmh-sa4-7461-497,"220 S. RAYMOND AVE. STE. 101, PASADENA, CA 91105-4109",-118.14834,34.14098,"220 South Raymond Avenue, #101, Pasadena, California 91105, United States",success,high,,"{""secondary_address"":""matched"",""address_number"":""matched"",""street"":""matched"",""postcode"":""unmatched"",""place"":""matched"",""region"":""matched"",""locality"":""not_applicable"",""country"":""inferred"",""confidence"":""high""}",verified,,CA,CA,91105,91105.0,PASADENA,Pasadena,Los Angeles County,Los Angeles County,not_flagged,verified_address,in_la_county,include_default_map,verified address in Los Angeles County
lacdmh-sa4-7785-498,"3600 WILSHIRE BLVD. STE. 2200, LOS ANGELES, CA 90010-2632",-118.303626,34.060699,"3600 Wilshire Boulevard, STE 2200, Los Angeles, California 90010, United States",success,high,,"{""secondary_address"":""matched"",""address_number"":""matched"",""street"":""matched"",""postcode"":""unmatched"",""place"":""matched"",""region"":""matched"",""locality"":""not_applicable"",""country"":""inferred"",""confidence"":""high""}",verified,,CA,CA,90010,90010.0,LOS ANGELES,Los Angeles,Los Angeles County,Los Angeles County,not_flagged,verified_address,in_la_county,include_default_map,verified address in Los Angeles County
lacdmh-sa4-7645-499,"4927 HUNTINGTON DR. N. STE. 200, LOS ANGELES, CA 90032-1679",-118.176265,34.087335,"4927 Huntington Drive, STE 200, Los Angeles, California 90032, United States",success,high,,"{""secondary_address"":""plausible"",""address_number"":""matched"",""street"":""matched"",""postcode"":""unmatched"",""place"":""matched"",""region"":""matched"",""locality"":""not_applicable"",""country"":""inferred"",""confidence"":""high""}",verified,,CA,CA,90032,90032.0,LOS ANGELES,Los Angeles,Los Angeles County,Los Angeles County,not_flagged,verified_address,in_la_county,include_default_map,verified address in Los Angeles County
lacdmh-sa4-19KF-500,"940 N. AVE. 65, LOS ANGELES, CA 90042-1542",-118.175747,34.123462,"940 North Avenue 65, Los Angeles, California 90042, United States",success,high,,"{""address_number"":""matched"",""street"":""matched"",""postcode"":""unmatched"",""place"":""matched"",""region"":""matched"",""locality"":""not_applicable"",""country"":""inferred"",""confidence"":""high""}",verified,,CA,CA,90042,90042.0,LOS ANGELES,Los Angeles,Los Angeles County,Los Angeles County,not_flagged,verified_address,in_la_county,include_default_map,verified address in Los Angeles County
lacdmh-sa4-1909-501,"1224 N. VINE ST., LOS ANGELES, CA 90038-1612",-118.326318,34.093293,"1224 Vine Street, Los Angeles, California 90038, United States",success,high,,"{""address_number"":""matched"",""street"":""matched"",""postcode"":""unmatched"",""place"":""matched"",""region"":""matched"",""locality"":""not_applicable"",""country"":""inferred"",""confidence"":""high""}",verified,,CA,CA,90038,90038.0,LOS ANGELES,Los Angeles,Los Angeles County,Los Angeles County,not_flagged,verified_address,in_la_county,include_default_map,verified address in Los Angeles County
lacdmh-sa4-7771-502,"947 COLE AVENUE, LOS ANGELES, CA 90038-2610",-118.33026,34.0885,"947 Cole Avenue, Los Angeles, California 90038, United States",success,high,,"{""address_number"":""matched"",""street"":""matched"",""postcode"":""unmatched"",""place"":""matched"",""region"":""matched"",""locality"":""not_applicable"",""country"":""inferred"",""confidence"":""high""}",verified,,CA,CA,90038,90038.0,LOS ANGELES,Los Angeles,Los Angeles County,Los Angeles County,not_flagged,verified_address,in_la_county,include_default_map,verified address in Los Angeles County
lacdmh-sa4-19KY-503,"5000 W. SUNSET. BLVD. STE. 600, LOS ANGELES, CA 90027-5863",-118.298604,34.097785,"5000 West Sunset Boulevard, STE 600, Los Angeles, California 90027, United States",success,high,,"{""secondary_address"":""matched"",""address_number"":""matched"",""street"":""matched"",""postcode"":""unmatched"",""place"":""matched"",""region"":""matched"",""locality"":""not_applicable"",""country"":""inferred"",""confidence"":""high""}",verified,,CA,CA,90027,90027.0,LOS ANGELES,Los Angeles,Los Angeles County,Los Angeles County,not_flagged,verified_address,in_la_county,include_default_map,verified address in Los Angeles County
lacdmh-sa4-7739-504,"5000 SUNSET BLVD SUITE 600, LOS ANGELES, CA 90027-5861",-118.298604,34.097785,"5000 West Sunset Boulevard, STE 600, Los Angeles, California 90027, United States",success,medium,,"{""secondary_address"":""matched"",""address_number"":""matched"",""street"":""unmatched"",""postcode"":""unmatched"",""place"":""matched"",""region"":""matched"",""locality"":""not_applicable"",""country"":""inferred"",""confidence"":""medium""}",needs_review,medium_confidence;street_not_matched,CA,CA,90027,90027.0,LOS ANGELES,Los Angeles,Los Angeles County,Los Angeles County,not_flagged,needs_review_address,in_la_county,manual_review,address match quality needs review
lacdmh-sa4-19L1-505,"222 S HILL ST 5TH FL, LOS ANGELES, CA 90012-3508",-118.248067,34.052423,"222 South Hill Street, Los Angeles, California 90012, United States",success,high,,"{""address_number"":""matched"",""street"":""matched"",""postcode"":""unmatched"",""place"":""matched"",""region"":""matched"",""locality"":""not_applicable"",""country"":""inferred"",""confidence"":""high""}",verified,,CA,CA,90012,90012.0,LOS ANGELES,Los Angeles,Los Angeles County,Los Angeles County,not_flagged,verified_address,in_la_county,include_default_map,verified address in Los Angeles County
lacdmh-sa4-19MS-506,"222 S HILL ST 5TH FL, LOS ANGELES, CA 90012-3508",-118.248067,34.052423,"222 South Hill Street, Los Angeles, California 90012, United States",success,high,,"{""address_number"":""matched"",""street"":""matched"",""postcode"":""unmatched"",""place"":""matched"",""region"":""matched"",""locality"":""not_applicable"",""country"":""inferred"",""confidence"":""high""}",verified,,CA,CA,90012,90012.0,LOS ANGELES,Los Angeles,Los Angeles County,Los Angeles County,not_flagged,verified_address,in_la_county,include_default_map,verified address in Los Angeles County
lacdmh-sa4-19L9-507,"4112 E OLYMPIC BLVD, LOS ANGELES, CA 90023-3313",-118.185387,34.018185,"4112 East Olympic Boulevard, Los Angeles, California 90023, United States",success,high,,"{""address_number"":""matched"",""street"":""matched"",""postcode"":""unmatched"",""place"":""matched"",""region"":""matched"",""locality"":""not_applicable"",""country"":""inferred"",""confidence"":""high""}",verified,,CA,CA,90023,90023.0,LOS ANGELES,Los Angeles,Los Angeles County,Los Angeles County,not_flagged,verified_address,in_la_county,include_default_map,verified address in Los Angeles County
lacdmh-sa4-19GE-508,"820 N. AVE. 54, LOS ANGELES, CA 90042-2428",-118.19885,34.115733,"820 North Avenue 54, Los Angeles, California 90042, United States",success,high,,"{""address_number"":""matched"",""street"":""matched"",""postcode"":""unmatched"",""place"":""matched"",""region"":""matched"",""locality"":""not_applicable"",""country"":""inferred"",""confidence"":""high""}",verified,,CA,CA,90042,90042.0,LOS ANGELES,Los Angeles,Los Angeles County,Los Angeles County,not_flagged,verified_address,in_la_county,include_default_map,verified address in Los Angeles County
lacdmh-sa4-8345-509,"7250 FRANKLIN AVE. STE. 1115, LOS ANGELES, CA 90046-3046",-118.347467,34.102939,"7250 Franklin Avenue, UNIT 1115, Los Angeles, California 90046, United States",success,high,,"{""secondary_address"":""matched"",""address_number"":""matched"",""street"":""matched"",""postcode"":""unmatched"",""place"":""matched"",""region"":""matched"",""locality"":""not_applicable"",""country"":""inferred"",""confidence"":""high""}",verified,,CA,CA,90046,90046.0,LOS ANGELES,Los Angeles,Los Angeles County,Los Angeles County,not_flagged,verified_address,in_la_county,include_default_map,verified address in Los Angeles County
lacdmh-sa4-7312-510,"3580 WILSHIRE BLVD STE 2000, 2025 & 2050, LOS ANGELES, CA 90010-2501",-118.302801,34.061241,"3580 Wilshire Boulevard, STE 2000, Los Angeles, California 90010, United States",success,high,,"{""secondary_address"":""matched"",""address_number"":""matched"",""street"":""matched"",""postcode"":""unmatched"",""place"":""matched"",""region"":""matched"",""locality"":""not_applicable"",""country"":""inferred"",""confidence"":""high""}",verified,,CA,CA,90010,90010.0,LOS ANGELES,Los Angeles,Los Angeles County,Los Angeles County,not_flagged,verified_address,in_la_county,include_default_map,verified address in Los Angeles County
lacdmh-sa4-19JY-511,"330 N. FAIRFAX AVE., LOS ANGELES, CA 90036-2109",-118.361236,34.077039,"330 North Fairfax Avenue, Los Angeles, California 90036, United States",success,high,,"{""address_number"":""matched"",""street"":""matched"",""postcode"":""unmatched"",""place"":""matched"",""region"":""matched"",""locality"":""not_applicable"",""country"":""inferred"",""confidence"":""high""}",verified,,CA,CA,90036,90036.0,LOS ANGELES,Los Angeles,Los Angeles County,Los Angeles County,not_flagged,verified_address,in_la_county,include_default_map,verified address in Los Angeles County
lacdmh-sa4-7694-512,"12821 VICTORY BLVD., NORTH HOLLYWOOD, CA 91606-3012",-118.412506,34.186846,"12821 Victory Boulevard, North Hollywood, California 91606, United States",success,high,,"{""address_number"":""matched"",""street"":""matched"",""postcode"":""unmatched"",""place"":""matched"",""region"":""matched"",""locality"":""not_applicable"",""country"":""inferred"",""confidence"":""high""}",verified,,CA,CA,91606,91606.0,NORTH HOLLYWOOD,North Hollywood,Los Angeles County,Los Angeles County,not_flagged,verified_address,in_la_county,include_default_map,verified address in Los Angeles County
lacdmh-sa4-7727-513,"521 S. SAN PEDRO ST., LOS ANGELES, CA 90013-2148",-118.244587,34.043617,"521 South San Pedro Street, Los Angeles, California 90013, United States",success,high,,"{""address_number"":""matched"",""street"":""matched"",""postcode"":""unmatched"",""place"":""matched"",""region"":""matched"",""locality"":""not_applicable"",""country"":""inferred"",""confidence"":""high""}",verified,,CA,CA,90013,90013.0,LOS ANGELES,Los Angeles,Los Angeles County,Los Angeles County,not_flagged,verified_address,in_la_county,include_default_map,verified address in Los Angeles County
lacdmh-sa4-7727B-514,"522 S. SAN PEDRO ST., LOS ANGELES, CA 90013-2102",-118.24416,34.043464,"522 South San Pedro Street, Los Angeles, California 90013, United States",success,high,,"{""address_number"":""matched"",""street"":""matched"",""postcode"":""unmatched"",""place"":""matched"",""region"":""matched"",""locality"":""not_applicable"",""country"":""inferred"",""confidence"":""high""}",verified,,CA,CA,90013,90013.0,LOS ANGELES,Los Angeles,Los Angeles County,Los Angeles County,not_flagged,verified_address,in_la_county,include_default_map,verified address in Los Angeles County
lacdmh-sa4-7825-515,"3727 W 6TH STREET STE 320, LOS ANGELES, CA 90020-5105",-118.303727,34.063963,"3727 West 6th Street, STE 320, Los Angeles, California 90020, United States",success,medium,,"{""secondary_address"":""matched"",""address_number"":""matched"",""street"":""unmatched"",""postcode"":""unmatched"",""place"":""matched"",""region"":""matched"",""locality"":""not_applicable"",""country"":""inferred"",""confidence"":""medium""}",needs_review,medium_confidence;street_not_matched,CA,CA,90020,90020.0,LOS ANGELES,Los Angeles,Los Angeles County,Los Angeles County,not_flagged,needs_review_address,in_la_county,manual_review,address match quality needs review
lacdmh-sa4-19KJ-516,"510 S. VERMONT AVE., LOS ANGELES, CA 90020-1992",-118.291341,34.064974,"510 South Vermont Avenue, Los Angeles, California 90020, United States",success,high,,"{""address_number"":""matched"",""street"":""matched"",""postcode"":""unmatched"",""place"":""matched"",""region"":""matched"",""locality"":""not_applicable"",""country"":""inferred"",""confidence"":""high""}",verified,,CA,CA,90020,90020.0,LOS ANGELES,Los Angeles,Los Angeles County,Los Angeles County,not_flagged,verified_address,in_la_county,include_default_map,verified address in Los Angeles County
lacdmh-sa4-7103-517,"3727 W. 6TH ST. STE. 402, LOS ANGELES, CA 90020-5112",-118.303727,34.063963,"3727 West 6th Street, STE 402, Los Angeles, California 90020, United States",success,high,,"{""secondary_address"":""matched"",""address_number"":""matched"",""street"":""matched"",""postcode"":""unmatched"",""place"":""matched"",""region"":""matched"",""locality"":""not_applicable"",""country"":""inferred"",""confidence"":""high""}",verified,,CA,CA,90020,90020.0,LOS ANGELES,Los Angeles,Los Angeles County,Los Angeles County,not_flagged,verified_address,in_la_county,include_default_map,verified address in Los Angeles County
lacdmh-sa4-7520-518,"4099 N. MISSION RD., LOS ANGELES, CA 90032-2554",-118.195115,34.076435,"4099 Mission Road, Los Angeles, California 90032, United States",success,high,,"{""address_number"":""matched"",""street"":""matched"",""postcode"":""unmatched"",""place"":""matched"",""region"":""matched"",""locality"":""not_applicable"",""country"":""inferred"",""confidence"":""high""}",verified,,CA,CA,90032,90032.0,LOS ANGELES,Los Angeles,Los Angeles County,Los Angeles County,not_flagged,verified_address,in_la_county,include_default_map,verified address in Los Angeles County
lacdmh-sa4-7106-519,"1625 SCHRADER BLVD, LOS ANGELES, CA 90028-6213",-118.332593,34.100459,"1625 Schrader Boulevard, Los Angeles, California 90028, United States",success,high,,"{""address_number"":""matched"",""street"":""matched"",""postcode"":""unmatched"",""place"":""matched"",""region"":""matched"",""locality"":""not_applicable"",""country"":""inferred"",""confidence"":""high""}",verified,,CA,CA,90028,90028.0,LOS ANGELES,Los Angeles,Los Angeles County,Los Angeles County,not_flagged,verified_address,in_la_county,include_default_map,verified address in Los Angeles County
lacdmh-sa4-1956-520,"2051 MARENGO ST, LOS ANGELES, CA 90033-1352",-118.207895,34.057677,"2051 Marengo Street, Los Angeles, California 90033, United States",success,high,,"{""address_number"":""matched"",""street"":""matched"",""postcode"":""unmatched"",""place"":""matched"",""region"":""matched"",""locality"":""not_applicable"",""country"":""inferred"",""confidence"":""high""}",verified,,CA,CA,90033,90033.0,LOS ANGELES,Los Angeles,Los Angeles County,Los Angeles County,not_flagged,verified_address,in_la_county,include_default_map,verified address in Los Angeles County
lacdmh-sa4-7170-521,"510 S. VERMONT AVE. 21ST FL., LOS ANGELES, CA 90020-1912",-118.291341,34.064974,"510 South Vermont Avenue, Los Angeles, California 90020, United States",success,high,,"{""address_number"":""matched"",""street"":""matched"",""postcode"":""unmatched"",""place"":""matched"",""region"":""matched"",""locality"":""not_applicable"",""country"":""inferred"",""confidence"":""high""}",verified,,CA,CA,90020,90020.0,LOS ANGELES,Los Angeles,Los Angeles County,Los Angeles County,not_flagged,verified_address,in_la_county,include_default_map,verified address in Los Angeles County
lacdmh-sa4-8461-522,"898 N. FAIR OAKS SUITE G, PASADENA, CA 91103-3067",-118.150146,34.160965,"898 North Fair Oaks Avenue, STE G, Pasadena, California 91103, United States",success,medium,,"{""secondary_address"":""matched"",""address_number"":""matched"",""street"":""unmatched"",""postcode"":""unmatched"",""place"":""matched"",""region"":""matched"",""locality"":""not_applicable"",""country"":""inferred"",""confidence"":""medium""}",needs_review,medium_confidence;street_not_matched,CA,CA,91103,91103.0,PASADENA,Pasadena,Los Angeles County,Los Angeles County,not_flagged,needs_review_address,in_la_county,manual_review,address match quality needs review
lacdmh-sa4-1914-523,"3303 N. BROADWAY 3RD, 4TH FL., LOS ANGELES, CA 90031-0061",-118.205924,34.073964,"3303 North Broadway, FL 3rd, Los Angeles, California 90031, United States",success,high,,"{""secondary_address"":""plausible"",""address_number"":""matched"",""street"":""matched"",""postcode"":""unmatched"",""place"":""matched"",""region"":""matched"",""locality"":""not_applicable"",""country"":""inferred"",""confidence"":""high""}",verified,,CA,CA,90031,90031.0,LOS ANGELES,Los Angeles,Los Angeles County,Los Angeles County,not_flagged,verified_address,in_la_county,include_default_map,verified address in Los Angeles County
lacdmh-sa4-19LJ-524,"3303 N BROADWAY FL 3 AND FL 4, LOS ANGELES, CA 90031-2803",-118.205924,34.073964,"3303 North Broadway, FL 3 and fl 4, Los Angeles, California 90031, United States",success,high,,"{""secondary_address"":""plausible"",""address_number"":""matched"",""street"":""matched"",""postcode"":""unmatched"",""place"":""matched"",""region"":""matched"",""locality"":""not_applicable"",""country"":""inferred"",""confidence"":""high""}",verified,,CA,CA,90031,90031.0,LOS ANGELES,Los Angeles,Los Angeles County,Los Angeles County,not_flagged,verified_address,in_la_county,include_default_map,verified address in Los Angeles County
lacdmh-sa4-19K1-525,"222 S. HILL ST. 4TH FL., LOS ANGELES, CA 90012-3508",-118.248067,34.052423,"222 South Hill Street, Los Angeles, California 90012, United States",success,high,,"{""address_number"":""matched"",""street"":""matched"",""postcode"":""unmatched"",""place"":""matched"",""region"":""matched"",""locality"":""not_applicable"",""country"":""inferred"",""confidence"":""high""}",verified,,CA,CA,90012,90012.0,LOS ANGELES,Los Angeles,Los Angeles County,Los Angeles County,not_flagged,verified_address,in_la_county,include_default_map,verified address in Los Angeles County
lacdmh-sa4-7786-526,"550 SOUTH VERMONT AVE STE 601, LOS ANGELES, CA 90020-1912",-118.291455,34.064035,"550 South Vermont Avenue, STE 601, Los Angeles, California 90020, United States",success,high,,"{""secondary_address"":""plausible"",""address_number"":""matched"",""street"":""matched"",""postcode"":""unmatched"",""place"":""matched"",""region"":""matched"",""locality"":""not_applicable"",""country"":""inferred"",""confidence"":""high""}",verified,,CA,CA,90020,90020.0,LOS ANGELES,Los Angeles,Los Angeles County,Los Angeles County,not_flagged,verified_address,in_la_county,include_default_map,verified address in Los Angeles County
lacdmh-sa4-7963-527,"527 CROCKER ST., LOS ANGELES, CA 90013-2116",-118.243512,34.042868,"527 Crocker Street, Los Angeles, California 90013, United States",success,high,,"{""address_number"":""matched"",""street"":""matched"",""postcode"":""unmatched"",""place"":""matched"",""region"":""matched"",""locality"":""not_applicable"",""country"":""inferred"",""confidence"":""high""}",verified,,CA,CA,90013,90013.0,LOS ANGELES,Los Angeles,Los Angeles County,Los Angeles County,not_flagged,verified_address,in_la_county,include_default_map,verified address in Los Angeles County
lacdmh-sa4-1946-528,"6957 N. FIGUEROA ST., LOS ANGELES, CA 90042-1245",-118.18799,34.12877,"6957 North Figueroa Street, Los Angeles, California 90042, United States",success,high,,"{""address_number"":""matched"",""street"":""matched"",""postcode"":""unmatched"",""place"":""matched"",""region"":""matched"",""locality"":""not_applicable"",""country"":""inferred"",""confidence"":""high""}",verified,,CA,CA,90042,90042.0,LOS ANGELES,Los Angeles,Los Angeles County,Los Angeles County,not_flagged,verified_address,in_la_county,include_default_map,verified address in Los Angeles County
lacdmh-sa4-1933-529,"1635 SILVER OAK TER, LOS ANGELES, CA 90041-3121",-118.202415,34.13049,"1635 Silver Oak Terrace, Los Angeles, California 90041, United States",success,high,,"{""address_number"":""matched"",""street"":""matched"",""postcode"":""unmatched"",""place"":""matched"",""region"":""matched"",""locality"":""not_applicable"",""country"":""inferred"",""confidence"":""high""}",verified,,CA,CA,90041,90041.0,LOS ANGELES,Los Angeles,Los Angeles County,Los Angeles County,not_flagged,verified_address,in_la_county,include_default_map,verified address in Los Angeles County
lacdmh-sa4-7644-530,"695 S. VERMONT AVENUE 15TH FLOOR, LOS ANGELES, CA 90005-1349",-118.291926,34.060104,"695 South Vermont Avenue, Los Angeles, California 90005, United States",success,high,,"{""address_number"":""matched"",""street"":""matched"",""postcode"":""unmatched"",""place"":""matched"",""region"":""matched"",""locality"":""not_applicable"",""country"":""inferred"",""confidence"":""high""}",verified,,CA,CA,90005,90005.0,LOS ANGELES,Los Angeles,Los Angeles County,Los Angeles County,not_flagged,verified_address,in_la_county,include_default_map,verified address in Los Angeles County
lacdmh-sa4-7749-531,"815 N. EL CENTRO AVE., LOS ANGELES, CA 90038-3805",-118.32521,34.085634,"815 El Centro Avenue, Los Angeles, California 90038, United States",success,high,,"{""address_number"":""matched"",""street"":""matched"",""postcode"":""unmatched"",""place"":""matched"",""region"":""matched"",""locality"":""not_applicable"",""country"":""inferred"",""confidence"":""high""}",verified,,CA,CA,90038,90038.0,LOS ANGELES,Los Angeles,Los Angeles County,Los Angeles County,not_flagged,verified_address,in_la_county,include_default_map,verified address in Los Angeles County
lacdmh-sa4-19IY-532,"679 S. NEW HAMPSHIRE AVE. STE. 400, LOS ANGELES, CA 90005-1355",-118.293043,34.060813,"679 South New Hampshire Avenue, STE 400, Los Angeles, California 90005, United States",success,high,,"{""secondary_address"":""plausible"",""address_number"":""matched"",""street"":""matched"",""postcode"":""unmatched"",""place"":""matched"",""region"":""matched"",""locality"":""not_applicable"",""country"":""inferred"",""confidence"":""high""}",verified,,CA,CA,90005,90005.0,LOS ANGELES,Los Angeles,Los Angeles County,Los Angeles County,not_flagged,verified_address,in_la_county,include_default_map,verified address in Los Angeles County
lacdmh-sa4-7794-533,"600 S COMMONWEALTH AVE 6TH FL, LOS ANGELES, CA 90005-4001",-118.285211,34.063228,"600 South Commonwealth Avenue, Los Angeles, California 90005, United States",success,high,,"{""address_number"":""matched"",""street"":""matched"",""postcode"":""unmatched"",""place"":""matched"",""region"":""matched"",""locality"":""not_applicable"",""country"":""inferred"",""confidence"":""high""}",verified,,CA,CA,90005,90005.0,LOS ANGELES,Los Angeles,Los Angeles County,Los Angeles County,not_flagged,verified_address,in_la_county,include_default_map,verified address in Los Angeles County
lacdmh-sa4-19JQ-534,"510 S VERMONT AVE 21ST FL R 21M12, LOS ANGELES, CA 90020-1912",-118.291341,34.064974,"510 South Vermont Avenue, FL 21st 21m12, Los Angeles, California 90020, United States",success,high,,"{""secondary_address"":""plausible"",""address_number"":""matched"",""street"":""matched"",""postcode"":""unmatched"",""place"":""matched"",""region"":""matched"",""locality"":""not_applicable"",""country"":""inferred"",""confidence"":""high""}",verified,,CA,CA,90020,90020.0,LOS ANGELES,Los Angeles,Los Angeles County,Los Angeles County,not_flagged,verified_address,in_la_county,include_default_map,verified address in Los Angeles County
lacdmh-sa4-19CC-535,"222 S. HILL ST., 6TH FL. STE. 600, LOS ANGELES, CA 90012-3523",-118.247881,34.05239,"222 South Hill Street, STE 600, Los Angeles, California 90012, United States",success,high,,"{""secondary_address"":""matched"",""address_number"":""matched"",""street"":""matched"",""postcode"":""unmatched"",""place"":""matched"",""region"":""matched"",""locality"":""not_applicable"",""country"":""inferred"",""confidence"":""high""}",verified,,CA,CA,90012,90012.0,LOS ANGELES,Los Angeles,Los Angeles County,Los Angeles County,not_flagged,verified_address,in_la_county,include_default_map,verified address in Los Angeles County
lacdmh-sa4-7759-536,"521 S SAN PEDRO ST, LOS ANGELES, CA 90013-2148",-118.244587,34.043617,"521 South San Pedro Street, Los Angeles, California 90013, United States",success,high,,"{""address_number"":""matched"",""street"":""matched"",""postcode"":""unmatched"",""place"":""matched"",""region"":""matched"",""locality"":""not_applicable"",""country"":""inferred"",""confidence"":""high""}",verified,,CA,CA,90013,90013.0,LOS ANGELES,Los Angeles,Los Angeles County,Los Angeles County,not_flagged,verified_address,in_la_county,include_default_map,verified address in Los Angeles County
lacdmh-sa4-7213-537,"510 S. VERMONT AVE. FL. 20, LOS ANGELES, CA 90020-1992",-118.291341,34.064974,"510 South Vermont Avenue, FL 20, Los Angeles, California 90020, United States",success,high,,"{""secondary_address"":""plausible"",""address_number"":""matched"",""street"":""matched"",""postcode"":""unmatched"",""place"":""matched"",""region"":""matched"",""locality"":""not_applicable"",""country"":""inferred"",""confidence"":""high""}",verified,,CA,CA,90020,90020.0,LOS ANGELES,Los Angeles,Los Angeles County,Los Angeles County,not_flagged,verified_address,in_la_county,include_default_map,verified address in Los Angeles County
lacdmh-sa4-8433-538,"7083 HOLLYWOOD BLVD 4090, LOS ANGELES, CA 90028-8907",-118.344385,34.10176,"7083 Hollywood Boulevard, Los Angeles, California 90028, United States",success,high,,"{""address_number"":""matched"",""street"":""matched"",""postcode"":""unmatched"",""place"":""matched"",""region"":""matched"",""locality"":""not_applicable"",""country"":""inferred"",""confidence"":""high""}",verified,,CA,CA,90028,90028.0,LOS ANGELES,Los Angeles,Los Angeles County,Los Angeles County,not_flagged,verified_address,in_la_county,include_default_map,verified address in Los Angeles County
lacdmh-sa4-19JX-539,"919 1ST. ST., SAN FERNANDO, CA 91340-2957",-118.438632,34.283408,"919 1st Street, San Fernando, California 91340, United States",success,high,,"{""address_number"":""matched"",""street"":""matched"",""postcode"":""unmatched"",""place"":""matched"",""region"":""matched"",""locality"":""not_applicable"",""country"":""inferred"",""confidence"":""high""}",verified,,CA,CA,91340,91340.0,SAN FERNANDO,San Fernando,Los Angeles County,Los Angeles County,not_flagged,verified_address,in_la_county,include_default_map,verified address in Los Angeles County
lacdmh-sa4-7995-540,"631-A MAPLE AVE, LOS ANGELES, CA 90014-2211",-118.248668,34.043213,"631 Maple Avenue, #A, Los Angeles, California 90014, United States",success,high,,"{""secondary_address"":""plausible"",""address_number"":""matched"",""street"":""matched"",""postcode"":""unmatched"",""place"":""matched"",""region"":""matched"",""locality"":""not_applicable"",""country"":""inferred"",""confidence"":""high""}",verified,,CA,CA,90014,90014.0,LOS ANGELES,Los Angeles,Los Angeles County,Los Angeles County,not_flagged,verified_address,in_la_county,include_default_map,verified address in Los Angeles County
lacdmh-sa4-19JW-541,"5000 W. SUNSET BLVD. STE. 600, LOS ANGELES, CA 90027-5863",-118.298604,34.097785,"5000 West Sunset Boulevard, STE 600, Los Angeles, California 90027, United States",success,high,,"{""secondary_address"":""matched"",""address_number"":""matched"",""street"":""matched"",""postcode"":""unmatched"",""place"":""matched"",""region"":""matched"",""locality"":""not_applicable"",""country"":""inferred"",""confidence"":""high""}",verified,,CA,CA,90027,90027.0,LOS ANGELES,Los Angeles,Los Angeles County,Los Angeles County,not_flagged,verified_address,in_la_county,include_default_map,verified address in Los Angeles County
lacdmh-sa4-7701-542,"224 E. 6TH ST., LOS ANGELES, CA 90014-2119",-118.248385,34.044025,"224 East 6th Street, Los Angeles, California 90014, United States",success,high,,"{""address_number"":""matched"",""street"":""matched"",""postcode"":""unmatched"",""place"":""matched"",""region"":""matched"",""locality"":""not_applicable"",""country"":""inferred"",""confidence"":""high""}",verified,,CA,CA,90014,90014.0,LOS ANGELES,Los Angeles,Los Angeles County,Los Angeles County,not_flagged,verified_address,in_la_county,include_default_map,verified address in Los Angeles County
lacdmh-sa4-19IQ SA4-543,"3303 N. BROADWAY 4TH FL., LOS ANGELES, CA 90031-2803",-118.205924,34.073964,"3303 North Broadway, Los Angeles, California 90031, United States",success,high,,"{""address_number"":""matched"",""street"":""matched"",""postcode"":""unmatched"",""place"":""matched"",""region"":""matched"",""locality"":""not_applicable"",""country"":""inferred"",""confidence"":""high""}",verified,,CA,CA,90031,90031.0,LOS ANGELES,Los Angeles,Los Angeles County,Los Angeles County,not_flagged,verified_address,in_la_county,include_default_map,verified address in Los Angeles County
lacdmh-sa4-7924 SA4-544,"222 S. HILL ST. FL. 5, LOS ANGELES, CA 90012-3508",-118.247881,34.05239,"222 South Hill Street, FL 5, Los Angeles, California 90012, United States",success,high,,"{""secondary_address"":""matched"",""address_number"":""matched"",""street"":""matched"",""postcode"":""unmatched"",""place"":""matched"",""region"":""matched"",""locality"":""not_applicable"",""country"":""inferred"",""confidence"":""high""}",verified,,CA,CA,90012,90012.0,LOS ANGELES,Los Angeles,Los Angeles County,Los Angeles County,not_flagged,verified_address,in_la_county,include_default_map,verified address in Los Angeles County
lacdmh-sa4-19MV SA4-545,"222 S HILL ST 5TH FL, LOS ANGELES, CA 90012-3508",-118.248067,34.052423,"222 South Hill Street, Los Angeles, California 90012, United States",success,high,,"{""address_number"":""matched"",""street"":""matched"",""postcode"":""unmatched"",""place"":""matched"",""region"":""matched"",""locality"":""not_applicable"",""country"":""inferred"",""confidence"":""high""}",verified,,CA,CA,90012,90012.0,LOS ANGELES,Los Angeles,Los Angeles County,Los Angeles County,not_flagged,verified_address,in_la_county,include_default_map,verified address in Los Angeles County
lacdmh-sa4-19K9 SA4-546,"655 MAPLE AVE, LOS ANGELES, CA 90014-2211",-118.249155,34.042775,"655 Maple Avenue, Los Angeles, California 90014, United States",success,high,,"{""address_number"":""matched"",""street"":""matched"",""postcode"":""unmatched"",""place"":""matched"",""region"":""matched"",""locality"":""not_applicable"",""country"":""inferred"",""confidence"":""high""}",verified,,CA,CA,90014,90014.0,LOS ANGELES,Los Angeles,Los Angeles County,Los Angeles County,not_flagged,verified_address,in_la_county,include_default_map,verified address in Los Angeles County
lacdmh-sa4-1900 SA7-547,"550 S. VERMONT AVE., LOS ANGELES, CA 90020-1912",-118.291455,34.064035,"550 South Vermont Avenue, Los Angeles, California 90020, United States",success,high,,"{""address_number"":""matched"",""street"":""matched"",""postcode"":""unmatched"",""place"":""matched"",""region"":""matched"",""locality"":""not_applicable"",""country"":""inferred"",""confidence"":""high""}",verified,,CA,CA,90020,90020.0,LOS ANGELES,Los Angeles,Los Angeles County,Los Angeles County,not_flagged,verified_address,in_la_county,include_default_map,verified address in Los Angeles County
lacdmh-sa4-8476-548,"416 W. LAS TUNAS DR. STE 205, SAN GABRIEL, CA 91776-1236",-118.104562,34.102138,"416 West Las Tunas Drive, STE 205, San Gabriel, California 91776, United States",success,high,,"{""secondary_address"":""matched"",""address_number"":""matched"",""street"":""matched"",""postcode"":""unmatched"",""place"":""matched"",""region"":""matched"",""locality"":""not_applicable"",""country"":""inferred"",""confidence"":""high""}",verified,,CA,CA,91776,91776.0,SAN GABRIEL,San Gabriel,Los Angeles County,Los Angeles County,not_flagged,verified_address,in_la_county,include_default_map,verified address in Los Angeles County
lacdmh-sa4-7773-549,"425 S. BROADWAY, LOS ANGELES, CA 90013-1102",-118.250228,34.049033,"425 South Broadway, Los Angeles, California 90013, United States",success,high,,"{""address_number"":""matched"",""street"":""matched"",""postcode"":""unmatched"",""place"":""matched"",""region"":""matched"",""locality"":""not_applicable"",""country"":""inferred"",""confidence"":""high""}",verified,,CA,CA,90013,90013.0,LOS ANGELES,Los Angeles,Los Angeles County,Los Angeles County,not_flagged,verified_address,in_la_county,include_default_map,verified address in Los Angeles County
lacdmh-sa4-19KQ-550,"631-A-MAPLE AVE., LOS ANGELES, CA 90014-2211",-118.248668,34.043213,"631 Maple Avenue, #A, Los Angeles, California 90014, United States",success,high,,"{""secondary_address"":""plausible"",""address_number"":""matched"",""street"":""matched"",""postcode"":""unmatched"",""place"":""matched"",""region"":""matched"",""locality"":""not_applicable"",""country"":""inferred"",""confidence"":""high""}",verified,,CA,CA,90014,90014.0,LOS ANGELES,Los Angeles,Los Angeles County,Los Angeles County,not_flagged,verified_address,in_la_county,include_default_map,verified address in Los Angeles County
lacdmh-sa4-7216-551,"100 W. 1ST ST. 6TH F. STE. 630, LOS ANGELES, CA 90012-4112",-118.244514,34.051938,"100 West 1st Street, ste. 630, Los Angeles, California 90012, United States",success,high,,"{""secondary_address"":""plausible"",""address_number"":""matched"",""street"":""matched"",""postcode"":""unmatched"",""place"":""matched"",""region"":""matched"",""locality"":""not_applicable"",""country"":""inferred"",""confidence"":""high""}",verified,,CA,CA,90012,90012.0,LOS ANGELES,Los Angeles,Los Angeles County,Los Angeles County,not_flagged,verified_address,in_la_county,include_default_map,verified address in Los Angeles County
lacdmh-sa4-7124-552,"3530 WILSHIRE BLVD STE 1220, LOS ANGELES, CA 90010-2341",-118.3012,34.061028,"3530 Wilshire Boulevard, STE 1220, Los Angeles, California 90010, United States",success,high,,"{""secondary_address"":""matched"",""address_number"":""matched"",""street"":""matched"",""postcode"":""unmatched"",""place"":""matched"",""region"":""matched"",""locality"":""not_applicable"",""country"":""inferred"",""confidence"":""high""}",verified,,CA,CA,90010,90010.0,LOS ANGELES,Los Angeles,Los Angeles County,Los Angeles County,not_flagged,verified_address,in_la_county,include_default_map,verified address in Los Angeles County
lacdmh-sa4-7619-553,"515 COLUMBIA AVE. STE. 200, LOS ANGELES, CA 90017-1209",-118.266223,34.056739,"515 Columbia Avenue, STE 200, Los Angeles, California 90017, United States",success,high,,"{""secondary_address"":""plausible"",""address_number"":""matched"",""street"":""matched"",""postcode"":""unmatched"",""place"":""matched"",""region"":""matched"",""locality"":""not_applicable"",""country"":""inferred"",""confidence"":""high""}",verified,,CA,CA,90017,90017.0,LOS ANGELES,Los Angeles,Los Angeles County,Los Angeles County,not_flagged,verified_address,in_la_county,include_default_map,verified address in Los Angeles County
lacdmh-sa4-7443-554,"1933 S. BROADWAY ST. 1ST FL. AND 6TH FL., LOS ANGELES, CA 90007-4501",-118.266535,34.031115,"1933 South Broadway, fl fl 1st, Los Angeles, California 90007, United States",success,high,,"{""secondary_address"":""plausible"",""address_number"":""matched"",""street"":""matched"",""postcode"":""unmatched"",""place"":""matched"",""region"":""matched"",""locality"":""not_applicable"",""country"":""inferred"",""confidence"":""high""}",verified,,CA,CA,90007,90007.0,LOS ANGELES,Los Angeles,Los Angeles County,Los Angeles County,not_flagged,verified_address,in_la_county,include_default_map,verified address in Los Angeles County
lacdmh-sa4-7795-555,"5757 WILSHIRE BLVD STE 200, LOS ANGELES, CA 90036-3682",-118.353484,34.063306,"5757 Wilshire Boulevard, STE 200, Los Angeles, California 90036, United States",success,high,,"{""secondary_address"":""matched"",""address_number"":""matched"",""street"":""matched"",""postcode"":""unmatched"",""place"":""matched"",""region"":""matched"",""locality"":""not_applicable"",""country"":""inferred"",""confidence"":""high""}",verified,,CA,CA,90036,90036.0,LOS ANGELES,Los Angeles,Los Angeles County,Los Angeles County,not_flagged,verified_address,in_la_county,include_default_map,verified address in Los Angeles County
lacdmh-sa4-19LF-556,"3055 WILSHIRE BLVD SUITE 300, LOS ANGELES, CA 90010-1147",-118.288002,34.062406,"3055 Wilshire Boulevard, STE 300, Los Angeles, California 90010, United States",success,high,,"{""secondary_address"":""matched"",""address_number"":""matched"",""street"":""matched"",""postcode"":""unmatched"",""place"":""matched"",""region"":""matched"",""locality"":""not_applicable"",""country"":""inferred"",""confidence"":""high""}",verified,,CA,CA,90010,90010.0,LOS ANGELES,Los Angeles,Los Angeles County,Los Angeles County,not_flagged,verified_address,in_la_county,include_default_map,verified address in Los Angeles County
lacdmh-sa4-7981-557,"3727 W 6TH ST STE 402, LOS ANGELES, CA 90020-5112",-118.303727,34.063963,"3727 West 6th Street, STE 402, Los Angeles, California 90020, United States",success,high,,"{""secondary_address"":""matched"",""address_number"":""matched"",""street"":""matched"",""postcode"":""unmatched"",""place"":""matched"",""region"":""matched"",""locality"":""not_applicable"",""country"":""inferred"",""confidence"":""high""}",verified,,CA,CA,90020,90020.0,LOS ANGELES,Los Angeles,Los Angeles County,Los Angeles County,not_flagged,verified_address,in_la_county,include_default_map,verified address in Los Angeles County
lacdmh-sa4-7400-558,"470 E 3RD STREET, LOS ANGELES, CA 90013-1629",-118.240547,34.046206,"470 East 3rd Street, Los Angeles, California 90013, United States",success,high,,"{""address_number"":""matched"",""street"":""matched"",""postcode"":""unmatched"",""place"":""matched"",""region"":""matched"",""locality"":""not_applicable"",""country"":""inferred"",""confidence"":""high""}",verified,,CA,CA,90013,90013.0,LOS ANGELES,Los Angeles,Los Angeles County,Los Angeles County,not_flagged,verified_address,in_la_county,include_default_map,verified address in Los Angeles County
lacdmh-sa4-7985-559,"515 COLUMBIA AVE. STE. 100, LOS ANGELES, CA 90017-1209",-118.266223,34.056739,"515 Columbia Avenue, STE 100, Los Angeles, California 90017, United States",success,high,,"{""secondary_address"":""plausible"",""address_number"":""matched"",""street"":""matched"",""postcode"":""unmatched"",""place"":""matched"",""region"":""matched"",""locality"":""not_applicable"",""country"":""inferred"",""confidence"":""high""}",verified,,CA,CA,90017,90017.0,LOS ANGELES,Los Angeles,Los Angeles County,Los Angeles County,not_flagged,verified_address,in_la_county,include_default_map,verified address in Los Angeles County
lacdmh-sa4-7112-560,"515 COLUMBIA AVE. STE. 310, LOS ANGELES, CA 90017-1209",-118.266223,34.056739,"515 Columbia Avenue, STE 310, Los Angeles, California 90017, United States",success,high,,"{""secondary_address"":""plausible"",""address_number"":""matched"",""street"":""matched"",""postcode"":""unmatched"",""place"":""matched"",""region"":""matched"",""locality"":""not_applicable"",""country"":""inferred"",""confidence"":""high""}",verified,,CA,CA,90017,90017.0,LOS ANGELES,Los Angeles,Los Angeles County,Los Angeles County,not_flagged,verified_address,in_la_county,include_default_map,verified address in Los Angeles County
lacdmh-sa4-7685-561,"767 N HILL STREET NO 400, LOS ANGELES, CA 90012-2343",-118.240033,34.062666,"767 North Hill Street, STE 400, Los Angeles, California 90012, United States",success,high,,"{""secondary_address"":""matched"",""address_number"":""matched"",""street"":""matched"",""postcode"":""unmatched"",""place"":""matched"",""region"":""matched"",""locality"":""not_applicable"",""country"":""inferred"",""confidence"":""high""}",verified,,CA,CA,90012,90012.0,LOS ANGELES,Los Angeles,Los Angeles County,Los Angeles County,not_flagged,verified_address,in_la_county,include_default_map,verified address in Los Angeles County
lacdmh-sa4-7680-562,"231 E 3RD STREET SUITE G106, LOS ANGELES, CA 90013-1494",-118.243733,34.048499,"231 East 3rd Street, STE G106, Los Angeles, California 90013, United States",success,high,,"{""secondary_address"":""matched"",""address_number"":""matched"",""street"":""matched"",""postcode"":""unmatched"",""place"":""matched"",""region"":""matched"",""locality"":""not_applicable"",""country"":""inferred"",""confidence"":""high""}",verified,,CA,CA,90013,90013.0,LOS ANGELES,Los Angeles,Los Angeles County,Los Angeles County,not_flagged,verified_address,in_la_county,include_default_map,verified address in Los Angeles County
lacdmh-sa4-7538-563,"155 N. OCCIDENTAL BLVD. FL. 1 2 3, LOS ANGELES, CA 90026-4641",-118.279262,34.071927,"155 North Occidental Boulevard, fl. 1 2 3, Los Angeles, California 90026, United States",success,high,,"{""secondary_address"":""plausible"",""address_number"":""matched"",""street"":""matched"",""postcode"":""unmatched"",""place"":""matched"",""region"":""matched"",""locality"":""not_applicable"",""country"":""inferred"",""confidence"":""high""}",verified,,CA,CA,90026,90026.0,LOS ANGELES,Los Angeles,Los Angeles County,Los Angeles County,not_flagged,verified_address,in_la_county,include_default_map,verified address in Los Angeles County
lacdmh-sa4-19A1-564,"155 N. OCCIDENTAL BLVD. FL. 1 2 3, LOS ANGELES, CA 90026-4641",-118.279262,34.071927,"155 North Occidental Boulevard, fl. 1 2 3, Los Angeles, California 90026, United States",success,high,,"{""secondary_address"":""plausible"",""address_number"":""matched"",""street"":""matched"",""postcode"":""unmatched"",""place"":""matched"",""region"":""matched"",""locality"":""not_applicable"",""country"":""inferred"",""confidence"":""high""}",verified,,CA,CA,90026,90026.0,LOS ANGELES,Los Angeles,Los Angeles County,Los Angeles County,not_flagged,verified_address,in_la_county,include_default_map,verified address in Los Angeles County
lacdmh-sa4-7503B-565,"1625 W OLYMPIC BLVD SUITE 600, LOS ANGELES, CA 90015-3809",-118.274799,34.049884,"1625 West Olympic Boulevard, STE 600, Los Angeles, California 90015, United States",success,high,,"{""secondary_address"":""plausible"",""address_number"":""matched"",""street"":""matched"",""postcode"":""unmatched"",""place"":""matched"",""region"":""matched"",""locality"":""not_applicable"",""country"":""inferred"",""confidence"":""high""}",verified,,CA,CA,90015,90015.0,LOS ANGELES,Los Angeles,Los Angeles County,Los Angeles County,not_flagged,verified_address,in_la_county,include_default_map,verified address in Los Angeles County
lacdmh-sa4-7805-566,"6762 LEXINGTON AVENUE STE A, LOS ANGELES, CA 90038-1217",-118.337843,34.092331,"6762 Lexington Avenue, STE A, Los Angeles, California 90038, United States",success,high,,"{""secondary_address"":""plausible"",""address_number"":""matched"",""street"":""matched"",""postcode"":""unmatched"",""place"":""matched"",""region"":""matched"",""locality"":""not_applicable"",""country"":""inferred"",""confidence"":""high""}",verified,,CA,CA,90038,90038.0,LOS ANGELES,Los Angeles,Los Angeles County,Los Angeles County,not_flagged,verified_address,in_la_county,include_default_map,verified address in Los Angeles County
lacdmh-sa4-8469-567,"415 W. ROUTE 66 STE 202, GLENDORA, CA 91740-4335",-117.869935,34.129059,"415 W Route 66, STE 202, Glendora, California 91740, United States",success,high,,"{""secondary_address"":""matched"",""address_number"":""matched"",""street"":""matched"",""postcode"":""unmatched"",""place"":""matched"",""region"":""matched"",""locality"":""not_applicable"",""country"":""inferred"",""confidence"":""high""}",verified,,CA,CA,91740,91740.0,GLENDORA,Glendora,Los Angeles County,Los Angeles County,not_flagged,verified_address,in_la_county,include_default_map,verified address in Los Angeles County
lacdmh-sa4-7278-568,"840 N AVENUE 66, HIGHLAND PARK, CA 90042-1508",-118.172105,34.12071,"840 Avenue 66, Los Angeles, California 90042, United States",success,medium,,"{""address_number"":""matched"",""street"":""matched"",""postcode"":""unmatched"",""place"":""unmatched"",""region"":""matched"",""locality"":""not_applicable"",""country"":""inferred"",""confidence"":""medium""}",needs_review,medium_confidence;city_mismatch,CA,CA,90042,90042.0,HIGHLAND PARK,Los Angeles,Los Angeles County,Los Angeles County,not_flagged,needs_review_address,in_la_county,manual_review,address match quality needs review
lacdmh-sa4-7623-569,"510 S. VERMONT AVE. 21ST FLOOR., LOS ANGELES, CA 90020-1992",-118.291341,34.064974,"510 South Vermont Avenue, Los Angeles, California 90020, United States",success,high,,"{""address_number"":""matched"",""street"":""matched"",""postcode"":""unmatched"",""place"":""matched"",""region"":""matched"",""locality"":""not_applicable"",""country"":""inferred"",""confidence"":""high""}",verified,,CA,CA,90020,90020.0,LOS ANGELES,Los Angeles,Los Angeles County,Los Angeles County,not_flagged,verified_address,in_la_county,include_default_map,verified address in Los Angeles County
lacdmh-sa4-7844-570,"600 ST PAUL AVENUE STE 200, LOS ANGELES, CA 90017-2038",-118.260635,34.053106,"600 Saint Paul Avenue, STE 200, Los Angeles, California 90017, United States",success,high,,"{""secondary_address"":""matched"",""address_number"":""matched"",""street"":""matched"",""postcode"":""unmatched"",""place"":""matched"",""region"":""matched"",""locality"":""not_applicable"",""country"":""inferred"",""confidence"":""high""}",verified,,CA,CA,90017,90017.0,LOS ANGELES,Los Angeles,Los Angeles County,Los Angeles County,not_flagged,verified_address,in_la_county,include_default_map,verified address in Los Angeles County
lacdmh-sa4-7262-571,"3125 N. BROADWAY, LOS ANGELES, CA 90031-2703",-118.20814,34.074089,"3125 North Broadway, Los Angeles, California 90031, United States",success,high,,"{""address_number"":""matched"",""street"":""matched"",""postcode"":""unmatched"",""place"":""matched"",""region"":""matched"",""locality"":""not_applicable"",""country"":""inferred"",""confidence"":""high""}",verified,,CA,CA,90031,90031.0,LOS ANGELES,Los Angeles,Los Angeles County,Los Angeles County,not_flagged,verified_address,in_la_county,include_default_map,verified address in Los Angeles County
lacdmh-sa4-19LW-572,"3125 N BROADWAY, LOS ANGELES, CA 90031-2703",-118.20814,34.074089,"3125 North Broadway, Los Angeles, California 90031, United States",success,high,,"{""address_number"":""matched"",""street"":""matched"",""postcode"":""unmatched"",""place"":""matched"",""region"":""matched"",""locality"":""not_applicable"",""country"":""inferred"",""confidence"":""high""}",verified,,CA,CA,90031,90031.0,LOS ANGELES,Los Angeles,Los Angeles County,Los Angeles County,not_flagged,verified_address,in_la_county,include_default_map,verified address in Los Angeles County
lacdmh-sa4-19KC-573,"1774 ZONAL AVE. BLDG. D, LOS ANGELES, CA 90033-1064",-118.209795,34.06131,"1774 Zonal Avenue, BLDG D, Los Angeles, California 90033, United States",success,high,,"{""secondary_address"":""plausible"",""address_number"":""matched"",""street"":""matched"",""postcode"":""unmatched"",""place"":""matched"",""region"":""matched"",""locality"":""not_applicable"",""country"":""inferred"",""confidence"":""high""}",verified,,CA,CA,90033,90033.0,LOS ANGELES,Los Angeles,Los Angeles County,Los Angeles County,not_flagged,verified_address,in_la_county,include_default_map,verified address in Los Angeles County
lacdmh-sa4-19MJ-574,"3016 N MAIN ST, LOS ANGELES, CA 90031-2620",-118.209563,34.065783,"3016 North Main Street, Los Angeles, California 90031, United States",success,high,,"{""address_number"":""matched"",""street"":""matched"",""postcode"":""unmatched"",""place"":""matched"",""region"":""matched"",""locality"":""not_applicable"",""country"":""inferred"",""confidence"":""high""}",verified,,CA,CA,90031,90031.0,LOS ANGELES,Los Angeles,Los Angeles County,Los Angeles County,not_flagged,verified_address,in_la_county,include_default_map,verified address in Los Angeles County
lacdmh-sa4-7961-575,"345 S. SAN PEDRO ST., LOS ANGELES, CA 90013-1633",-118.243193,34.04607,"345 South San Pedro Street, Los Angeles, California 90013, United States",success,high,,"{""address_number"":""matched"",""street"":""matched"",""postcode"":""unmatched"",""place"":""matched"",""region"":""matched"",""locality"":""not_applicable"",""country"":""inferred"",""confidence"":""high""}",verified,,CA,CA,90013,90013.0,LOS ANGELES,Los Angeles,Los Angeles County,Los Angeles County,not_flagged,verified_address,in_la_county,include_default_map,verified address in Los Angeles County
lacdmh-sa4-19ES-576,"1801 LAKE SHORE AVE., LOS ANGELES, CA 90026-1715",-118.255814,34.085098,"1801 Lake Shore Avenue, Los Angeles, California 90026, United States",success,high,,"{""address_number"":""matched"",""street"":""matched"",""postcode"":""unmatched"",""place"":""matched"",""region"":""matched"",""locality"":""not_applicable"",""country"":""inferred"",""confidence"":""high""}",verified,,CA,CA,90026,90026.0,LOS ANGELES,Los Angeles,Los Angeles County,Los Angeles County,not_flagged,verified_address,in_la_county,include_default_map,verified address in Los Angeles County
lacdmh-sa4-7414-577,"1453 W TEMPLE ST, LOS ANGELES, CA 90026-9177",-118.258061,34.067797,"1453 West Temple Street, Los Angeles, California 90026, United States",success,high,,"{""address_number"":""matched"",""street"":""matched"",""postcode"":""unmatched"",""place"":""matched"",""region"":""matched"",""locality"":""not_applicable"",""country"":""inferred"",""confidence"":""high""}",verified,,CA,CA,90026,90026.0,LOS ANGELES,Los Angeles,Los Angeles County,Los Angeles County,not_flagged,verified_address,in_la_county,include_default_map,verified address in Los Angeles County
lacdmh-sa4-19KP-578,"1774 ZONAL AVE. BLDG. B, LOS ANGELES, CA 90033-1045",-118.209795,34.06131,"1774 Zonal Avenue, BLDG B, Los Angeles, California 90033, United States",success,high,,"{""secondary_address"":""plausible"",""address_number"":""matched"",""street"":""matched"",""postcode"":""unmatched"",""place"":""matched"",""region"":""matched"",""locality"":""not_applicable"",""country"":""inferred"",""confidence"":""high""}",verified,,CA,CA,90033,90033.0,LOS ANGELES,Los Angeles,Los Angeles County,Los Angeles County,not_flagged,verified_address,in_la_county,include_default_map,verified address in Los Angeles County
lacdmh-sa4-7865-579,"1816 S. FIGUEROA ST. 6TH FL., LOS ANGELES, CA 90015-3422",-118.271188,34.035276,"1816 South Figueroa Street, Los Angeles, California 90015, United States",success,high,,"{""address_number"":""matched"",""street"":""matched"",""postcode"":""unmatched"",""place"":""matched"",""region"":""matched"",""locality"":""not_applicable"",""country"":""inferred"",""confidence"":""high""}",verified,,CA,CA,90015,90015.0,LOS ANGELES,Los Angeles,Los Angeles County,Los Angeles County,not_flagged,verified_address,in_la_county,include_default_map,verified address in Los Angeles County
lacdmh-sa4-8093-580,"3030 W. OLYMPIC BLVD 217, LOS ANGELES, CA 90006-6507",-118.301526,34.052179,"3030 West Olympic Boulevard, STE 217, Los Angeles, California 90006, United States",success,high,,"{""secondary_address"":""matched"",""address_number"":""matched"",""street"":""matched"",""postcode"":""unmatched"",""place"":""matched"",""region"":""matched"",""locality"":""not_applicable"",""country"":""inferred"",""confidence"":""high""}",verified,,CA,CA,90006,90006.0,LOS ANGELES,Los Angeles,Los Angeles County,Los Angeles County,not_flagged,verified_address,in_la_county,include_default_map,verified address in Los Angeles County
lacdmh-sa4-7879-581,"456 S MATHEWS ST THEODORE ROOSEVELT HS, LOS ANGELES, CA 90033-4326",-118.211049,34.038303,"456 South Mathews Street, Los Angeles, California 90033, United States",success,high,,"{""address_number"":""matched"",""street"":""matched"",""postcode"":""unmatched"",""place"":""matched"",""region"":""matched"",""locality"":""not_applicable"",""country"":""inferred"",""confidence"":""high""}",verified,,CA,CA,90033,90033.0,LOS ANGELES,Los Angeles,Los Angeles County,Los Angeles County,not_flagged,verified_address,in_la_county,include_default_map,verified address in Los Angeles County
lacdmh-sa4-19FX-582,"2730 GANAHL ST., LOS ANGELES, CA 90033-2019",-118.197131,34.052268,"2730 Ganahl Street, Los Angeles, California 90033, United States",success,high,,"{""address_number"":""matched"",""street"":""matched"",""postcode"":""unmatched"",""place"":""matched"",""region"":""matched"",""locality"":""not_applicable"",""country"":""inferred"",""confidence"":""high""}",verified,,CA,CA,90033,90033.0,LOS ANGELES,Los Angeles,Los Angeles County,Los Angeles County,not_flagged,verified_address,in_la_county,include_default_map,verified address in Los Angeles County
lacdmh-sa4-19EM-583,"2820 E. 1ST ST., LOS ANGELES, CA 90033-3636",-118.204345,34.040816,"2820 East 1st Street, Los Angeles, California 90033, United States",success,high,,"{""address_number"":""matched"",""street"":""matched"",""postcode"":""unmatched"",""place"":""matched"",""region"":""matched"",""locality"":""not_applicable"",""country"":""inferred"",""confidence"":""high""}",verified,,CA,CA,90033,90033.0,LOS ANGELES,Los Angeles,Los Angeles County,Los Angeles County,not_flagged,verified_address,in_la_county,include_default_map,verified address in Los Angeles County
lacdmh-sa4-7978-584,"211 SOUTH AVENUE 20, LOS ANGELES, CA 90031-2508",-118.220346,34.0722,"211 Avenue 20, Los Angeles, California 90031, United States",success,high,,"{""address_number"":""matched"",""street"":""matched"",""postcode"":""unmatched"",""place"":""matched"",""region"":""matched"",""locality"":""not_applicable"",""country"":""inferred"",""confidence"":""high""}",verified,,CA,CA,90031,90031.0,LOS ANGELES,Los Angeles,Los Angeles County,Los Angeles County,not_flagged,verified_address,in_la_county,include_default_map,verified address in Los Angeles County
lacdmh-sa4-7776-585,"3333 WILSHIRE BLVD STE 604, LOS ANGELES, CA 90010-4106",-118.29576,34.062266,"3333 Wilshire Boulevard, STE 604, Los Angeles, California 90010, United States",success,high,,"{""secondary_address"":""plausible"",""address_number"":""matched"",""street"":""matched"",""postcode"":""unmatched"",""place"":""matched"",""region"":""matched"",""locality"":""not_applicable"",""country"":""inferred"",""confidence"":""high""}",verified,,CA,CA,90010,90010.0,LOS ANGELES,Los Angeles,Los Angeles County,Los Angeles County,not_flagged,verified_address,in_la_county,include_default_map,verified address in Los Angeles County
lacdmh-sa4-8140-586,"24509 WALNUT ST STE 201, NEWHALL, CA 91321-2846",-118.531344,34.380984,"24509 Walnut Street, STE 201, Newhall, California 91321, United States",success,high,,"{""secondary_address"":""matched"",""address_number"":""matched"",""street"":""matched"",""postcode"":""unmatched"",""place"":""matched"",""region"":""matched"",""locality"":""not_applicable"",""country"":""inferred"",""confidence"":""high""}",verified,,CA,CA,91321,91321.0,NEWHALL,Newhall,Los Angeles County,Los Angeles County,not_flagged,verified_address,in_la_county,include_default_map,verified address in Los Angeles County
lacdmh-sa4-19A5-587,"780 N SAN VINCENTE BLVD RM 127, WEST HOLLYWOOD, CA 90069-5021",-118.38347,34.084341,"780 North San Vicente Boulevard, RM 127, West Hollywood, California 90069, United States",success,high,,"{""secondary_address"":""plausible"",""address_number"":""matched"",""street"":""matched"",""postcode"":""unmatched"",""place"":""matched"",""region"":""matched"",""locality"":""not_applicable"",""country"":""inferred"",""confidence"":""high""}",verified,,CA,CA,90069,90069.0,WEST HOLLYWOOD,West Hollywood,Los Angeles County,Los Angeles County,not_flagged,verified_address,in_la_county,include_default_map,verified address in Los Angeles County
lacdmh-sa4-8063-588,"7531 SANTA MONICA BLVD. STE. 205, LOS ANGELES, CA 90046-6458",-118.354019,34.091055,"7531 Santa Monica Boulevard, STE 205, Los Angeles, California 90046, United States",success,high,,"{""secondary_address"":""matched"",""address_number"":""matched"",""street"":""matched"",""postcode"":""unmatched"",""place"":""matched"",""region"":""matched"",""locality"":""not_applicable"",""country"":""inferred"",""confidence"":""high""}",verified,,CA,CA,90046,90046.0,LOS ANGELES,Los Angeles,Los Angeles County,Los Angeles County,not_flagged,verified_address,in_la_county,include_default_map,verified address in Los Angeles County
lacdmh-sa5-8128-589,"9735 WILSHIRE BLVD. STE. 228, BEVERLY HILLS, CA 90212-2110",-118.407449,34.067448,"9735 Wilshire Boulevard, STE 228, Beverly Hills, California 90212, United States",success,high,,"{""secondary_address"":""matched"",""address_number"":""matched"",""street"":""matched"",""postcode"":""unmatched"",""place"":""matched"",""region"":""matched"",""locality"":""not_applicable"",""country"":""inferred"",""confidence"":""high""}",verified,,CA,CA,90212,90212.0,BEVERLY HILLS,Beverly Hills,Los Angeles County,Los Angeles County,not_flagged,verified_address,in_la_county,include_default_map,verified address in Los Angeles County
lacdmh-sa5-7229-590,"10559 JEFFERSON BLVD STE A D E, CULVER CITY, CA 90232-9023",-118.392774,34.006582,"10559 Jefferson Boulevard, STE A, Culver City, California 90232, United States",success,high,,"{""secondary_address"":""matched"",""address_number"":""matched"",""street"":""matched"",""postcode"":""unmatched"",""place"":""matched"",""region"":""matched"",""locality"":""not_applicable"",""country"":""inferred"",""confidence"":""high""}",verified,,CA,CA,90232,90232.0,CULVER CITY,Culver City,Los Angeles County,Los Angeles County,not_flagged,verified_address,in_la_county,include_default_map,verified address in Los Angeles County
lacdmh-sa5-8517-591,"510 S GRAND AVE 400, GLENDORA, CA 91741-4207",-117.871954,34.130329,"510 South Grand Avenue, #400, Glendora, California 91741, United States",success,high,,"{""secondary_address"":""plausible"",""address_number"":""matched"",""street"":""matched"",""postcode"":""unmatched"",""place"":""matched"",""region"":""matched"",""locality"":""not_applicable"",""country"":""inferred"",""confidence"":""high""}",verified,,CA,CA,91741,91741.0,GLENDORA,Glendora,Los Angeles County,Los Angeles County,not_flagged,verified_address,in_la_county,include_default_map,verified address in Los Angeles County
lacdmh-sa5-7942-592,"3605 LONG BEACH BLVD STE 410, LONG BEACH, CA 90807-4026",-118.18973,33.82269,"3605 Long Beach Boulevard, STE 410, Long Beach, California 90807, United States",success,high,,"{""secondary_address"":""matched"",""address_number"":""matched"",""street"":""matched"",""postcode"":""unmatched"",""place"":""matched"",""region"":""matched"",""locality"":""not_applicable"",""country"":""inferred"",""confidence"":""high""}",verified,,CA,CA,90807,90807.0,LONG BEACH,Long Beach,Los Angeles County,Los Angeles County,not_flagged,verified_address,in_la_county,include_default_map,verified address in Los Angeles County
lacdmh-sa5-19L7-593,"464 N REXFORD DR, BEVERLY HILLS, CA 90210-4873",-118.400215,34.073198,"464 North Rexford Drive, Beverly Hills, California 90210, United States",success,high,,"{""address_number"":""matched"",""street"":""matched"",""postcode"":""unmatched"",""place"":""matched"",""region"":""matched"",""locality"":""not_applicable"",""country"":""inferred"",""confidence"":""high""}",verified,,CA,CA,90210,90210.0,BEVERLY HILLS,Beverly Hills,Los Angeles County,Los Angeles County,not_flagged,verified_address,in_la_county,include_default_map,verified address in Los Angeles County
lacdmh-sa5-8008-594,"2001 S. BARRINGTON AVE. STE. 204, LOS ANGELES, CA 90025",-118.448374,34.044911,"2001 S Barrington Ave, STE 204, Los Angeles, California 90025, United States",success,high,,"{""secondary_address"":""plausible"",""address_number"":""matched"",""street"":""matched"",""postcode"":""matched"",""place"":""matched"",""region"":""matched"",""locality"":""not_applicable"",""country"":""inferred"",""confidence"":""high""}",verified,,CA,CA,90025,90025.0,LOS ANGELES,Los Angeles,Los Angeles County,Los Angeles County,not_flagged,verified_address,in_la_county,include_default_map,verified address in Los Angeles County
lacdmh-sa5-8008-595,"2001 S. BARRINGTON AVE. STE. 204, LOS ANGELES, CA 90025",-118.448374,34.044911,"2001 S Barrington Ave, STE 204, Los Angeles, California 90025, United States",success,high,,"{""secondary_address"":""plausible"",""address_number"":""matched"",""street"":""matched"",""postcode"":""matched"",""place"":""matched"",""region"":""matched"",""locality"":""not_applicable"",""country"":""inferred"",""confidence"":""high""}",verified,,CA,CA,90025,90025.0,LOS ANGELES,Los Angeles,Los Angeles County,Los Angeles County,not_flagged,verified_address,in_la_county,include_default_map,verified address in Los Angeles County
lacdmh-sa5-8300-596,"864 S. ROBERTSON BLVD 104, LOS ANGELES, CA 90035-1622",-118.383327,34.061074,"864 South Robertson Boulevard, Los Angeles, California 90035, United States",success,high,,"{""address_number"":""matched"",""street"":""matched"",""postcode"":""unmatched"",""place"":""matched"",""region"":""matched"",""locality"":""not_applicable"",""country"":""inferred"",""confidence"":""high""}",verified,,CA,CA,90035,90035.0,LOS ANGELES,Los Angeles,Los Angeles County,Los Angeles County,not_flagged,verified_address,in_la_county,include_default_map,verified address in Los Angeles County
lacdmh-sa5-7984-597,"4040 DUQUESNE AVE, CULVER CITY, CA 90232-2804",-118.395119,34.020665,"4040 Duquesne Avenue, Culver City, California 90232, United States",success,high,,"{""address_number"":""matched"",""street"":""matched"",""postcode"":""unmatched"",""place"":""matched"",""region"":""matched"",""locality"":""not_applicable"",""country"":""inferred"",""confidence"":""high""}",verified,,CA,CA,90232,90232.0,CULVER CITY,Culver City,Los Angeles County,Los Angeles County,not_flagged,verified_address,in_la_county,include_default_map,verified address in Los Angeles County
lacdmh-sa5-7178-598,"1751 CLOVERFIELD BLVD., SANTA MONICA, CA 90404-4007",-118.470338,34.026014,"1751 Cloverfield Boulevard, Santa Monica, California 90404, United States",success,high,,"{""address_number"":""matched"",""street"":""matched"",""postcode"":""unmatched"",""place"":""matched"",""region"":""matched"",""locality"":""not_applicable"",""country"":""inferred"",""confidence"":""high""}",verified,,CA,CA,90404,90404.0,SANTA MONICA,Santa Monica,Los Angeles County,Los Angeles County,not_flagged,verified_address,in_la_county,include_default_map,verified address in Los Angeles County
lacdmh-sa5-00A347420-599,"132 N. WETHERLY DR., BEVERLY HILLS, CA 90210-1813",-118.388403,34.068127,"132 North Wetherly Drive, Beverly Hills, California 90211, United States",success,high,,"{""address_number"":""matched"",""street"":""matched"",""postcode"":""unmatched"",""place"":""matched"",""region"":""matched"",""locality"":""not_applicable"",""country"":""inferred"",""confidence"":""high""}",needs_review,zip_mismatch,CA,CA,90210,90211.0,BEVERLY HILLS,Beverly Hills,Los Angeles County,Los Angeles County,not_flagged,verified_city_or_zip_mismatch,in_la_county,include_with_warning,address-level match with city or ZIP mismatch warning
lacdmh-sa5-7357-600,"11133 WASHINGTON BLVD, CULVER CITY, CA 90230-3918",-118.412506,34.008797,"11133 Washington Boulevard, Culver City, California 90232, United States",success,high,,"{""address_number"":""matched"",""street"":""matched"",""postcode"":""unmatched"",""place"":""matched"",""region"":""matched"",""locality"":""not_applicable"",""country"":""inferred"",""confidence"":""high""}",needs_review,zip_mismatch,CA,CA,90230,90232.0,CULVER CITY,Culver City,Los Angeles County,Los Angeles County,not_flagged,verified_city_or_zip_mismatch,in_la_county,include_with_warning,address-level match with city or ZIP mismatch warning
lacdmh-sa5-7110-601,"1233 S. LA CIENEGA BLVD., LOS ANGELES, CA 90035-2520",-118.376495,34.054762,"1233 South La Cienega Boulevard, Los Angeles, California 90035, United States",success,high,,"{""address_number"":""matched"",""street"":""matched"",""postcode"":""unmatched"",""place"":""matched"",""region"":""matched"",""locality"":""not_applicable"",""country"":""inferred"",""confidence"":""high""}",verified,,CA,CA,90035,90035.0,LOS ANGELES,Los Angeles,Los Angeles County,Los Angeles County,not_flagged,verified_address,in_la_county,include_default_map,verified address in Los Angeles County
lacdmh-sa5-1973-602,"4760 S. SEPULVEDA BLVD., CULVER CITY, CA 90230-4820",-118.402661,34.000556,"Sepulveda Boulevard, Culver City, California 90230, United States",success,,,,needs_review,missing_confidence;non_address_result:street,CA,CA,90230,90230.0,CULVER CITY,Culver City,Los Angeles County,Los Angeles County,not_flagged,needs_review_address,in_la_county,manual_review,address match quality needs review
lacdmh-sa5-7631-603,"11303 W WASHINGTON BLVD STE 200, LOS ANGELES, CA 90066-6003",-118.414986,34.004172,"11303 Washington Boulevard, STE 200, Los Angeles, California 90066, United States",success,medium,,"{""secondary_address"":""plausible"",""address_number"":""matched"",""street"":""unmatched"",""postcode"":""unmatched"",""place"":""matched"",""region"":""matched"",""locality"":""not_applicable"",""country"":""inferred"",""confidence"":""medium""}",needs_review,medium_confidence;street_not_matched,CA,CA,90066,90066.0,LOS ANGELES,Los Angeles,Los Angeles County,Los Angeles County,not_flagged,needs_review_address,in_la_county,manual_review,address match quality needs review
lacdmh-sa5-19AB-604,"601 PICO BLVD, SANTA MONICA, CA 90405-1224",-118.485249,34.011448,"601 Pico Boulevard, Santa Monica, California 90405, United States",success,high,,"{""address_number"":""matched"",""street"":""matched"",""postcode"":""unmatched"",""place"":""matched"",""region"":""matched"",""locality"":""not_applicable"",""country"":""inferred"",""confidence"":""high""}",verified,,CA,CA,90405,90405.0,SANTA MONICA,Santa Monica,Los Angeles County,Los Angeles County,not_flagged,verified_address,in_la_county,include_default_map,verified address in Los Angeles County
lacdmh-sa5-19LS-605,"5860 UPLANDER WAY, CULVER CITY, CA 90230-6608",-118.387279,33.984249,"5860 Uplander Way, Culver City, California 90230, United States",success,high,,"{""address_number"":""matched"",""street"":""matched"",""postcode"":""unmatched"",""place"":""matched"",""region"":""matched"",""locality"":""not_applicable"",""country"":""inferred"",""confidence"":""high""}",verified,,CA,CA,90230,90230.0,CULVER CITY,Culver City,Los Angeles County,Los Angeles County,not_flagged,verified_address,in_la_county,include_default_map,verified address in Los Angeles County
lacdmh-sa5-1906-606,"5860 UPLANDER WY, CULVER CITY, CA 90230-6608",-118.387279,33.984249,"5860 Uplander Way, Culver City, California 90230, United States",success,high,,"{""address_number"":""matched"",""street"":""matched"",""postcode"":""unmatched"",""place"":""matched"",""region"":""matched"",""locality"":""not_applicable"",""country"":""inferred"",""confidence"":""high""}",verified,,CA,CA,90230,90230.0,CULVER CITY,Culver City,Los Angeles County,Los Angeles County,not_flagged,verified_address,in_la_county,include_default_map,verified address in Los Angeles County
lacdmh-sa5-7191-607,"11303 W. WASHINGTON BLVD. STE. 200, LOS ANGELES, CA 90066-6003",-118.414986,34.004172,"11303 Washington Boulevard, STE 200, Los Angeles, California 90066, United States",success,medium,,"{""secondary_address"":""plausible"",""address_number"":""matched"",""street"":""unmatched"",""postcode"":""unmatched"",""place"":""matched"",""region"":""matched"",""locality"":""not_applicable"",""country"":""inferred"",""confidence"":""medium""}",needs_review,medium_confidence;street_not_matched,CA,CA,90066,90066.0,LOS ANGELES,Los Angeles,Los Angeles County,Los Angeles County,not_flagged,needs_review_address,in_la_county,manual_review,address match quality needs review
lacdmh-sa5-19LM-608,"11303 W WASHINGTON BLVD 200, LOS ANGELES, CA 90066-6003",-118.414986,34.004172,"11303 Washington Boulevard, #200, Los Angeles, California 90066, United States",success,medium,,"{""secondary_address"":""plausible"",""address_number"":""matched"",""street"":""unmatched"",""postcode"":""unmatched"",""place"":""matched"",""region"":""matched"",""locality"":""not_applicable"",""country"":""inferred"",""confidence"":""medium""}",needs_review,medium_confidence;street_not_matched,CA,CA,90066,90066.0,LOS ANGELES,Los Angeles,Los Angeles County,Los Angeles County,not_flagged,needs_review_address,in_la_county,manual_review,address match quality needs review
lacdmh-sa5-8073-609,"1314 WESTWOOD BLVD. STE. 206, LOS ANGELES, CA 90024-4928",-118.442308,34.056574,"1314 Westwood Boulevard, STE 206, Los Angeles, California 90024, United States",success,high,,"{""secondary_address"":""matched"",""address_number"":""matched"",""street"":""matched"",""postcode"":""unmatched"",""place"":""matched"",""region"":""matched"",""locality"":""not_applicable"",""country"":""inferred"",""confidence"":""high""}",verified,,CA,CA,90024,90024.0,LOS ANGELES,Los Angeles,Los Angeles County,Los Angeles County,not_flagged,verified_address,in_la_county,include_default_map,verified address in Los Angeles County
lacdmh-sa5-7475-610,"11303 W WASHINGTON BLVD 2ND FL, LOS ANGELES, CA 90066-6003",-118.414986,34.004172,"11303 Washington Boulevard, Los Angeles, California 90066, United States",success,medium,,"{""address_number"":""matched"",""street"":""unmatched"",""postcode"":""unmatched"",""place"":""matched"",""region"":""matched"",""locality"":""not_applicable"",""country"":""inferred"",""confidence"":""medium""}",needs_review,medium_confidence;street_not_matched,CA,CA,90066,90066.0,LOS ANGELES,Los Angeles,Los Angeles County,Los Angeles County,not_flagged,needs_review_address,in_la_county,manual_review,address match quality needs review
lacdmh-sa5-190I-611,"3754-56 OVERLAND AVENUE, LOS ANGELES, CA 90034-6312",-118.40951,34.022002,"Overland Avenue, Los Angeles, California 90034, United States",success,,,,needs_review,missing_confidence;non_address_result:street,CA,CA,90034,90034.0,LOS ANGELES,Los Angeles,Los Angeles County,Los Angeles County,not_flagged,needs_review_address,in_la_county,manual_review,address match quality needs review
lacdmh-sa5-7871-612,"9808 VENICE BLVD SUITE 300 AND PATIO, CULVER CITY, CA 90232-2750",-118.397873,34.023396,"9808 Venice Boulevard, STE 300, Culver City, California 90232, United States",success,high,,"{""secondary_address"":""matched"",""address_number"":""matched"",""street"":""matched"",""postcode"":""unmatched"",""place"":""matched"",""region"":""matched"",""locality"":""not_applicable"",""country"":""inferred"",""confidence"":""high""}",verified,,CA,CA,90232,90232.0,CULVER CITY,Culver City,Los Angeles County,Los Angeles County,not_flagged,verified_address,in_la_county,include_default_map,verified address in Los Angeles County
lacdmh-sa5-7646-613,"10811 W. WASHINGTON BLVD. STE. 300, CULVER CITY, CA 90232-3619",-118.407659,34.015297,"10811 Washington Boulevard, STE 300, Culver City, California 90232, United States",success,medium,,"{""secondary_address"":""matched"",""address_number"":""matched"",""street"":""unmatched"",""postcode"":""unmatched"",""place"":""matched"",""region"":""matched"",""locality"":""not_applicable"",""country"":""inferred"",""confidence"":""medium""}",needs_review,medium_confidence;street_not_matched,CA,CA,90232,90232.0,CULVER CITY,Culver City,Los Angeles County,Los Angeles County,not_flagged,needs_review_address,in_la_county,manual_review,address match quality needs review
lacdmh-sa5-7797X-614,"11444 W WASHINGTON BLVD, STE D, LOS ANGELES, CA 90066-6024",-118.415505,34.001835,"11444 Washington Boulevard, STE D, Los Angeles, California 90066, United States",success,medium,,"{""secondary_address"":""plausible"",""address_number"":""matched"",""street"":""unmatched"",""postcode"":""unmatched"",""place"":""matched"",""region"":""matched"",""locality"":""not_applicable"",""country"":""inferred"",""confidence"":""medium""}",needs_review,medium_confidence;street_not_matched,CA,CA,90066,90066.0,LOS ANGELES,Los Angeles,Los Angeles County,Los Angeles County,not_flagged,needs_review_address,in_la_county,manual_review,address match quality needs review
lacdmh-sa5-7429-615,"1533 EUCLID ST., SANTA MONICA, CA 90404-3306",-118.484017,34.021456,"1533 Euclid Street, Santa Monica, California 90404, United States",success,high,,"{""address_number"":""matched"",""street"":""matched"",""postcode"":""unmatched"",""place"":""matched"",""region"":""matched"",""locality"":""not_applicable"",""country"":""inferred"",""confidence"":""high""}",verified,,CA,CA,90404,90404.0,SANTA MONICA,Santa Monica,Los Angeles County,Los Angeles County,not_flagged,verified_address,in_la_county,include_default_map,verified address in Los Angeles County
lacdmh-sa5-8151-616,"18411 CRENSHAW BLVD 412, TORRANCE, CA 90504-1919",-118.327044,33.863318,"18411 Crenshaw Boulevard, #412, Torrance, California 90504, United States",success,high,,"{""secondary_address"":""plausible"",""address_number"":""matched"",""street"":""matched"",""postcode"":""unmatched"",""place"":""matched"",""region"":""matched"",""locality"":""not_applicable"",""country"":""inferred"",""confidence"":""high""}",verified,,CA,CA,90504,90504.0,TORRANCE,Torrance,Los Angeles County,Los Angeles County,not_flagged,verified_address,in_la_county,include_default_map,verified address in Los Angeles County
lacdmh-sa5-7245A-617,"8939 S SEPULVEDA BLVDSTE 460, LOS ANGELES, CA 90045-3631",-118.396719,33.95486,"8939 South Sepulveda Boulevard, STE 460, Los Angeles, California 90045, United States",success,high,,"{""secondary_address"":""matched"",""address_number"":""matched"",""street"":""matched"",""postcode"":""unmatched"",""place"":""matched"",""region"":""matched"",""locality"":""not_applicable"",""country"":""inferred"",""confidence"":""high""}",verified,,CA,CA,90045,90045.0,LOS ANGELES,Los Angeles,Los Angeles County,Los Angeles County,not_flagged,verified_address,in_la_county,include_default_map,verified address in Los Angeles County
lacdmh-sa5-7693-618,"8838 W PICO BLVD, LOS ANGELES, CA 90035-3302",-118.384728,34.054722,"8838 West Pico Boulevard, Los Angeles, California 90035, United States",success,high,,"{""address_number"":""matched"",""street"":""matched"",""postcode"":""unmatched"",""place"":""matched"",""region"":""matched"",""locality"":""not_applicable"",""country"":""inferred"",""confidence"":""high""}",verified,,CA,CA,90035,90035.0,LOS ANGELES,Los Angeles,Los Angeles County,Los Angeles County,not_flagged,verified_address,in_la_county,include_default_map,verified address in Los Angeles County
lacdmh-sa5-8028-619,"11850 WILSHIRE BOULEVARD, LOS ANGELES, CA 90025-6629",-118.463401,34.046999,"11850 Wilshire Boulevard, Los Angeles, California 90025, United States",success,high,,"{""address_number"":""matched"",""street"":""matched"",""postcode"":""unmatched"",""place"":""matched"",""region"":""matched"",""locality"":""not_applicable"",""country"":""inferred"",""confidence"":""high""}",verified,,CA,CA,90025,90025.0,LOS ANGELES,Los Angeles,Los Angeles County,Los Angeles County,not_flagged,verified_address,in_la_county,include_default_map,verified address in Los Angeles County
lacdmh-sa5-8033-620,"462 N. LINDEN DR. STE. 230, BEVERLY HILLS, CA 90212-2264",-118.407845,34.067816,"462 North Linden Drive, STE 230, Beverly Hills, California 90212, United States",success,high,,"{""secondary_address"":""matched"",""address_number"":""matched"",""street"":""matched"",""postcode"":""unmatched"",""place"":""matched"",""region"":""matched"",""locality"":""not_applicable"",""country"":""inferred"",""confidence"":""high""}",verified,,CA,CA,90212,90212.0,BEVERLY HILLS,Beverly Hills,Los Angeles County,Los Angeles County,not_flagged,verified_address,in_la_county,include_default_map,verified address in Los Angeles County
lacdmh-sa5-1944-621,"9160 LOYOLA BLVD., LOS ANGELES, CA 90045-3576",-118.417045,33.95403,"9160 Loyola Boulevard, Los Angeles, California 90045, United States",success,high,,"{""address_number"":""matched"",""street"":""matched"",""postcode"":""unmatched"",""place"":""matched"",""region"":""matched"",""locality"":""not_applicable"",""country"":""inferred"",""confidence"":""high""}",verified,,CA,CA,90045,90045.0,LOS ANGELES,Los Angeles,Los Angeles County,Los Angeles County,not_flagged,verified_address,in_la_county,include_default_map,verified address in Los Angeles County
lacdmh-sa5-8494-622,"2001 S. BARRINGTON 204, LOS ANGELES, CA 90025-5385",-118.448374,34.044911,"2001 S Barrington Ave, #204, Los Angeles, California 90025, United States",success,medium,,"{""secondary_address"":""plausible"",""address_number"":""matched"",""street"":""unmatched"",""postcode"":""unmatched"",""place"":""matched"",""region"":""matched"",""locality"":""not_applicable"",""country"":""inferred"",""confidence"":""medium""}",needs_review,medium_confidence;street_not_matched,CA,CA,90025,90025.0,LOS ANGELES,Los Angeles,Los Angeles County,Los Angeles County,not_flagged,needs_review_address,in_la_county,manual_review,address match quality needs review
lacdmh-sa5-8110-623,"466 FOOTHILL BLVD. STE. 391, LA CANADA, CA 91011-3518",-118.188885,34.198959,"466 Foothill Boulevard, STE 391, La Cañada Flintridge, California 91011, United States",success,medium,,"{""secondary_address"":""plausible"",""address_number"":""matched"",""street"":""matched"",""postcode"":""unmatched"",""place"":""unmatched"",""region"":""matched"",""locality"":""not_applicable"",""country"":""inferred"",""confidence"":""medium""}",needs_review,medium_confidence;city_mismatch,CA,CA,91011,91011.0,LA CANADA,La Cañada Flintridge,Los Angeles County,Los Angeles County,not_flagged,needs_review_address,in_la_county,manual_review,address match quality needs review
lacdmh-sa5-8104-624,"1617 REDESDALE AVE., LOS ANGELES, CA 90026-1653",-118.271701,34.089024,"1617 Redesdale Avenue, Los Angeles, California 90026, United States",success,high,,"{""address_number"":""matched"",""street"":""matched"",""postcode"":""unmatched"",""place"":""matched"",""region"":""matched"",""locality"":""not_applicable"",""country"":""inferred"",""confidence"":""high""}",verified,,CA,CA,90026,90026.0,LOS ANGELES,Los Angeles,Los Angeles County,Los Angeles County,not_flagged,verified_address,in_la_county,include_default_map,verified address in Los Angeles County
lacdmh-sa5-19O8-625,"1680 E 120TH ST, LOS ANGELES, CA 90059-3026",-118.242771,33.923315,"1680 East 120th Street, Los Angeles, California 90059, United States",success,high,,"{""address_number"":""matched"",""street"":""matched"",""postcode"":""unmatched"",""place"":""matched"",""region"":""matched"",""locality"":""not_applicable"",""country"":""inferred"",""confidence"":""high""}",verified,,CA,CA,90059,90059.0,LOS ANGELES,Los Angeles,Los Angeles County,Los Angeles County,not_flagged,verified_address,in_la_county,include_default_map,verified address in Los Angeles County
lacdmh-sa5-8487-626,"1293 S. BEVERLY GLEN BLVD 308, LOS ANGELES, CA 90024-5252",-118.427751,34.064186,"1293 South Beverly Glen Boulevard, APT 308, Los Angeles, California 90024, United States",success,high,,"{""secondary_address"":""matched"",""address_number"":""matched"",""street"":""matched"",""postcode"":""unmatched"",""place"":""matched"",""region"":""matched"",""locality"":""not_applicable"",""country"":""inferred"",""confidence"":""high""}",verified,,CA,CA,90024,90024.0,LOS ANGELES,Los Angeles,Los Angeles County,Los Angeles County,not_flagged,verified_address,in_la_county,include_default_map,verified address in Los Angeles County
lacdmh-sa5-0059R-627,"3951 EAST BLVD., LOS ANGELES, CA 90066-4605",-118.424021,34.004855,"3951 East Boulevard, Los Angeles, California 90066, United States",success,high,,"{""address_number"":""matched"",""street"":""matched"",""postcode"":""unmatched"",""place"":""matched"",""region"":""matched"",""locality"":""not_applicable"",""country"":""inferred"",""confidence"":""high""}",verified,,CA,CA,90066,90066.0,LOS ANGELES,Los Angeles,Los Angeles County,Los Angeles County,not_flagged,verified_address,in_la_county,include_default_map,verified address in Los Angeles County
lacdmh-sa5-8515-628,"21515 HAWTHORNE BLVD SUITE 200, TORRANCE, CA 90503-6512",-118.353733,33.832958,"21515 Hawthorne Boulevard, STE 200, Torrance, California 90503, United States",success,high,,"{""secondary_address"":""matched"",""address_number"":""matched"",""street"":""matched"",""postcode"":""unmatched"",""place"":""matched"",""region"":""matched"",""locality"":""not_applicable"",""country"":""inferred"",""confidence"":""high""}",verified,,CA,CA,90503,90503.0,TORRANCE,Torrance,Los Angeles County,Los Angeles County,not_flagged,verified_address,in_la_county,include_default_map,verified address in Los Angeles County
lacdmh-sa5-7515-629,"11303 WILSHIRE BLVD.VA BLDG. 116, LOS ANGELES, CA 90025-5069",-118.458499,34.052385,"11303 Wilshire Boulevard, APT 116, Los Angeles, California 90025, United States",success,high,,"{""secondary_address"":""matched"",""address_number"":""matched"",""street"":""matched"",""postcode"":""unmatched"",""place"":""matched"",""region"":""matched"",""locality"":""not_applicable"",""country"":""inferred"",""confidence"":""high""}",verified,,CA,CA,90025,90025.0,LOS ANGELES,Los Angeles,Los Angeles County,Los Angeles County,not_flagged,verified_address,in_la_county,include_default_map,verified address in Los Angeles County
lacdmh-sa5-7909-630,"11301 WILSHIRE BLVD VA BLDG 257, LOS ANGELES, CA 90073-1003",-118.452979,34.052981,"11301 Wilshire Boulevard, va bldg 257, Los Angeles, California 90073, United States",success,high,,"{""secondary_address"":""plausible"",""address_number"":""matched"",""street"":""matched"",""postcode"":""unmatched"",""place"":""matched"",""region"":""matched"",""locality"":""not_applicable"",""country"":""inferred"",""confidence"":""high""}",verified,,CA,CA,90073,90073.0,LOS ANGELES,Los Angeles,Los Angeles County,Los Angeles County,not_flagged,verified_address,in_la_county,include_default_map,verified address in Los Angeles County
lacdmh-sa5-8234-631,"1440 REEVES ST. 101, LOS ANGELES, CA 90035-2950",-118.396132,34.053976,"1440 Reeves Street, APT 101, Los Angeles, California 90035, United States",success,high,,"{""secondary_address"":""matched"",""address_number"":""matched"",""street"":""matched"",""postcode"":""unmatched"",""place"":""matched"",""region"":""matched"",""locality"":""not_applicable"",""country"":""inferred"",""confidence"":""high""}",verified,,CA,CA,90035,90035.0,LOS ANGELES,Los Angeles,Los Angeles County,Los Angeles County,not_flagged,verified_address,in_la_county,include_default_map,verified address in Los Angeles County
lacdmh-sa5-7820-632,"503 OLYMPIC BLVD., SANTA MONICA, CA 90401-3311",-118.489116,34.013476,"503 Olympic Boulevard, Santa Monica, California 90401, United States",success,high,,"{""address_number"":""matched"",""street"":""matched"",""postcode"":""unmatched"",""place"":""matched"",""region"":""matched"",""locality"":""not_applicable"",""country"":""inferred"",""confidence"":""high""}",verified,,CA,CA,90401,90401.0,SANTA MONICA,Santa Monica,Los Angeles County,Los Angeles County,not_flagged,verified_address,in_la_county,include_default_map,verified address in Los Angeles County
lacdmh-sa5-7272-633,"8616 LA TIJERA BLVD STE 200, LOS ANGELES, CA 90045-3945",-118.39173,33.95933,"8616 La Tijera Boulevard, STE 200, Los Angeles, California 90045, United States",success,high,,"{""secondary_address"":""matched"",""address_number"":""matched"",""street"":""matched"",""postcode"":""unmatched"",""place"":""matched"",""region"":""matched"",""locality"":""not_applicable"",""country"":""inferred"",""confidence"":""high""}",verified,,CA,CA,90045,90045.0,LOS ANGELES,Los Angeles,Los Angeles County,Los Angeles County,not_flagged,verified_address,in_la_county,include_default_map,verified address in Los Angeles County
lacdmh-sa5-8325-634,"8631 W. 3RD ST. STE. W1065, LOS ANGELES, CA 90048-5901",-118.380493,34.0738,"8631 West Third Street, STE w1065, Los Angeles, California 90048, United States",success,medium,,"{""secondary_address"":""plausible"",""address_number"":""matched"",""street"":""unmatched"",""postcode"":""unmatched"",""place"":""matched"",""region"":""matched"",""locality"":""not_applicable"",""country"":""inferred"",""confidence"":""medium""}",needs_review,medium_confidence;street_not_matched,CA,CA,90048,90048.0,LOS ANGELES,Los Angeles,Los Angeles County,Los Angeles County,not_flagged,needs_review_address,in_la_county,manual_review,address match quality needs review
lacdmh-sa5-6792-635,"1339 20TH ST., SANTA MONICA, CA 90404-2033",-118.480417,34.029477,"1339 20th Street, Santa Monica, California 90404, United States",success,high,,"{""address_number"":""matched"",""street"":""matched"",""postcode"":""unmatched"",""place"":""matched"",""region"":""matched"",""locality"":""not_applicable"",""country"":""inferred"",""confidence"":""high""}",verified,,CA,CA,90404,90404.0,SANTA MONICA,Santa Monica,Los Angeles County,Los Angeles County,not_flagged,verified_address,in_la_county,include_default_map,verified address in Los Angeles County
lacdmh-sa5-6773-636,"1339 20TH ST., SANTA MONICA, CA 90404-2033",-118.480417,34.029477,"1339 20th Street, Santa Monica, California 90404, United States",success,high,,"{""address_number"":""matched"",""street"":""matched"",""postcode"":""unmatched"",""place"":""matched"",""region"":""matched"",""locality"":""not_applicable"",""country"":""inferred"",""confidence"":""high""}",verified,,CA,CA,90404,90404.0,SANTA MONICA,Santa Monica,Los Angeles County,Los Angeles County,not_flagged,verified_address,in_la_county,include_default_map,verified address in Los Angeles County
lacdmh-sa5-8339-637,"12304 SANTA MONICA BLVD SUITE 310, LOS ANGELES, CA 90025-2551",-118.465418,34.039129,"12304 Santa Monica Boulevard, STE 310, Los Angeles, California 90025, United States",success,high,,"{""secondary_address"":""matched"",""address_number"":""matched"",""street"":""matched"",""postcode"":""unmatched"",""place"":""matched"",""region"":""matched"",""locality"":""not_applicable"",""country"":""inferred"",""confidence"":""high""}",verified,,CA,CA,90025,90025.0,LOS ANGELES,Los Angeles,Los Angeles County,Los Angeles County,not_flagged,verified_address,in_la_county,include_default_map,verified address in Los Angeles County
lacdmh-sa5-19IM SA5-638,"11080 W OLYMPIC BLVD 3RD FL, LOS ANGELES, CA 90064-1937",-118.437402,34.040208,"11080 West Olympic Boulevard, Los Angeles, California 90064, United States",success,high,,"{""address_number"":""matched"",""street"":""matched"",""postcode"":""unmatched"",""place"":""matched"",""region"":""matched"",""locality"":""not_applicable"",""country"":""inferred"",""confidence"":""high""}",verified,,CA,CA,90064,90064.0,LOS ANGELES,Los Angeles,Los Angeles County,Los Angeles County,not_flagged,verified_address,in_la_county,include_default_map,verified address in Los Angeles County
lacdmh-sa5-19MW SA5-639,"11080 W OLYMPIC BLVD 2ND FL, LOS ANGELES, CA 90064-1937",-118.437402,34.040208,"11080 West Olympic Boulevard, Los Angeles, California 90064, United States",success,high,,"{""address_number"":""matched"",""street"":""matched"",""postcode"":""unmatched"",""place"":""matched"",""region"":""matched"",""locality"":""not_applicable"",""country"":""inferred"",""confidence"":""high""}",verified,,CA,CA,90064,90064.0,LOS ANGELES,Los Angeles,Los Angeles County,Los Angeles County,not_flagged,verified_address,in_la_county,include_default_map,verified address in Los Angeles County
lacdmh-sa5-7934 SA5-640,"11080 W OLYMPIC BLVD FL 2, LOS ANGELES, CA 90064-1937",-118.437402,34.040208,"11080 West Olympic Boulevard, FL 2, Los Angeles, California 90064, United States",success,high,,"{""secondary_address"":""plausible"",""address_number"":""matched"",""street"":""matched"",""postcode"":""unmatched"",""place"":""matched"",""region"":""matched"",""locality"":""not_applicable"",""country"":""inferred"",""confidence"":""high""}",verified,,CA,CA,90064,90064.0,LOS ANGELES,Los Angeles,Los Angeles County,Los Angeles County,not_flagged,verified_address,in_la_county,include_default_map,verified address in Los Angeles County
lacdmh-sa5-19O2 SA5-641,"11080 W OLYMPIC BLVD 4TH FL, LOS ANGELES, CA 90064-1937",-118.437402,34.040208,"11080 West Olympic Boulevard, Los Angeles, California 90064, United States",success,high,,"{""address_number"":""matched"",""street"":""matched"",""postcode"":""unmatched"",""place"":""matched"",""region"":""matched"",""locality"":""not_applicable"",""country"":""inferred"",""confidence"":""high""}",verified,,CA,CA,90064,90064.0,LOS ANGELES,Los Angeles,Los Angeles County,Los Angeles County,not_flagged,verified_address,in_la_county,include_default_map,verified address in Los Angeles County
lacdmh-sa5-PSY138592-642,"11911 SAN VICENTE BLVD, LOS ANGELES, CA 90049",-118.470251,34.053102,"11911 West San Vicente Boulevard, Los Angeles, California 90049, United States",success,high,,"{""address_number"":""matched"",""street"":""unmatched"",""postcode"":""matched"",""place"":""matched"",""region"":""matched"",""locality"":""not_applicable"",""country"":""inferred"",""confidence"":""high""}",needs_review,street_not_matched,CA,CA,90049,90049.0,LOS ANGELES,Los Angeles,Los Angeles County,Los Angeles County,not_flagged,needs_review_address,in_la_county,manual_review,address match quality needs review
lacdmh-sa5-7596-643,"6666 GREEN VALLEY CIR., CULVER CITY, CA 90230-7068",-118.385206,33.978291,"6666 Green Valley Circle, Culver City, California 90230, United States",success,high,,"{""address_number"":""matched"",""street"":""matched"",""postcode"":""unmatched"",""place"":""matched"",""region"":""matched"",""locality"":""not_applicable"",""country"":""inferred"",""confidence"":""high""}",verified,,CA,CA,90230,90230.0,CULVER CITY,Culver City,Los Angeles County,Los Angeles County,not_flagged,verified_address,in_la_county,include_default_map,verified address in Los Angeles County
lacdmh-sa5-7657-644,"8616 LA TIJERA BLVD SUITE 200, LOS ANGELES, CA 90045-3944",-118.39173,33.95933,"8616 La Tijera Boulevard, STE 200, Los Angeles, California 90045, United States",success,high,,"{""secondary_address"":""matched"",""address_number"":""matched"",""street"":""matched"",""postcode"":""unmatched"",""place"":""matched"",""region"":""matched"",""locality"":""not_applicable"",""country"":""inferred"",""confidence"":""high""}",verified,,CA,CA,90045,90045.0,LOS ANGELES,Los Angeles,Los Angeles County,Los Angeles County,not_flagged,verified_address,in_la_county,include_default_map,verified address in Los Angeles County
lacdmh-sa5-7842-645,"1450 20TH STREET, SANTA MONICA, CA 90404-2906",-118.47917,34.02733,"1450 20th Street, Santa Monica, California 90404, United States",success,high,,"{""address_number"":""matched"",""street"":""matched"",""postcode"":""unmatched"",""place"":""matched"",""region"":""matched"",""locality"":""not_applicable"",""country"":""inferred"",""confidence"":""high""}",verified,,CA,CA,90404,90404.0,SANTA MONICA,Santa Monica,Los Angeles County,Los Angeles County,not_flagged,verified_address,in_la_county,include_default_map,verified address in Los Angeles County
lacdmh-sa5-7114-646,"204 HAMPTON DRIVE, VENICE, CA 90291-2623",-118.478298,33.998088,"204 Hampton Drive, Venice, California 90291, United States",success,high,,"{""address_number"":""matched"",""street"":""matched"",""postcode"":""unmatched"",""place"":""matched"",""region"":""matched"",""locality"":""not_applicable"",""country"":""inferred"",""confidence"":""high""}",verified,,CA,CA,90291,90291.0,VENICE,Venice,Los Angeles County,Los Angeles County,not_flagged,verified_address,in_la_county,include_default_map,verified address in Los Angeles County
lacdmh-sa5-7762-647,"404 LINCOLN BLVD, VENICE, CA 90291-2829",-118.466321,34.000808,"404 Lincoln Boulevard, Venice, California 90291, United States",success,high,,"{""address_number"":""matched"",""street"":""matched"",""postcode"":""unmatched"",""place"":""matched"",""region"":""matched"",""locality"":""not_applicable"",""country"":""inferred"",""confidence"":""high""}",verified,,CA,CA,90291,90291.0,VENICE,Venice,Los Angeles County,Los Angeles County,not_flagged,verified_address,in_la_county,include_default_map,verified address in Los Angeles County
lacdmh-sa5-7099-648,"1328 SECOND STREET, SANTA MONICA, CA 90401-1122",-118.498162,34.015379,"1328 2nd Street, Santa Monica, California 90401, United States",success,medium,,"{""address_number"":""matched"",""street"":""unmatched"",""postcode"":""unmatched"",""place"":""matched"",""region"":""matched"",""locality"":""not_applicable"",""country"":""inferred"",""confidence"":""medium""}",needs_review,medium_confidence;street_not_matched,CA,CA,90401,90401.0,SANTA MONICA,Santa Monica,Los Angeles County,Los Angeles County,not_flagged,needs_review_address,in_la_county,manual_review,address match quality needs review
lacdmh-sa5-7525-649,"1619 SANTA MONICA BLVD, SANTA MONICA, CA 90404-1807",-118.483444,34.02623,"1619 Santa Monica Boulevard, Santa Monica, California 90404, United States",success,high,,"{""address_number"":""matched"",""street"":""matched"",""postcode"":""unmatched"",""place"":""matched"",""region"":""matched"",""locality"":""not_applicable"",""country"":""inferred"",""confidence"":""high""}",verified,,CA,CA,90404,90404.0,SANTA MONICA,Santa Monica,Los Angeles County,Los Angeles County,not_flagged,verified_address,in_la_county,include_default_map,verified address in Los Angeles County
lacdmh-sa5-19KT-650,"3745 OVERLAND AVE., LOS ANGELES, CA 90034-6311",-118.408065,34.019704,"3745 Overland Avenue, Los Angeles, California 90034, United States",success,high,,"{""address_number"":""matched"",""street"":""matched"",""postcode"":""unmatched"",""place"":""matched"",""region"":""matched"",""locality"":""not_applicable"",""country"":""inferred"",""confidence"":""high""}",verified,,CA,CA,90034,90034.0,LOS ANGELES,Los Angeles,Los Angeles County,Los Angeles County,not_flagged,verified_address,in_la_county,include_default_map,verified address in Los Angeles County
lacdmh-sa5-7394-651,"12099 W. WASHINGTON BLVD., LOS ANGELES, CA 90066-5882",-118.42371,33.998245,"12099 West Washington Boulevard, Los Angeles, California 90066, United States",success,high,,"{""address_number"":""matched"",""street"":""matched"",""postcode"":""unmatched"",""place"":""matched"",""region"":""matched"",""locality"":""not_applicable"",""country"":""inferred"",""confidence"":""high""}",verified,,CA,CA,90066,90066.0,LOS ANGELES,Los Angeles,Los Angeles County,Los Angeles County,not_flagged,verified_address,in_la_county,include_default_map,verified address in Los Angeles County
lacdmh-sa5-19JP-652,"11505 W. OLYMPIC BLVD., LOS ANGELES, CA 90064-1508",-118.444474,34.036687,"11505 West Olympic Boulevard, Los Angeles, California 90064, United States",success,high,,"{""address_number"":""matched"",""street"":""matched"",""postcode"":""unmatched"",""place"":""matched"",""region"":""matched"",""locality"":""not_applicable"",""country"":""inferred"",""confidence"":""high""}",verified,,CA,CA,90064,90064.0,LOS ANGELES,Los Angeles,Los Angeles County,Los Angeles County,not_flagged,verified_address,in_la_county,include_default_map,verified address in Los Angeles County
lacdmh-sa5-19LN-653,"1444 7TH ST, SANTA MONICA, CA 90401-2604",-118.491677,34.017894,"1444 7th Street, Santa Monica, California 90401, United States",success,high,,"{""address_number"":""matched"",""street"":""matched"",""postcode"":""unmatched"",""place"":""matched"",""region"":""matched"",""locality"":""not_applicable"",""country"":""inferred"",""confidence"":""high""}",verified,,CA,CA,90401,90401.0,SANTA MONICA,Santa Monica,Los Angeles County,Los Angeles County,not_flagged,verified_address,in_la_county,include_default_map,verified address in Los Angeles County
lacdmh-sa5-8058-654,"10920 WILSHIRE BLVD. STE. 1010, LOS ANGELES, CA 90024-6502",-118.444507,34.057997,"10920 Wilshire Boulevard, STE 1010, Los Angeles, California 90024, United States",success,high,,"{""secondary_address"":""matched"",""address_number"":""matched"",""street"":""matched"",""postcode"":""unmatched"",""place"":""matched"",""region"":""matched"",""locality"":""not_applicable"",""country"":""inferred"",""confidence"":""high""}",verified,,CA,CA,90024,90024.0,LOS ANGELES,Los Angeles,Los Angeles County,Los Angeles County,not_flagged,verified_address,in_la_county,include_default_map,verified address in Los Angeles County
lacdmh-sa5-19KH-655,"740 WESTWOOD PLAZA ROOM A8-216, LOS ANGELES, CA 90005-1759",-118.442656,34.066841,"740 Westwood Plaza, RM a8-216, Los Angeles, California 90095, United States",success,high,,"{""secondary_address"":""plausible"",""address_number"":""matched"",""street"":""matched"",""postcode"":""unmatched"",""place"":""matched"",""region"":""matched"",""locality"":""not_applicable"",""country"":""inferred"",""confidence"":""high""}",needs_review,zip_mismatch,CA,CA,90005,90095.0,LOS ANGELES,Los Angeles,Los Angeles County,Los Angeles County,not_flagged,verified_city_or_zip_mismatch,in_la_county,include_with_warning,address-level match with city or ZIP mismatch warning
lacdmh-sa5-7789-656,"1033 GAYLEY AVENUE STE 204, LOS ANGELES, CA 90024-3417",-118.447727,34.061198,"1033 Gayley Avenue, STE 204, Los Angeles, California 90024, United States",success,high,,"{""secondary_address"":""matched"",""address_number"":""matched"",""street"":""matched"",""postcode"":""unmatched"",""place"":""matched"",""region"":""matched"",""locality"":""not_applicable"",""country"":""inferred"",""confidence"":""high""}",verified,,CA,CA,90024,90024.0,LOS ANGELES,Los Angeles,Los Angeles County,Los Angeles County,not_flagged,verified_address,in_la_county,include_default_map,verified address in Los Angeles County
lacdmh-sa5-19M2-657,"11080 W OLYMPIC BLVD, LOS ANGELES, CA 90064-1937",-118.437402,34.040208,"11080 West Olympic Boulevard, Los Angeles, California 90064, United States",success,high,,"{""address_number"":""matched"",""street"":""matched"",""postcode"":""unmatched"",""place"":""matched"",""region"":""matched"",""locality"":""not_applicable"",""country"":""inferred"",""confidence"":""high""}",verified,,CA,CA,90064,90064.0,LOS ANGELES,Los Angeles,Los Angeles County,Los Angeles County,not_flagged,verified_address,in_la_county,include_default_map,verified address in Los Angeles County
lacdmh-sa5-1997-658,"3321 EDITH ST, LOS ANGELES, CA 90064-4736",-118.407592,34.031606,"3321 Edith Street, Los Angeles, California 90064, United States",success,high,,"{""address_number"":""matched"",""street"":""matched"",""postcode"":""unmatched"",""place"":""matched"",""region"":""matched"",""locality"":""not_applicable"",""country"":""inferred"",""confidence"":""high""}",verified,,CA,CA,90064,90064.0,LOS ANGELES,Los Angeles,Los Angeles County,Los Angeles County,not_flagged,verified_address,in_la_county,include_default_map,verified address in Los Angeles County
lacdmh-sa5-7196-659,"3200 MOTOR AVENUE, LOS ANGELES, CA 90034-3710",-118.41044,34.031471,"3200 Motor Avenue, Los Angeles, California 90034, United States",success,high,,"{""address_number"":""matched"",""street"":""matched"",""postcode"":""unmatched"",""place"":""matched"",""region"":""matched"",""locality"":""not_applicable"",""country"":""inferred"",""confidence"":""high""}",verified,,CA,CA,90034,90034.0,LOS ANGELES,Los Angeles,Los Angeles County,Los Angeles County,not_flagged,verified_address,in_la_county,include_default_map,verified address in Los Angeles County
lacdmh-sa5-19EX-660,"601 PICO BLVD. AD 508-513, SANTA MONICA, CA 90405-1224",-118.485249,34.011448,"601 Pico Boulevard, ad 508-513, Santa Monica, California 90405, United States",success,high,,"{""secondary_address"":""plausible"",""address_number"":""matched"",""street"":""matched"",""postcode"":""unmatched"",""place"":""matched"",""region"":""matched"",""locality"":""not_applicable"",""country"":""inferred"",""confidence"":""high""}",verified,,CA,CA,90405,90405.0,SANTA MONICA,Santa Monica,Los Angeles County,Los Angeles County,not_flagged,verified_address,in_la_county,include_default_map,verified address in Los Angeles County
lacdmh-sa5-19JC-661,"5120 W. GOLDLEAF CIR. STE. 300, LOS ANGELES, CA 90056-1293",-118.368564,33.988542,"5120 Goldleaf Circle, STE 300, Los Angeles, California 90056, United States",success,high,,"{""secondary_address"":""matched"",""address_number"":""matched"",""street"":""matched"",""postcode"":""unmatched"",""place"":""matched"",""region"":""matched"",""locality"":""not_applicable"",""country"":""inferred"",""confidence"":""high""}",verified,,CA,CA,90056,90056.0,LOS ANGELES,Los Angeles,Los Angeles County,Los Angeles County,not_flagged,verified_address,in_la_county,include_default_map,verified address in Los Angeles County
lacdmh-sa5-7847-662,"1749 14TH ST., SANTA MONICA, CA 90404-4342",-118.479224,34.018986,"1749 14th Street, Santa Monica, California 90404, United States",success,high,,"{""address_number"":""matched"",""street"":""matched"",""postcode"":""unmatched"",""place"":""matched"",""region"":""matched"",""locality"":""not_applicable"",""country"":""inferred"",""confidence"":""high""}",verified,,CA,CA,90404,90404.0,SANTA MONICA,Santa Monica,Los Angeles County,Los Angeles County,not_flagged,verified_address,in_la_county,include_default_map,verified address in Los Angeles County
lacdmh-sa5-8069-663,"8306 WILSHIRE BLVD. STE. 501, BEVERLY HILLS, CA 90211-2382",-118.372373,34.063776,"8306 Wilshire Boulevard, STE 501, Beverly Hills, California 90211, United States",success,high,,"{""secondary_address"":""plausible"",""address_number"":""matched"",""street"":""matched"",""postcode"":""unmatched"",""place"":""matched"",""region"":""matched"",""locality"":""not_applicable"",""country"":""inferred"",""confidence"":""high""}",verified,,CA,CA,90211,90211.0,BEVERLY HILLS,Beverly Hills,Los Angeles County,Los Angeles County,not_flagged,verified_address,in_la_county,include_default_map,verified address in Los Angeles County
lacdmh-sa5-8062-664,"10801 NATIONAL BLVD SUITE 240, LOS ANGELES, CA 90064-4141",-118.420422,34.03127,"10801 National Boulevard, STE 240, Los Angeles, California 90064, United States",success,high,,"{""secondary_address"":""plausible"",""address_number"":""matched"",""street"":""matched"",""postcode"":""unmatched"",""place"":""matched"",""region"":""matched"",""locality"":""not_applicable"",""country"":""inferred"",""confidence"":""high""}",verified,,CA,CA,90064,90064.0,LOS ANGELES,Los Angeles,Los Angeles County,Los Angeles County,not_flagged,verified_address,in_la_county,include_default_map,verified address in Los Angeles County
lacdmh-sa6-7348 1736-665,"2116 ARLINGTON AVE. STE. 200, LOS ANGELES, CA 90018-1336",-118.316679,34.037444,"2116 Arlington Avenue, STE 200, Los Angeles, California 90018, United States",success,high,,"{""secondary_address"":""matched"",""address_number"":""matched"",""street"":""matched"",""postcode"":""unmatched"",""place"":""matched"",""region"":""matched"",""locality"":""not_applicable"",""country"":""inferred"",""confidence"":""high""}",verified,,CA,CA,90018,90018.0,LOS ANGELES,Los Angeles,Los Angeles County,Los Angeles County,not_flagged,verified_address,in_la_county,include_default_map,verified address in Los Angeles County
lacdmh-sa6-19LR 19LRA-666,"325 E 111TH ST, LOS ANGELES, CA 90061-3003",-118.268377,33.935081,"325 East 111th Street, Los Angeles, California 90061, United States",success,high,,"{""address_number"":""matched"",""street"":""matched"",""postcode"":""unmatched"",""place"":""matched"",""region"":""matched"",""locality"":""not_applicable"",""country"":""inferred"",""confidence"":""high""}",verified,,CA,CA,90061,90061.0,LOS ANGELES,Los Angeles,Los Angeles County,Los Angeles County,not_flagged,verified_address,in_la_county,include_default_map,verified address in Los Angeles County
lacdmh-sa6-19KU-667,"407 408 409 W 103RD ST, LOS ANGELES, CA 90003-4405",-118.28086,33.94293,"407 West 103rd Street, Los Angeles, California 90003, United States",success,high,,"{""address_number"":""matched"",""street"":""matched"",""postcode"":""unmatched"",""place"":""matched"",""region"":""matched"",""locality"":""not_applicable"",""country"":""inferred"",""confidence"":""high""}",verified,,CA,CA,90003,90003.0,LOS ANGELES,Los Angeles,Los Angeles County,Los Angeles County,not_flagged,verified_address,in_la_county,include_default_map,verified address in Los Angeles County
lacdmh-sa6-8458-668,"415 W. ROUTE 66 STE 202, GLENDORA, CA 91740-4335",-117.869935,34.129059,"415 W Route 66, STE 202, Glendora, California 91740, United States",success,high,,"{""secondary_address"":""matched"",""address_number"":""matched"",""street"":""matched"",""postcode"":""unmatched"",""place"":""matched"",""region"":""matched"",""locality"":""not_applicable"",""country"":""inferred"",""confidence"":""high""}",verified,,CA,CA,91740,91740.0,GLENDORA,Glendora,Los Angeles County,Los Angeles County,not_flagged,verified_address,in_la_county,include_default_map,verified address in Los Angeles County
lacdmh-sa6-7558-669,"12021 S WILMINGTON AVE, LOS ANGELES, CA 90059-3019",-118.242836,33.923005,"12021 Wilmington Avenue, Los Angeles, California 90059, United States",success,high,,"{""address_number"":""matched"",""street"":""matched"",""postcode"":""unmatched"",""place"":""matched"",""region"":""matched"",""locality"":""not_applicable"",""country"":""inferred"",""confidence"":""high""}",verified,,CA,CA,90059,90059.0,LOS ANGELES,Los Angeles,Los Angeles County,Los Angeles County,not_flagged,verified_address,in_la_county,include_default_map,verified address in Los Angeles County
lacdmh-sa6-7655-670,"3756 SANTA ROSALIA DR STE 628, LOS ANGELES, CA 90008-3606",-118.339248,34.008812,"3756 Santa Rosalia Drive, STE 628, Los Angeles, California 90008, United States",success,high,,"{""secondary_address"":""matched"",""address_number"":""matched"",""street"":""matched"",""postcode"":""unmatched"",""place"":""matched"",""region"":""matched"",""locality"":""not_applicable"",""country"":""inferred"",""confidence"":""high""}",verified,,CA,CA,90008,90008.0,LOS ANGELES,Los Angeles,Los Angeles County,Los Angeles County,not_flagged,verified_address,in_la_county,include_default_map,verified address in Los Angeles County
lacdmh-sa6-8483-671,"1560 E. CHEVY CHASE DR. STE. 130, GLENDALE, CA 91206-4140",-118.2303,34.152856,"1560 East Chevy Chase Drive, STE 130, Glendale, California 91206, United States",success,high,,"{""secondary_address"":""matched"",""address_number"":""matched"",""street"":""matched"",""postcode"":""unmatched"",""place"":""matched"",""region"":""matched"",""locality"":""not_applicable"",""country"":""inferred"",""confidence"":""high""}",verified,,CA,CA,91206,91206.0,GLENDALE,Glendale,Los Angeles County,Los Angeles County,not_flagged,verified_address,in_la_county,include_default_map,verified address in Los Angeles County
lacdmh-sa6-8440-672,"5631 S. LACIENEGA BLVD, LOS ANGELES, CA 90056-1333",-118.340796,34.033773,"West Boulevard, Los Angeles, California 90016, United States",success,,,,needs_review,missing_confidence;non_address_result:street;zip_mismatch,CA,CA,90056,90016.0,LOS ANGELES,Los Angeles,Los Angeles County,Los Angeles County,not_flagged,needs_review_address,in_la_county,manual_review,address match quality needs review
lacdmh-sa6-6864L-673,"12021 S WILMINGTON AVE STE 2D, LOS ANGELES, CA 90059-3019",-118.242836,33.923005,"12021 Wilmington Avenue, STE 2d, Los Angeles, California 90059, United States",success,high,,"{""secondary_address"":""plausible"",""address_number"":""matched"",""street"":""matched"",""postcode"":""unmatched"",""place"":""matched"",""region"":""matched"",""locality"":""not_applicable"",""country"":""inferred"",""confidence"":""high""}",verified,,CA,CA,90059,90059.0,LOS ANGELES,Los Angeles,Los Angeles County,Los Angeles County,not_flagged,verified_address,in_la_county,include_default_map,verified address in Los Angeles County
lacdmh-sa6-19LV-674,"12021 S WILMINGTON AVE BLDG 18, LOS ANGELES, CA 90059-3019",-118.242836,33.923005,"12021 Wilmington Avenue, BLDG 18, Los Angeles, California 90059, United States",success,high,,"{""secondary_address"":""plausible"",""address_number"":""matched"",""street"":""matched"",""postcode"":""unmatched"",""place"":""matched"",""region"":""matched"",""locality"":""not_applicable"",""country"":""inferred"",""confidence"":""high""}",verified,,CA,CA,90059,90059.0,LOS ANGELES,Los Angeles,Los Angeles County,Los Angeles County,not_flagged,verified_address,in_la_county,include_default_map,verified address in Los Angeles County
lacdmh-sa6-7733-675,"5054 S. VERMONT AVE., LOS ANGELES, CA 90037-2946",-118.291244,33.996709,"5054 South Vermont Avenue, Los Angeles, California 90037, United States",success,high,,"{""address_number"":""matched"",""street"":""matched"",""postcode"":""unmatched"",""place"":""matched"",""region"":""matched"",""locality"":""not_applicable"",""country"":""inferred"",""confidence"":""high""}",verified,,CA,CA,90037,90037.0,LOS ANGELES,Los Angeles,Los Angeles County,Los Angeles County,not_flagged,verified_address,in_la_county,include_default_map,verified address in Los Angeles County
lacdmh-sa6-7936-676,"3680 E. IMPERIAL HWY. STE. 520, LYNWOOD, CA 90262-2697",-118.201241,33.931754,"3680 Imperial Highway, STE 520, Lynwood, California 90262, United States",success,high,,"{""secondary_address"":""matched"",""address_number"":""matched"",""street"":""matched"",""postcode"":""unmatched"",""place"":""matched"",""region"":""matched"",""locality"":""not_applicable"",""country"":""inferred"",""confidence"":""high""}",verified,,CA,CA,90262,90262.0,LYNWOOD,Lynwood,Los Angeles County,Los Angeles County,not_flagged,verified_address,in_la_county,include_default_map,verified address in Los Angeles County
lacdmh-sa6-7218-677,"2640 INDUSTRY WAY SUITE B, LYNWOOD, CA 90262-4000",-118.224798,33.923631,"2640 Industry Way, STE B, Lynwood, California 90262, United States",success,high,,"{""secondary_address"":""matched"",""address_number"":""matched"",""street"":""matched"",""postcode"":""unmatched"",""place"":""matched"",""region"":""matched"",""locality"":""not_applicable"",""country"":""inferred"",""confidence"":""high""}",verified,,CA,CA,90262,90262.0,LYNWOOD,Lynwood,Los Angeles County,Los Angeles County,not_flagged,verified_address,in_la_county,include_default_map,verified address in Los Angeles County
lacdmh-sa6-7939-678,"16444 PARAMOUNT BLVD STE 203, PARAMOUNT, CA 90723-5454",-118.159628,33.884851,"16444 Paramount Boulevard, STE 203, Paramount, California 90723, United States",success,high,,"{""secondary_address"":""matched"",""address_number"":""matched"",""street"":""matched"",""postcode"":""unmatched"",""place"":""matched"",""region"":""matched"",""locality"":""not_applicable"",""country"":""inferred"",""confidence"":""high""}",verified,,CA,CA,90723,90723.0,PARAMOUNT,Paramount,Los Angeles County,Los Angeles County,not_flagged,verified_address,in_la_county,include_default_map,verified address in Los Angeles County
lacdmh-sa6-8009-679,"3630 E IMPERIAL HWY, LYNWOOD, CA 90262-2636",-118.202992,33.929845,"3630 Imperial Highway, Lynwood, California 90262, United States",success,high,,"{""address_number"":""matched"",""street"":""matched"",""postcode"":""unmatched"",""place"":""matched"",""region"":""matched"",""locality"":""not_applicable"",""country"":""inferred"",""confidence"":""high""}",verified,,CA,CA,90262,90262.0,LYNWOOD,Lynwood,Los Angeles County,Los Angeles County,not_flagged,verified_address,in_la_county,include_default_map,verified address in Los Angeles County
lacdmh-sa6-7972-680,"3756 SANTA ROSALIA DR STE 424, LOS ANGELES, CA 90008-3614",-118.339248,34.008812,"3756 Santa Rosalia Drive, STE 424, Los Angeles, California 90008, United States",success,high,,"{""secondary_address"":""matched"",""address_number"":""matched"",""street"":""matched"",""postcode"":""unmatched"",""place"":""matched"",""region"":""matched"",""locality"":""not_applicable"",""country"":""inferred"",""confidence"":""high""}",verified,,CA,CA,90008,90008.0,LOS ANGELES,Los Angeles,Los Angeles County,Los Angeles County,not_flagged,verified_address,in_la_county,include_default_map,verified address in Los Angeles County
lacdmh-sa6-8114-681,"23210 CRENSHAW BLVD SUITE 100, TORRANCE, CA 90505-9998",-118.327693,33.814723,"23210 Crenshaw Boulevard, STE 100, Torrance, California 90505, United States",success,high,,"{""secondary_address"":""matched"",""address_number"":""matched"",""street"":""matched"",""postcode"":""unmatched"",""place"":""matched"",""region"":""matched"",""locality"":""not_applicable"",""country"":""inferred"",""confidence"":""high""}",verified,,CA,CA,90505,90505.0,TORRANCE,Torrance,Los Angeles County,Los Angeles County,not_flagged,verified_address,in_la_county,include_default_map,verified address in Los Angeles County
lacdmh-sa6-7782-682,"1910 MAGNOLIA AVENUE, LOS ANGELES, CA 90007-1220",-118.285831,34.039529,"1910 Magnolia Avenue, Los Angeles, California 90007, United States",success,high,,"{""address_number"":""matched"",""street"":""matched"",""postcode"":""unmatched"",""place"":""matched"",""region"":""matched"",""locality"":""not_applicable"",""country"":""inferred"",""confidence"":""high""}",verified,,CA,CA,90007,90007.0,LOS ANGELES,Los Angeles,Los Angeles County,Los Angeles County,not_flagged,verified_address,in_la_county,include_default_map,verified address in Los Angeles County
lacdmh-sa6-19L3-683,"12226 S WESTERN AVE, LOS ANGELES, CA 90047-5240",-118.306793,33.920536,"12226 South Western Avenue, Los Angeles, California 90047, United States",success,high,,"{""address_number"":""matched"",""street"":""matched"",""postcode"":""unmatched"",""place"":""matched"",""region"":""matched"",""locality"":""not_applicable"",""country"":""inferred"",""confidence"":""high""}",verified,,CA,CA,90047,90047.0,LOS ANGELES,Los Angeles,Los Angeles County,Los Angeles County,not_flagged,verified_address,in_la_county,include_default_map,verified address in Los Angeles County
lacdmh-sa6-19CE-684,"1963 E. 103RD. ST., LOS ANGELES, CA 90002-3123",-118.23752,33.943461,"1963 East 103rd Street, Los Angeles, California 90002, United States",success,high,,"{""address_number"":""matched"",""street"":""matched"",""postcode"":""unmatched"",""place"":""matched"",""region"":""matched"",""locality"":""not_applicable"",""country"":""inferred"",""confidence"":""high""}",verified,,CA,CA,90002,90002.0,LOS ANGELES,Los Angeles,Los Angeles County,Los Angeles County,not_flagged,verified_address,in_la_county,include_default_map,verified address in Los Angeles County
lacdmh-sa6-7736-685,"10200 SUCCESS AVE., LOS ANGELES, CA 90002-3338",-118.2489,33.94405,"10200 Success Avenue, Los Angeles, California 90002, United States",success,high,,"{""address_number"":""matched"",""street"":""matched"",""postcode"":""unmatched"",""place"":""matched"",""region"":""matched"",""locality"":""not_applicable"",""country"":""inferred"",""confidence"":""high""}",verified,,CA,CA,90002,90002.0,LOS ANGELES,Los Angeles,Los Angeles County,Los Angeles County,not_flagged,verified_address,in_la_county,include_default_map,verified address in Los Angeles County
lacdmh-sa6-1938-686,"921 E. COMPTON BLVD., COMPTON, CA 90221-3303",-118.21314,33.89633,"921 East Compton Boulevard, Compton, California 90221, United States",success,high,,"{""address_number"":""matched"",""street"":""matched"",""postcode"":""unmatched"",""place"":""matched"",""region"":""matched"",""locality"":""not_applicable"",""country"":""inferred"",""confidence"":""high""}",verified,,CA,CA,90221,90221.0,COMPTON,Compton,Los Angeles County,Los Angeles County,not_flagged,verified_address,in_la_county,include_default_map,verified address in Los Angeles County
lacdmh-sa6-7707-687,"921 E COMPTON BLVD 1ST FLR, COMPTON, CA 90221-3303",-118.21314,33.89633,"921 East Compton Boulevard, flr 1st, Compton, California 90221, United States",success,high,,"{""secondary_address"":""plausible"",""address_number"":""matched"",""street"":""matched"",""postcode"":""unmatched"",""place"":""matched"",""region"":""matched"",""locality"":""not_applicable"",""country"":""inferred"",""confidence"":""high""}",verified,,CA,CA,90221,90221.0,COMPTON,Compton,Los Angeles County,Los Angeles County,not_flagged,verified_address,in_la_county,include_default_map,verified address in Los Angeles County
lacdmh-sa6-19JD-688,"8627 JUNIPER ST., LOS ANGELES, CA 90002-1539",-118.233197,33.959205,"8627 Juniper Street, Los Angeles, California 90002, United States",success,high,,"{""address_number"":""matched"",""street"":""matched"",""postcode"":""unmatched"",""place"":""matched"",""region"":""matched"",""locality"":""not_applicable"",""country"":""inferred"",""confidence"":""high""}",verified,,CA,CA,90002,90002.0,LOS ANGELES,Los Angeles,Los Angeles County,Los Angeles County,not_flagged,verified_address,in_la_county,include_default_map,verified address in Los Angeles County
lacdmh-sa6-19D3-689,"4915 11TH AVE., LOS ANGELES, CA 90043-4847",-118.329725,33.998458,"4915 11th Avenue, Los Angeles, California 90043, United States",success,high,,"{""address_number"":""matched"",""street"":""matched"",""postcode"":""unmatched"",""place"":""matched"",""region"":""matched"",""locality"":""not_applicable"",""country"":""inferred"",""confidence"":""high""}",verified,,CA,CA,90043,90043.0,LOS ANGELES,Los Angeles,Los Angeles County,Los Angeles County,not_flagged,verified_address,in_la_county,include_default_map,verified address in Los Angeles County
lacdmh-sa6-19F1-690,"1537 W. 49TH ST., LOS ANGELES, CA 90062-2451",-118.30475,33.999399,"1537 West 49th Street, Los Angeles, California 90062, United States",success,high,,"{""address_number"":""matched"",""street"":""matched"",""postcode"":""unmatched"",""place"":""matched"",""region"":""matched"",""locality"":""not_applicable"",""country"":""inferred"",""confidence"":""high""}",verified,,CA,CA,90062,90062.0,LOS ANGELES,Los Angeles,Los Angeles County,Los Angeles County,not_flagged,verified_address,in_la_county,include_default_map,verified address in Los Angeles County
lacdmh-sa6-19EZ-691,"1762 W. 42ND ST., LOS ANGELES, CA 90062-1526",-118.311145,34.006999,"1762 West 42nd Street, Los Angeles, California 90062, United States",success,high,,"{""address_number"":""matched"",""street"":""matched"",""postcode"":""unmatched"",""place"":""matched"",""region"":""matched"",""locality"":""not_applicable"",""country"":""inferred"",""confidence"":""high""}",verified,,CA,CA,90062,90062.0,LOS ANGELES,Los Angeles,Los Angeles County,Los Angeles County,not_flagged,verified_address,in_la_county,include_default_map,verified address in Los Angeles County
lacdmh-sa6-19EY-692,"4173 2ND AVE., LOS ANGELES, CA 90008-4041",-118.319591,34.008176,"4173 2nd Avenue, Los Angeles, California 90008, United States",success,high,,"{""address_number"":""matched"",""street"":""matched"",""postcode"":""unmatched"",""place"":""matched"",""region"":""matched"",""locality"":""not_applicable"",""country"":""inferred"",""confidence"":""high""}",verified,,CA,CA,90008,90008.0,LOS ANGELES,Los Angeles,Los Angeles County,Los Angeles County,not_flagged,verified_address,in_la_county,include_default_map,verified address in Los Angeles County
lacdmh-sa6-19GI-693,"10101 S. BROADWAY, LOS ANGELES, CA 90003-4534",-118.278756,33.944181,"10101 South Broadway, Los Angeles, California 90003, United States",success,high,,"{""address_number"":""matched"",""street"":""matched"",""postcode"":""unmatched"",""place"":""matched"",""region"":""matched"",""locality"":""not_applicable"",""country"":""inferred"",""confidence"":""high""}",verified,,CA,CA,90003,90003.0,LOS ANGELES,Los Angeles,Los Angeles County,Los Angeles County,not_flagged,verified_address,in_la_county,include_default_map,verified address in Los Angeles County
lacdmh-sa6-19GB-694,"9179 S. MAIN ST., LOS ANGELES, CA 90003-4135",-118.273884,33.952507,"9179 South Main Street, Los Angeles, California 90003, United States",success,low,,"{""address_number"":""plausible"",""street"":""matched"",""postcode"":""unmatched"",""place"":""matched"",""region"":""matched"",""locality"":""not_applicable"",""country"":""inferred"",""confidence"":""low""}",needs_review,low_confidence;address_number_not_matched,CA,CA,90003,90003.0,LOS ANGELES,Los Angeles,Los Angeles County,Los Angeles County,not_flagged,needs_review_address,in_la_county,manual_review,address match quality needs review
lacdmh-sa6-19DL-695,"8515 KANSAS AVE., LOS ANGELES, CA 90044-3496",-118.294619,33.960338,"8515 Kansas Avenue, Los Angeles, California 90044, United States",success,high,,"{""address_number"":""matched"",""street"":""matched"",""postcode"":""unmatched"",""place"":""matched"",""region"":""matched"",""locality"":""not_applicable"",""country"":""inferred"",""confidence"":""high""}",verified,,CA,CA,90044,90044.0,LOS ANGELES,Los Angeles,Los Angeles County,Los Angeles County,not_flagged,verified_address,in_la_county,include_default_map,verified address in Los Angeles County
lacdmh-sa6-19HS-696,"1723 CORDOVA ST., LOS ANGELES, CA 90007-1114",-118.295241,34.039188,"1723 Cordova Street, Los Angeles, California 90007, United States",success,high,,"{""address_number"":""matched"",""street"":""matched"",""postcode"":""unmatched"",""place"":""matched"",""region"":""matched"",""locality"":""not_applicable"",""country"":""inferred"",""confidence"":""high""}",verified,,CA,CA,90007,90007.0,LOS ANGELES,Los Angeles,Los Angeles County,Los Angeles County,not_flagged,verified_address,in_la_county,include_default_map,verified address in Los Angeles County
lacdmh-sa6-19DZ-697,"2726 FRANCIS AVE. RM 16, LOS ANGELES, CA 90005-1252",-118.28495,34.05657,"2726 Francis Avenue, RM 16, Los Angeles, California 90005, United States",success,high,,"{""secondary_address"":""plausible"",""address_number"":""matched"",""street"":""matched"",""postcode"":""unmatched"",""place"":""matched"",""region"":""matched"",""locality"":""not_applicable"",""country"":""inferred"",""confidence"":""high""}",verified,,CA,CA,90005,90005.0,LOS ANGELES,Los Angeles,Los Angeles County,Los Angeles County,not_flagged,verified_address,in_la_county,include_default_map,verified address in Los Angeles County
lacdmh-sa6-7423-698,"1328 WEST MANCHESTER AVENUE, LOS ANGELES, CA 90044-2240",-118.29927,33.959646,"1328 West Manchester Avenue, Los Angeles, California 90044, United States",success,high,,"{""address_number"":""matched"",""street"":""matched"",""postcode"":""unmatched"",""place"":""matched"",""region"":""matched"",""locality"":""not_applicable"",""country"":""inferred"",""confidence"":""high""}",verified,,CA,CA,90044,90044.0,LOS ANGELES,Los Angeles,Los Angeles County,Los Angeles County,not_flagged,verified_address,in_la_county,include_default_map,verified address in Los Angeles County
lacdmh-sa6-7535-699,"1770 EAST 118TH STREET, LOS ANGELES, CA 90059-2518",-118.240979,33.925499,"1770 East 118th Street, Los Angeles, California 90059, United States",success,high,,"{""address_number"":""matched"",""street"":""matched"",""postcode"":""unmatched"",""place"":""matched"",""region"":""matched"",""locality"":""not_applicable"",""country"":""inferred"",""confidence"":""high""}",verified,,CA,CA,90059,90059.0,LOS ANGELES,Los Angeles,Los Angeles County,Los Angeles County,not_flagged,verified_address,in_la_county,include_default_map,verified address in Los Angeles County
lacdmh-sa6-7476-700,"1720 E 120TH ST RM 1172, LOS ANGELES, CA 90059-3052",-118.242296,33.924054,"1720 East 120th Street, RM 1172, Los Angeles, California 90059, United States",success,high,,"{""secondary_address"":""plausible"",""address_number"":""matched"",""street"":""matched"",""postcode"":""unmatched"",""place"":""matched"",""region"":""matched"",""locality"":""not_applicable"",""country"":""inferred"",""confidence"":""high""}",verified,,CA,CA,90059,90059.0,LOS ANGELES,Los Angeles,Los Angeles County,Los Angeles County,not_flagged,verified_address,in_la_county,include_default_map,verified address in Los Angeles County
lacdmh-sa6-19D9-701,"3737 MARTIN LUTHER KING JR BLVD STE 515, LYNWOOD, CA 90262-3517",-118.200382,33.928955,"3737 Martin Luther King Jr Boulevard, STE 515, Lynwood, California 90262, United States",success,high,,"{""secondary_address"":""matched"",""address_number"":""matched"",""street"":""matched"",""postcode"":""unmatched"",""place"":""matched"",""region"":""matched"",""locality"":""not_applicable"",""country"":""inferred"",""confidence"":""high""}",verified,,CA,CA,90262,90262.0,LYNWOOD,Lynwood,Los Angeles County,Los Angeles County,not_flagged,verified_address,in_la_county,include_default_map,verified address in Los Angeles County
lacdmh-sa6-7911-702,"12021 S WILMINGTON AVE 2ND FL IC1 TO IC7, LOS ANGELES, CA 90059-3019",-118.242836,33.923005,"12021 Wilmington Avenue, FL 2nd, Los Angeles, California 90059, United States",success,high,,"{""secondary_address"":""plausible"",""address_number"":""matched"",""street"":""matched"",""postcode"":""unmatched"",""place"":""matched"",""region"":""matched"",""locality"":""not_applicable"",""country"":""inferred"",""confidence"":""high""}",verified,,CA,CA,90059,90059.0,LOS ANGELES,Los Angeles,Los Angeles County,Los Angeles County,not_flagged,verified_address,in_la_county,include_default_map,verified address in Los Angeles County
lacdmh-sa6-19ML-703,"3737 MARTIN LUTHER KING JR BLVD STE 550, LYNWOOD, CA 90262-3536",-118.200382,33.928955,"3737 Martin Luther King Jr Boulevard, STE 550, Lynwood, California 90262, United States",success,high,,"{""secondary_address"":""matched"",""address_number"":""matched"",""street"":""matched"",""postcode"":""unmatched"",""place"":""matched"",""region"":""matched"",""locality"":""not_applicable"",""country"":""inferred"",""confidence"":""high""}",verified,,CA,CA,90262,90262.0,LYNWOOD,Lynwood,Los Angeles County,Los Angeles County,not_flagged,verified_address,in_la_county,include_default_map,verified address in Los Angeles County
lacdmh-sa6-19AP-704,"12021 S. WILMINGTON AVE. STE. 100, LOS ANGELES, CA 90059-3019",-118.24558,33.92337,"12021 Wilmington Avenue, STE 100, Los Angeles, California 90059, United States",success,high,,"{""secondary_address"":""matched"",""address_number"":""matched"",""street"":""matched"",""postcode"":""unmatched"",""place"":""matched"",""region"":""matched"",""locality"":""not_applicable"",""country"":""inferred"",""confidence"":""high""}",verified,,CA,CA,90059,90059.0,LOS ANGELES,Los Angeles,Los Angeles County,Los Angeles County,not_flagged,verified_address,in_la_county,include_default_map,verified address in Los Angeles County
lacdmh-sa6-7385-705,"8401 SOUTH VERMONT AVENUE, LOS ANGELES, CA 90044-3423",-118.292073,33.96256,"8401 South Vermont Avenue, Los Angeles, California 90044, United States",success,high,,"{""address_number"":""matched"",""street"":""matched"",""postcode"":""unmatched"",""place"":""matched"",""region"":""matched"",""locality"":""not_applicable"",""country"":""inferred"",""confidence"":""high""}",verified,,CA,CA,90044,90044.0,LOS ANGELES,Los Angeles,Los Angeles County,Los Angeles County,not_flagged,verified_address,in_la_county,include_default_map,verified address in Los Angeles County
lacdmh-sa6-7958-706,"11460 S NORMANDIE AVE, LOS ANGELES, CA 90044-1215",-118.299935,33.929439,"11460 South Normandie Avenue, Los Angeles, California 90044, United States",success,high,,"{""address_number"":""matched"",""street"":""matched"",""postcode"":""unmatched"",""place"":""matched"",""region"":""matched"",""locality"":""not_applicable"",""country"":""inferred"",""confidence"":""high""}",verified,,CA,CA,90044,90044.0,LOS ANGELES,Los Angeles,Los Angeles County,Los Angeles County,not_flagged,verified_address,in_la_county,include_default_map,verified address in Los Angeles County
lacdmh-sa6-19ASX-707,"12021 WILMINGTON AVE BLDG 18, LOS ANGELES, CA 90059-3019",-118.242836,33.923005,"12021 Wilmington Avenue, BLDG 18, Los Angeles, California 90059, United States",success,high,,"{""secondary_address"":""plausible"",""address_number"":""matched"",""street"":""matched"",""postcode"":""unmatched"",""place"":""matched"",""region"":""matched"",""locality"":""not_applicable"",""country"":""inferred"",""confidence"":""high""}",verified,,CA,CA,90059,90059.0,LOS ANGELES,Los Angeles,Los Angeles County,Los Angeles County,not_flagged,verified_address,in_la_county,include_default_map,verified address in Los Angeles County
lacdmh-sa6-8123-708,"4034 ELIZABETH STREET, COMPTON, CA 90221-4672",-118.198778,33.887706,"4034 East Elizabeth Street, Compton, California 90221, United States",success,medium,,"{""address_number"":""matched"",""street"":""unmatched"",""postcode"":""unmatched"",""place"":""matched"",""region"":""matched"",""locality"":""not_applicable"",""country"":""inferred"",""confidence"":""medium""}",needs_review,medium_confidence;street_not_matched,CA,CA,90221,90221.0,COMPTON,Compton,Los Angeles County,Los Angeles County,not_flagged,needs_review_address,in_la_county,manual_review,address match quality needs review
lacdmh-sa6-8499-709,"848 W. LANCASTER BLVD STE 102, LANCASTER, CA 93534-2347",-118.146199,34.697089,"848 West Lancaster Boulevard, STE 102, Lancaster, California 93534, United States",success,high,,"{""secondary_address"":""matched"",""address_number"":""matched"",""street"":""matched"",""postcode"":""unmatched"",""place"":""matched"",""region"":""matched"",""locality"":""not_applicable"",""country"":""inferred"",""confidence"":""high""}",verified,,CA,CA,93534,93534.0,LANCASTER,Lancaster,Los Angeles County,Los Angeles County,not_flagged,verified_address,in_la_county,include_default_map,verified address in Los Angeles County
lacdmh-sa6-19HH-710,"1600 W. IMPERIAL HWY, LOS ANGELES, CA 90047-4810",-118.305648,33.929897,"1600 West Imperial Highway, Los Angeles, California 90047, United States",success,high,,"{""address_number"":""matched"",""street"":""matched"",""postcode"":""unmatched"",""place"":""matched"",""region"":""matched"",""locality"":""not_applicable"",""country"":""inferred"",""confidence"":""high""}",verified,,CA,CA,90047,90047.0,LOS ANGELES,Los Angeles,Los Angeles County,Los Angeles County,not_flagged,verified_address,in_la_county,include_default_map,verified address in Los Angeles County
lacdmh-sa6-19GU-711,"1353 E. 20TH ST., LOS ANGELES, CA 90011-1226",-118.249775,34.022542,"1353 East 20th Street, Los Angeles, California 90011, United States",success,high,,"{""address_number"":""matched"",""street"":""matched"",""postcode"":""unmatched"",""place"":""matched"",""region"":""matched"",""locality"":""not_applicable"",""country"":""inferred"",""confidence"":""high""}",verified,,CA,CA,90011,90011.0,LOS ANGELES,Los Angeles,Los Angeles County,Los Angeles County,not_flagged,verified_address,in_la_county,include_default_map,verified address in Los Angeles County
lacdmh-sa6-7916-712,"1741 E. 120TH ST. 1ST FL., LOS ANGELES, CA 90059-3051",-118.241419,33.924864,"1741 East 120th Street, Los Angeles, California 90059, United States",success,high,,"{""address_number"":""matched"",""street"":""matched"",""postcode"":""unmatched"",""place"":""matched"",""region"":""matched"",""locality"":""not_applicable"",""country"":""inferred"",""confidence"":""high""}",verified,,CA,CA,90059,90059.0,LOS ANGELES,Los Angeles,Los Angeles County,Los Angeles County,not_flagged,verified_address,in_la_county,include_default_map,verified address in Los Angeles County
lacdmh-sa6-8457-713,"415 W. ROUTE 66 STE 202, GLENDORA, CA 91740-4335",-117.869935,34.129059,"415 W Route 66, STE 202, Glendora, California 91740, United States",success,high,,"{""secondary_address"":""matched"",""address_number"":""matched"",""street"":""matched"",""postcode"":""unmatched"",""place"":""matched"",""region"":""matched"",""locality"":""not_applicable"",""country"":""inferred"",""confidence"":""high""}",verified,,CA,CA,91740,91740.0,GLENDORA,Glendora,Los Angeles County,Los Angeles County,not_flagged,verified_address,in_la_county,include_default_map,verified address in Los Angeles County
lacdmh-sa6-8502-714,"2418 SAN GABRIEL BLVD, ROSEMEAD, CA 91770-3648",-118.090195,34.055856,"2418 San Gabriel Boulevard, Rosemead, California 91770, United States",success,high,,"{""address_number"":""matched"",""street"":""matched"",""postcode"":""unmatched"",""place"":""matched"",""region"":""matched"",""locality"":""not_applicable"",""country"":""inferred"",""confidence"":""high""}",verified,,CA,CA,91770,91770.0,ROSEMEAD,Rosemead,Los Angeles County,Los Angeles County,not_flagged,verified_address,in_la_county,include_default_map,verified address in Los Angeles County
lacdmh-sa6-8506-715,"415 WEST ROUTE 66 STE 202, GLENDORA, CA 91740-4335",-117.869935,34.129059,"415 W Route 66, STE 202, Glendora, California 91740, United States",success,high,,"{""secondary_address"":""matched"",""address_number"":""matched"",""street"":""matched"",""postcode"":""unmatched"",""place"":""matched"",""region"":""matched"",""locality"":""not_applicable"",""country"":""inferred"",""confidence"":""high""}",verified,,CA,CA,91740,91740.0,GLENDORA,Glendora,Los Angeles County,Los Angeles County,not_flagged,verified_address,in_la_county,include_default_map,verified address in Los Angeles County
lacdmh-sa6-8222-716,"5122 VERONICA ST, LOS ANGELES, CA 90008-1123",-118.356561,34.012675,"5122 Veronica Street, Los Angeles, California 90008, United States",success,high,,"{""address_number"":""matched"",""street"":""matched"",""postcode"":""unmatched"",""place"":""matched"",""region"":""matched"",""locality"":""not_applicable"",""country"":""inferred"",""confidence"":""high""}",verified,,CA,CA,90008,90008.0,LOS ANGELES,Los Angeles,Los Angeles County,Los Angeles County,not_flagged,verified_address,in_la_county,include_default_map,verified address in Los Angeles County
lacdmh-sa6-8446-717,"415 W. ROUTE 66 STE 202, GLENDORA, CA 91740-4335",-117.869935,34.129059,"415 W Route 66, STE 202, Glendora, California 91740, United States",success,high,,"{""secondary_address"":""matched"",""address_number"":""matched"",""street"":""matched"",""postcode"":""unmatched"",""place"":""matched"",""region"":""matched"",""locality"":""not_applicable"",""country"":""inferred"",""confidence"":""high""}",verified,,CA,CA,91740,91740.0,GLENDORA,Glendora,Los Angeles County,Los Angeles County,not_flagged,verified_address,in_la_county,include_default_map,verified address in Los Angeles County
lacdmh-sa6-7080-718,"4211 SOUTH AVALON BLVD, LOS ANGELES, CA 90011-5622",-118.265523,34.007212,"4211 Avalon Boulevard, Los Angeles, California 90011, United States",success,high,,"{""address_number"":""matched"",""street"":""matched"",""postcode"":""unmatched"",""place"":""matched"",""region"":""matched"",""locality"":""not_applicable"",""country"":""inferred"",""confidence"":""high""}",verified,,CA,CA,90011,90011.0,LOS ANGELES,Los Angeles,Los Angeles County,Los Angeles County,not_flagged,verified_address,in_la_county,include_default_map,verified address in Los Angeles County
lacdmh-sa6-7577-719,"710 E.111TH PLACE, LOS ANGELES, CA 90059-1518",-118.262657,33.934383,"710 East 111th Place, Los Angeles, California 90059, United States",success,high,,"{""address_number"":""matched"",""street"":""matched"",""postcode"":""unmatched"",""place"":""matched"",""region"":""matched"",""locality"":""not_applicable"",""country"":""inferred"",""confidence"":""high""}",verified,,CA,CA,90059,90059.0,LOS ANGELES,Los Angeles,Los Angeles County,Los Angeles County,not_flagged,verified_address,in_la_county,include_default_map,verified address in Los Angeles County
lacdmh-sa6-7876-720,"3800 S FIGUEROA STREET, LOS ANGELES, CA 90037-1206",-118.282472,34.015487,"3800 South Figueroa Street, Los Angeles, California 90037, United States",success,high,,"{""address_number"":""matched"",""street"":""matched"",""postcode"":""unmatched"",""place"":""matched"",""region"":""matched"",""locality"":""not_applicable"",""country"":""inferred"",""confidence"":""high""}",verified,,CA,CA,90037,90037.0,LOS ANGELES,Los Angeles,Los Angeles County,Los Angeles County,not_flagged,verified_address,in_la_county,include_default_map,verified address in Los Angeles County
lacdmh-sa6-7265-721,"3031 S. VERMONT AVE., LOS ANGELES, CA 90007-3033",-118.291881,34.026645,"3031 South Vermont Avenue, Los Angeles, California 90007, United States",success,high,,"{""address_number"":""matched"",""street"":""matched"",""postcode"":""unmatched"",""place"":""matched"",""region"":""matched"",""locality"":""not_applicable"",""country"":""inferred"",""confidence"":""high""}",verified,,CA,CA,90007,90007.0,LOS ANGELES,Los Angeles,Los Angeles County,Los Angeles County,not_flagged,verified_address,in_la_county,include_default_map,verified address in Los Angeles County
lacdmh-sa6-0057-722,"8835 VANS ST., PARAMOUNT, CA 90723-4656",-118.143903,33.892286,"8835 Vans Street, Paramount, California 90723, United States",success,high,,"{""address_number"":""matched"",""street"":""matched"",""postcode"":""unmatched"",""place"":""matched"",""region"":""matched"",""locality"":""not_applicable"",""country"":""inferred"",""confidence"":""high""}",verified,,CA,CA,90723,90723.0,PARAMOUNT,Paramount,Los Angeles County,Los Angeles County,not_flagged,verified_address,in_la_county,include_default_map,verified address in Los Angeles County
lacdmh-sa6-8510-723,"800 S. VICTORY BLVD STE 106, BURBANK, CA 91502-2489",-118.309475,34.168322,"800 South Victory Boulevard, STE 106, Burbank, California 91502, United States",success,high,,"{""secondary_address"":""matched"",""address_number"":""matched"",""street"":""matched"",""postcode"":""unmatched"",""place"":""matched"",""region"":""matched"",""locality"":""not_applicable"",""country"":""inferred"",""confidence"":""high""}",verified,,CA,CA,91502,91502.0,BURBANK,Burbank,Los Angeles County,Los Angeles County,not_flagged,verified_address,in_la_county,include_default_map,verified address in Los Angeles County
lacdmh-sa6-7211-724,"439 W 97TH ST, LOS ANGELES, CA 90003-3968",-118.282326,33.948366,"439 West 97th Street, Los Angeles, California 90003, United States",success,high,,"{""address_number"":""matched"",""street"":""matched"",""postcode"":""unmatched"",""place"":""matched"",""region"":""matched"",""locality"":""not_applicable"",""country"":""inferred"",""confidence"":""high""}",verified,,CA,CA,90003,90003.0,LOS ANGELES,Los Angeles,Los Angeles County,Los Angeles County,not_flagged,verified_address,in_la_county,include_default_map,verified address in Los Angeles County
lacdmh-sa6-7211X-725,"439 W 97TH ST, LOS ANGELES, CA 90003-3968",-118.282326,33.948366,"439 West 97th Street, Los Angeles, California 90003, United States",success,high,,"{""address_number"":""matched"",""street"":""matched"",""postcode"":""unmatched"",""place"":""matched"",""region"":""matched"",""locality"":""not_applicable"",""country"":""inferred"",""confidence"":""high""}",verified,,CA,CA,90003,90003.0,LOS ANGELES,Los Angeles,Los Angeles County,Los Angeles County,not_flagged,verified_address,in_la_county,include_default_map,verified address in Los Angeles County
lacdmh-sa6-7974-726,"316 E 111TH ST, LOS ANGELES, CA 90061-3004",-118.268843,33.934703,"316 East 111th Street, Los Angeles, California 90061, United States",success,high,,"{""address_number"":""matched"",""street"":""matched"",""postcode"":""unmatched"",""place"":""matched"",""region"":""matched"",""locality"":""not_applicable"",""country"":""inferred"",""confidence"":""high""}",verified,,CA,CA,90061,90061.0,LOS ANGELES,Los Angeles,Los Angeles County,Los Angeles County,not_flagged,verified_address,in_la_county,include_default_map,verified address in Los Angeles County
lacdmh-sa6-7974X-727,"316 E 111TH ST, LOS ANGELES, CA 90061-3004",-118.268843,33.934703,"316 East 111th Street, Los Angeles, California 90061, United States",success,high,,"{""address_number"":""matched"",""street"":""matched"",""postcode"":""unmatched"",""place"":""matched"",""region"":""matched"",""locality"":""not_applicable"",""country"":""inferred"",""confidence"":""high""}",verified,,CA,CA,90061,90061.0,LOS ANGELES,Los Angeles,Los Angeles County,Los Angeles County,not_flagged,verified_address,in_la_county,include_default_map,verified address in Los Angeles County
lacdmh-sa6-8449-728,"415 W. ROUTE 66 STE 202, GLENDORA, CA 91740-4335",-117.869935,34.129059,"415 W Route 66, STE 202, Glendora, California 91740, United States",success,high,,"{""secondary_address"":""matched"",""address_number"":""matched"",""street"":""matched"",""postcode"":""unmatched"",""place"":""matched"",""region"":""matched"",""locality"":""not_applicable"",""country"":""inferred"",""confidence"":""high""}",verified,,CA,CA,91740,91740.0,GLENDORA,Glendora,Los Angeles County,Los Angeles County,not_flagged,verified_address,in_la_county,include_default_map,verified address in Los Angeles County
lacdmh-sa6-6870-729,"3787 S. VERMONT AVE., LOS ANGELES, CA 90007-4203",-118.291861,34.017366,"3787 South Vermont Avenue, Los Angeles, California 90007, United States",success,high,,"{""address_number"":""matched"",""street"":""matched"",""postcode"":""unmatched"",""place"":""matched"",""region"":""matched"",""locality"":""not_applicable"",""country"":""inferred"",""confidence"":""high""}",verified,,CA,CA,90007,90007.0,LOS ANGELES,Los Angeles,Los Angeles County,Los Angeles County,not_flagged,verified_address,in_la_county,include_default_map,verified address in Los Angeles County
lacdmh-sa6-8243-730,"1156 BRONSON AVE, LOS ANGELES, CA 90019-3235",-118.32325,34.0509,"1156 South Bronson Avenue, Los Angeles, California 90019, United States",success,medium,,"{""address_number"":""matched"",""street"":""unmatched"",""postcode"":""unmatched"",""place"":""matched"",""region"":""matched"",""locality"":""not_applicable"",""country"":""inferred"",""confidence"":""medium""}",needs_review,medium_confidence;street_not_matched,CA,CA,90019,90019.0,LOS ANGELES,Los Angeles,Los Angeles County,Los Angeles County,not_flagged,needs_review_address,in_la_county,manual_review,address match quality needs review
lacdmh-sa6-8185-731,"7661 PUERTO RICO DRIVE, BUENA PARK, CA 90620-1270",-118.035523,33.85099,"7661 Puerto Rico Drive, Buena Park, California 90620, United States",success,high,,"{""address_number"":""matched"",""street"":""matched"",""postcode"":""unmatched"",""place"":""matched"",""region"":""matched"",""locality"":""not_applicable"",""country"":""inferred"",""confidence"":""high""}",verified,,CA,CA,90620,90620.0,BUENA PARK,Buena Park,Los Angeles County,Orange County,outside_la_county_review,verified_address,outside_la_county,exclude_default_map,correctly geocoded but outside Los Angeles County
lacdmh-sa6-19GJ-732,"7001 S. ST. ANDREWS PL., LOS ANGELES, CA 90047-1833",-118.311545,33.976311,"7001 South Saint Andrew's Place, Los Angeles, California 90047, United States",success,high,,"{""address_number"":""matched"",""street"":""matched"",""postcode"":""unmatched"",""place"":""matched"",""region"":""matched"",""locality"":""not_applicable"",""country"":""inferred"",""confidence"":""high""}",verified,,CA,CA,90047,90047.0,LOS ANGELES,Los Angeles,Los Angeles County,Los Angeles County,not_flagged,verified_address,in_la_county,include_default_map,verified address in Los Angeles County
lacdmh-sa6-8482-733,"1560 E. CHEVY CHASE DR STE 130, GLENDALE, CA 91206-4140",-118.2303,34.152856,"1560 East Chevy Chase Drive, STE 130, Glendale, California 91206, United States",success,high,,"{""secondary_address"":""matched"",""address_number"":""matched"",""street"":""matched"",""postcode"":""unmatched"",""place"":""matched"",""region"":""matched"",""locality"":""not_applicable"",""country"":""inferred"",""confidence"":""high""}",verified,,CA,CA,91206,91206.0,GLENDALE,Glendale,Los Angeles County,Los Angeles County,not_flagged,verified_address,in_la_county,include_default_map,verified address in Los Angeles County
lacdmh-sa6-19K3-734,"5739 CHESLEY AVENUE, LOS ANGELES, CA 90043-2423",-118.334772,33.989702,"5739 Chesley Avenue, Los Angeles, California 90043, United States",success,high,,"{""address_number"":""matched"",""street"":""matched"",""postcode"":""unmatched"",""place"":""matched"",""region"":""matched"",""locality"":""not_applicable"",""country"":""inferred"",""confidence"":""high""}",verified,,CA,CA,90043,90043.0,LOS ANGELES,Los Angeles,Los Angeles County,Los Angeles County,not_flagged,verified_address,in_la_county,include_default_map,verified address in Los Angeles County
lacdmh-sa6-19MG-735,"4715 GRAMERCY PL, LOS ANGELES, CA 90062-1931",-118.314138,34.000513,"4715 South Gramercy Place, Los Angeles, California 90062, United States",success,medium,,"{""address_number"":""matched"",""street"":""unmatched"",""postcode"":""unmatched"",""place"":""matched"",""region"":""matched"",""locality"":""not_applicable"",""country"":""inferred"",""confidence"":""medium""}",needs_review,medium_confidence;street_not_matched,CA,CA,90062,90062.0,LOS ANGELES,Los Angeles,Los Angeles County,Los Angeles County,not_flagged,needs_review_address,in_la_county,manual_review,address match quality needs review
lacdmh-sa6-19MH-736,"6430 3RD AVE, LOS ANGELES, CA 90043-4542",-118.32043,33.98111,"6430 3rd Avenue, Los Angeles, California 90043, United States",success,high,,"{""address_number"":""matched"",""street"":""matched"",""postcode"":""unmatched"",""place"":""matched"",""region"":""matched"",""locality"":""not_applicable"",""country"":""inferred"",""confidence"":""high""}",verified,,CA,CA,90043,90043.0,LOS ANGELES,Los Angeles,Los Angeles County,Los Angeles County,not_flagged,verified_address,in_la_county,include_default_map,verified address in Los Angeles County
lacdmh-sa6-19LD-737,"1811 W 41ST DR, LOS ANGELES, CA 90062-1517",-118.311818,34.009284,"1811 West 41st Drive, Los Angeles, California 90062, United States",success,high,,"{""address_number"":""matched"",""street"":""matched"",""postcode"":""unmatched"",""place"":""matched"",""region"":""matched"",""locality"":""not_applicable"",""country"":""inferred"",""confidence"":""high""}",verified,,CA,CA,90062,90062.0,LOS ANGELES,Los Angeles,Los Angeles County,Los Angeles County,not_flagged,verified_address,in_la_county,include_default_map,verified address in Los Angeles County
lacdmh-sa6-8444-738,"2900 EAST DEL MAR BLVD, PASADENA, CA 91107-4375",-118.091224,34.140505,"2900 East Del Mar Boulevard, Pasadena, California 91107, United States",success,high,,"{""address_number"":""matched"",""street"":""matched"",""postcode"":""unmatched"",""place"":""matched"",""region"":""matched"",""locality"":""not_applicable"",""country"":""inferred"",""confidence"":""high""}",verified,,CA,CA,91107,91107.0,PASADENA,Pasadena,Los Angeles County,Los Angeles County,not_flagged,verified_address,in_la_county,include_default_map,verified address in Los Angeles County
lacdmh-sa6-19F3-739,"4240 W. 62ND ST., LOS ANGELES, CA 90043-3615",-118.349746,33.983247,"4240 West 62nd Street, Los Angeles, California 90043, United States",success,high,,"{""address_number"":""matched"",""street"":""matched"",""postcode"":""unmatched"",""place"":""matched"",""region"":""matched"",""locality"":""not_applicable"",""country"":""inferred"",""confidence"":""high""}",verified,,CA,CA,90043,90043.0,LOS ANGELES,Los Angeles,Los Angeles County,Los Angeles County,not_flagged,verified_address,in_la_county,include_default_map,verified address in Los Angeles County
lacdmh-sa6-19J3-740,"3881 S WESTERN AVE, LOS ANGELES, CA 90062-1105",-118.30906,34.01499,"3881 South Western Avenue, Los Angeles, California 90062, United States",success,high,,"{""address_number"":""matched"",""street"":""matched"",""postcode"":""unmatched"",""place"":""matched"",""region"":""matched"",""locality"":""not_applicable"",""country"":""inferred"",""confidence"":""high""}",verified,,CA,CA,90062,90062.0,LOS ANGELES,Los Angeles,Los Angeles County,Los Angeles County,not_flagged,verified_address,in_la_county,include_default_map,verified address in Los Angeles County
lacdmh-sa6-7750-741,"3680 E IMPERIAL HWY, SUITE 220 AND 240, LYNWOOD, CA 90262-2663",-118.201241,33.931754,"3680 Imperial Highway, STE 220, Lynwood, California 90262, United States",success,low,,"{""secondary_address"":""matched"",""address_number"":""matched"",""street"":""matched"",""postcode"":""unmatched"",""place"":""matched"",""region"":""matched"",""locality"":""not_applicable"",""country"":""unmatched"",""confidence"":""low""}",needs_review,low_confidence,CA,CA,90262,90262.0,LYNWOOD,Lynwood,Los Angeles County,Los Angeles County,not_flagged,needs_review_address,in_la_county,manual_review,address match quality needs review
lacdmh-sa6-7774-742,"3737 MARTIN LUTHER KING JR BLVD STE 525, LYNWOOD, CA 90262-3535",-118.200382,33.928955,"3737 Martin Luther King Jr Boulevard, STE 525, Lynwood, California 90262, United States",success,high,,"{""secondary_address"":""matched"",""address_number"":""matched"",""street"":""matched"",""postcode"":""unmatched"",""place"":""matched"",""region"":""matched"",""locality"":""not_applicable"",""country"":""inferred"",""confidence"":""high""}",verified,,CA,CA,90262,90262.0,LYNWOOD,Lynwood,Los Angeles County,Los Angeles County,not_flagged,verified_address,in_la_county,include_default_map,verified address in Los Angeles County
lacdmh-sa6-7542-743,"8220 SOUTH SAN PEDRO STREET, LOS ANGELES, CA 90003-3030",-118.26934,33.96397,"8220 South San Pedro Street, Los Angeles, California 90003, United States",success,high,,"{""address_number"":""matched"",""street"":""matched"",""postcode"":""unmatched"",""place"":""matched"",""region"":""matched"",""locality"":""not_applicable"",""country"":""inferred"",""confidence"":""high""}",verified,,CA,CA,90003,90003.0,LOS ANGELES,Los Angeles,Los Angeles County,Los Angeles County,not_flagged,verified_address,in_la_county,include_default_map,verified address in Los Angeles County
lacdmh-sa6-19KB-744,"2640 INDUSTRY WAY STES. G AND H, LYNWOOD, CA 90262-4000",-118.225414,33.923553,"2640 Industry Way, stes. g and h, Lynwood, California 90262, United States",success,high,,"{""secondary_address"":""plausible"",""address_number"":""matched"",""street"":""matched"",""postcode"":""unmatched"",""place"":""matched"",""region"":""matched"",""locality"":""not_applicable"",""country"":""inferred"",""confidence"":""high""}",verified,,CA,CA,90262,90262.0,LYNWOOD,Lynwood,Los Angeles County,Los Angeles County,not_flagged,verified_address,in_la_county,include_default_map,verified address in Los Angeles County
lacdmh-sa6-7715-745,"8300 S VERMONT AVE, LOS ANGELES, CA 90044-3422",-118.291349,33.96324,"8300 South Vermont Avenue, Los Angeles, California 90044, United States",success,high,,"{""address_number"":""matched"",""street"":""matched"",""postcode"":""unmatched"",""place"":""matched"",""region"":""matched"",""locality"":""not_applicable"",""country"":""inferred"",""confidence"":""high""}",verified,,CA,CA,90044,90044.0,LOS ANGELES,Los Angeles,Los Angeles County,Los Angeles County,not_flagged,verified_address,in_la_county,include_default_map,verified address in Los Angeles County
lacdmh-sa6-19IK SA6-746,"12021 S WILMINGTON AVE BLDG 18 STE 4D, LOS ANGELES, CA 90059-3019",-118.242836,33.923005,"12021 Wilmington Avenue, BLDG 18, Los Angeles, California 90059, United States",success,high,,"{""secondary_address"":""plausible"",""address_number"":""matched"",""street"":""matched"",""postcode"":""unmatched"",""place"":""matched"",""region"":""matched"",""locality"":""not_applicable"",""country"":""inferred"",""confidence"":""high""}",verified,,CA,CA,90059,90059.0,LOS ANGELES,Los Angeles,Los Angeles County,Los Angeles County,not_flagged,verified_address,in_la_county,include_default_map,verified address in Los Angeles County
lacdmh-sa6-7917 SA6-747,"12021 S WILMINGTON AVE RM 2A, LOS ANGELES, CA 90059-3019",-118.242836,33.923005,"12021 Wilmington Avenue, RM 2a, Los Angeles, California 90059, United States",success,high,,"{""secondary_address"":""plausible"",""address_number"":""matched"",""street"":""matched"",""postcode"":""unmatched"",""place"":""matched"",""region"":""matched"",""locality"":""not_applicable"",""country"":""inferred"",""confidence"":""high""}",verified,,CA,CA,90059,90059.0,LOS ANGELES,Los Angeles,Los Angeles County,Los Angeles County,not_flagged,verified_address,in_la_county,include_default_map,verified address in Los Angeles County
lacdmh-sa6-19MX SA6-748,"12021 S WILMINGTON AVE RM 2A, LOS ANGELES, CA 90059-3019",-118.242836,33.923005,"12021 Wilmington Avenue, RM 2a, Los Angeles, California 90059, United States",success,high,,"{""secondary_address"":""plausible"",""address_number"":""matched"",""street"":""matched"",""postcode"":""unmatched"",""place"":""matched"",""region"":""matched"",""locality"":""not_applicable"",""country"":""inferred"",""confidence"":""high""}",verified,,CA,CA,90059,90059.0,LOS ANGELES,Los Angeles,Los Angeles County,Los Angeles County,not_flagged,verified_address,in_la_county,include_default_map,verified address in Los Angeles County
lacdmh-sa6-19M6 SA6-749,"12021 S WILMINGTON AVE BLDG 18 STE 4D, LOS ANGELES, CA 90059-3019",-118.242836,33.923005,"12021 Wilmington Avenue, BLDG 18, Los Angeles, California 90059, United States",success,high,,"{""secondary_address"":""plausible"",""address_number"":""matched"",""street"":""matched"",""postcode"":""unmatched"",""place"":""matched"",""region"":""matched"",""locality"":""not_applicable"",""country"":""inferred"",""confidence"":""high""}",verified,,CA,CA,90059,90059.0,LOS ANGELES,Los Angeles,Los Angeles County,Los Angeles County,not_flagged,verified_address,in_la_county,include_default_map,verified address in Los Angeles County
lacdmh-sa6-8463-750,"415 W. ROUTE 66 STE 202, GLENDORA, CA 91740-4335",-117.869935,34.129059,"415 W Route 66, STE 202, Glendora, California 91740, United States",success,high,,"{""secondary_address"":""matched"",""address_number"":""matched"",""street"":""matched"",""postcode"":""unmatched"",""place"":""matched"",""region"":""matched"",""locality"":""not_applicable"",""country"":""inferred"",""confidence"":""high""}",verified,,CA,CA,91740,91740.0,GLENDORA,Glendora,Los Angeles County,Los Angeles County,not_flagged,verified_address,in_la_county,include_default_map,verified address in Los Angeles County
lacdmh-sa6-8464-751,"23845 MCBEAN PKWY, VALENCIA, CA 91355-2001",-118.553701,34.397869,"23845 Mcbean Parkway, Valencia, California 91355, United States",success,high,,"{""address_number"":""matched"",""street"":""matched"",""postcode"":""unmatched"",""place"":""matched"",""region"":""matched"",""locality"":""not_applicable"",""country"":""inferred"",""confidence"":""high""}",verified,,CA,CA,91355,91355.0,VALENCIA,Valencia,Los Angeles County,Los Angeles County,not_flagged,verified_address,in_la_county,include_default_map,verified address in Los Angeles County
lacdmh-sa6-7396-752,"3320 W. ADAMS BLVD. EDUCATIONAL BLDG., LOS ANGELES, CA 90018-1838",-118.321043,34.032059,"3320 West Adams Boulevard, Los Angeles, California 90018, United States",success,high,,"{""address_number"":""matched"",""street"":""matched"",""postcode"":""unmatched"",""place"":""matched"",""region"":""matched"",""locality"":""not_applicable"",""country"":""inferred"",""confidence"":""high""}",verified,,CA,CA,90018,90018.0,LOS ANGELES,Los Angeles,Los Angeles County,Los Angeles County,not_flagged,verified_address,in_la_county,include_default_map,verified address in Los Angeles County
lacdmh-sa6-7409-753,"3850 CRENSHAW BLVD., LOS ANGELES, CA 90008-1821",-118.334741,34.016007,"3850 Crenshaw Boulevard, Los Angeles, California 90008, United States",success,high,,"{""address_number"":""matched"",""street"":""matched"",""postcode"":""unmatched"",""place"":""matched"",""region"":""matched"",""locality"":""not_applicable"",""country"":""inferred"",""confidence"":""high""}",verified,,CA,CA,90008,90008.0,LOS ANGELES,Los Angeles,Los Angeles County,Los Angeles County,not_flagged,verified_address,in_la_county,include_default_map,verified address in Los Angeles County
lacdmh-sa6-7654-754,"2594 INDUSTRY WAY, LYNWOOD, CA 90262-4015",-118.226676,33.923166,"2594 Industry Way, Lynwood, California 90262, United States",success,high,,"{""address_number"":""matched"",""street"":""matched"",""postcode"":""unmatched"",""place"":""matched"",""region"":""matched"",""locality"":""not_applicable"",""country"":""inferred"",""confidence"":""high""}",verified,,CA,CA,90262,90262.0,LYNWOOD,Lynwood,Los Angeles County,Los Angeles County,not_flagged,verified_address,in_la_county,include_default_map,verified address in Los Angeles County
lacdmh-sa6-7826-755,"3591 E IMPERIAL HWY, LYNWOOD, CA 90262-2684",-118.205475,33.930748,"3591 Imperial Highway, Lynwood, California 90262, United States",success,high,,"{""address_number"":""matched"",""street"":""matched"",""postcode"":""unmatched"",""place"":""matched"",""region"":""matched"",""locality"":""not_applicable"",""country"":""inferred"",""confidence"":""high""}",verified,,CA,CA,90262,90262.0,LYNWOOD,Lynwood,Los Angeles County,Los Angeles County,not_flagged,verified_address,in_la_county,include_default_map,verified address in Los Angeles County
lacdmh-sa6-7242-756,"8836 S. VERMONT AVE., LOS ANGELES, CA 90044-4832",-118.291288,33.957176,"8836 South Vermont Avenue, Los Angeles, California 90044, United States",success,high,,"{""address_number"":""matched"",""street"":""matched"",""postcode"":""unmatched"",""place"":""matched"",""region"":""matched"",""locality"":""not_applicable"",""country"":""inferred"",""confidence"":""high""}",verified,,CA,CA,90044,90044.0,LOS ANGELES,Los Angeles,Los Angeles County,Los Angeles County,not_flagged,verified_address,in_la_county,include_default_map,verified address in Los Angeles County
lacdmh-sa6-7303-757,"2620 INDUSTRY WAY. STE. C, LYNWOOD, CA 90262-4024",-118.225449,33.923297,"2620 Industry Way, STE C, Lynwood, California 90262, United States",success,high,,"{""secondary_address"":""matched"",""address_number"":""matched"",""street"":""matched"",""postcode"":""unmatched"",""place"":""matched"",""region"":""matched"",""locality"":""not_applicable"",""country"":""inferred"",""confidence"":""high""}",verified,,CA,CA,90262,90262.0,LYNWOOD,Lynwood,Los Angeles County,Los Angeles County,not_flagged,verified_address,in_la_county,include_default_map,verified address in Los Angeles County
lacdmh-sa6-8497-758,"23504 LYONS AVE STE 401B, NEWHALL, CA 91321-5777",-118.545169,34.379001,"23504 Lyons Avenue, STE 401b, Newhall, California 91321, United States",success,high,,"{""secondary_address"":""plausible"",""address_number"":""matched"",""street"":""matched"",""postcode"":""unmatched"",""place"":""matched"",""region"":""matched"",""locality"":""not_applicable"",""country"":""inferred"",""confidence"":""high""}",verified,,CA,CA,91321,91321.0,NEWHALL,Newhall,Los Angeles County,Los Angeles County,not_flagged,verified_address,in_la_county,include_default_map,verified address in Los Angeles County
lacdmh-sa6-19GX-759,"3584 MARTIN LUTHER KING JR. BLVD., LYNWOOD, CA 90262-2050",-118.205567,33.933772,"3584 Martin Luther King Jr Boulevard, Lynwood, California 90262, United States",success,high,,"{""address_number"":""matched"",""street"":""matched"",""postcode"":""unmatched"",""place"":""matched"",""region"":""matched"",""locality"":""not_applicable"",""country"":""inferred"",""confidence"":""high""}",verified,,CA,CA,90262,90262.0,LYNWOOD,Lynwood,Los Angeles County,Los Angeles County,not_flagged,verified_address,in_la_county,include_default_map,verified address in Los Angeles County
lacdmh-sa6-19GZ-760,"11705 DEPUTY YAMAMOTO PL. STE. A, LYNWOOD, CA 90262-4031",-118.229045,33.926764,"11705 Deputy Yamamoto Place, STE A, Lynwood, California 90262, United States",success,high,,"{""secondary_address"":""matched"",""address_number"":""matched"",""street"":""matched"",""postcode"":""unmatched"",""place"":""matched"",""region"":""matched"",""locality"":""not_applicable"",""country"":""inferred"",""confidence"":""high""}",verified,,CA,CA,90262,90262.0,LYNWOOD,Lynwood,Los Angeles County,Los Angeles County,not_flagged,verified_address,in_la_county,include_default_map,verified address in Los Angeles County
lacdmh-sa6-7365-761,"2620 INDUSTRY WAY SUITE A, LYNWOOD, CA 90262-4024",-118.225449,33.923297,"2620 Industry Way, STE A, Lynwood, California 90262, United States",success,high,,"{""secondary_address"":""matched"",""address_number"":""matched"",""street"":""matched"",""postcode"":""unmatched"",""place"":""matched"",""region"":""matched"",""locality"":""not_applicable"",""country"":""inferred"",""confidence"":""high""}",verified,,CA,CA,90262,90262.0,LYNWOOD,Lynwood,Los Angeles County,Los Angeles County,not_flagged,verified_address,in_la_county,include_default_map,verified address in Los Angeles County
lacdmh-sa6-19AE-762,"15116 S. GIBSON AVE., COMPTON, CA 90221-3106",-118.188541,33.895611,"15116 South Gibson Avenue, Compton, California 90221, United States",success,high,,"{""address_number"":""matched"",""street"":""matched"",""postcode"":""unmatched"",""place"":""matched"",""region"":""matched"",""locality"":""not_applicable"",""country"":""inferred"",""confidence"":""high""}",verified,,CA,CA,90221,90221.0,COMPTON,Compton,Los Angeles County,Los Angeles County,not_flagged,verified_address,in_la_county,include_default_map,verified address in Los Angeles County
lacdmh-sa6-8051-763,"3756 SANTA ROSALIA DR. STE. 210, LOS ANGELES, CA 90008-2816",-118.339248,34.008812,"3756 Santa Rosalia Drive, STE 210, Los Angeles, California 90008, United States",success,high,,"{""secondary_address"":""matched"",""address_number"":""matched"",""street"":""matched"",""postcode"":""unmatched"",""place"":""matched"",""region"":""matched"",""locality"":""not_applicable"",""country"":""inferred"",""confidence"":""high""}",verified,,CA,CA,90008,90008.0,LOS ANGELES,Los Angeles,Los Angeles County,Los Angeles County,not_flagged,verified_address,in_la_county,include_default_map,verified address in Los Angeles County
lacdmh-sa6-8500-764,"11901 S. AVALON BLVD, LOS ANGELES, CA 90061-2836",-118.26547,33.924538,"11901 South Avalon Boulevard, Los Angeles, California 90061, United States",success,high,,"{""address_number"":""matched"",""street"":""matched"",""postcode"":""unmatched"",""place"":""matched"",""region"":""matched"",""locality"":""not_applicable"",""country"":""inferred"",""confidence"":""high""}",verified,,CA,CA,90061,90061.0,LOS ANGELES,Los Angeles,Los Angeles County,Los Angeles County,not_flagged,verified_address,in_la_county,include_default_map,verified address in Los Angeles County
lacdmh-sa6-7555-765,"7410 S BROADWAY, LOS ANGELES, CA 90003-2034",-118.277917,33.97232,"7410 South Broadway, Los Angeles, California 90003, United States",success,high,,"{""address_number"":""matched"",""street"":""matched"",""postcode"":""unmatched"",""place"":""matched"",""region"":""matched"",""locality"":""not_applicable"",""country"":""inferred"",""confidence"":""high""}",verified,,CA,CA,90003,90003.0,LOS ANGELES,Los Angeles,Los Angeles County,Los Angeles County,not_flagged,verified_address,in_la_county,include_default_map,verified address in Los Angeles County
lacdmh-sa6-7608-766,"1741 E 120TH ST FL 1, LOS ANGELES, CA 90059-3051",-118.241419,33.924864,"1741 East 120th Street, FL 1, Los Angeles, California 90059, United States",success,medium,,"{""secondary_address"":""plausible"",""address_number"":""matched"",""street"":""unmatched"",""postcode"":""unmatched"",""place"":""matched"",""region"":""matched"",""locality"":""not_applicable"",""country"":""inferred"",""confidence"":""medium""}",needs_review,medium_confidence;street_not_matched,CA,CA,90059,90059.0,LOS ANGELES,Los Angeles,Los Angeles County,Los Angeles County,not_flagged,needs_review_address,in_la_county,manual_review,address match quality needs review
lacdmh-sa6-7611-767,"8300 S VERMONT AVE 4TH FL, LOS ANGELES, CA 90044-3422",-118.291349,33.96324,"8300 South Vermont Avenue, Los Angeles, California 90044, United States",success,high,,"{""address_number"":""matched"",""street"":""matched"",""postcode"":""unmatched"",""place"":""matched"",""region"":""matched"",""locality"":""not_applicable"",""country"":""inferred"",""confidence"":""high""}",verified,,CA,CA,90044,90044.0,LOS ANGELES,Los Angeles,Los Angeles County,Los Angeles County,not_flagged,verified_address,in_la_county,include_default_map,verified address in Los Angeles County
lacdmh-sa6-7612-768,"5110 W GOLDLEAF CIR 2ND FL, LOS ANGELES, CA 90056-1282",-118.366066,33.989538,"5110 Goldleaf Circle, Los Angeles, California 90056, United States",success,high,,"{""address_number"":""matched"",""street"":""matched"",""postcode"":""unmatched"",""place"":""matched"",""region"":""matched"",""locality"":""not_applicable"",""country"":""inferred"",""confidence"":""high""}",verified,,CA,CA,90056,90056.0,LOS ANGELES,Los Angeles,Los Angeles County,Los Angeles County,not_flagged,verified_address,in_la_county,include_default_map,verified address in Los Angeles County
lacdmh-sa6-7607-769,"5110 W. GOLDLEAF CIRCLE 3RD. FL., LOS ANGELES, CA 90056-1282",-118.366066,33.989538,"5110 Goldleaf Circle, Los Angeles, California 90056, United States",success,high,,"{""address_number"":""matched"",""street"":""matched"",""postcode"":""unmatched"",""place"":""matched"",""region"":""matched"",""locality"":""not_applicable"",""country"":""inferred"",""confidence"":""high""}",verified,,CA,CA,90056,90056.0,LOS ANGELES,Los Angeles,Los Angeles County,Los Angeles County,not_flagged,verified_address,in_la_county,include_default_map,verified address in Los Angeles County
lacdmh-sa6-7681-770,"4601 S BROADWAY FL 1, LOS ANGELES, CA 90037-2729",-118.278656,34.001794,"4601 South Broadway, FL 1, Los Angeles, California 90037, United States",success,high,,"{""secondary_address"":""plausible"",""address_number"":""matched"",""street"":""matched"",""postcode"":""unmatched"",""place"":""matched"",""region"":""matched"",""locality"":""not_applicable"",""country"":""inferred"",""confidence"":""high""}",verified,,CA,CA,90037,90037.0,LOS ANGELES,Los Angeles,Los Angeles County,Los Angeles County,not_flagged,verified_address,in_la_county,include_default_map,verified address in Los Angeles County
lacdmh-sa6-7956-771,"3870 CRENSHAW BLVD. STE. 221, LOS ANGELES, CA 90008-1837",-118.33474,34.01525,"3870 Crenshaw Boulevard, STE 221, Los Angeles, California 90008, United States",success,high,,"{""secondary_address"":""matched"",""address_number"":""matched"",""street"":""matched"",""postcode"":""unmatched"",""place"":""matched"",""region"":""matched"",""locality"":""not_applicable"",""country"":""inferred"",""confidence"":""high""}",verified,,CA,CA,90008,90008.0,LOS ANGELES,Los Angeles,Los Angeles County,Los Angeles County,not_flagged,verified_address,in_la_county,include_default_map,verified address in Los Angeles County
lacdmh-sa6-19GF-772,"3630 E. IMPERIAL HIGHWAY, LYNWOOD, CA 90262-2609",-118.202992,33.929845,"3630 Imperial Highway, Lynwood, California 90262, United States",success,high,,"{""address_number"":""matched"",""street"":""matched"",""postcode"":""unmatched"",""place"":""matched"",""region"":""matched"",""locality"":""not_applicable"",""country"":""inferred"",""confidence"":""high""}",verified,,CA,CA,90262,90262.0,LYNWOOD,Lynwood,Los Angeles County,Los Angeles County,not_flagged,verified_address,in_la_county,include_default_map,verified address in Los Angeles County
lacdmh-sa6-19C7-773,"8525 S. BROADWAY, LOS ANGELES, CA 90003-3334",-118.278823,33.960936,"8525 South Broadway, Los Angeles, California 90003, United States",success,high,,"{""address_number"":""matched"",""street"":""matched"",""postcode"":""unmatched"",""place"":""matched"",""region"":""matched"",""locality"":""not_applicable"",""country"":""inferred"",""confidence"":""high""}",verified,,CA,CA,90003,90003.0,LOS ANGELES,Los Angeles,Los Angeles County,Los Angeles County,not_flagged,verified_address,in_la_county,include_default_map,verified address in Los Angeles County
lacdmh-sa6-7493-774,"1180 W MAHALO PL UNIT B, COMPTON, CA 90220-5443",-118.243242,33.870967,"1180 West Mahalo Place, UNIT B, Compton, California 90220, United States",success,high,,"{""secondary_address"":""plausible"",""address_number"":""matched"",""street"":""matched"",""postcode"":""unmatched"",""place"":""matched"",""region"":""matched"",""locality"":""not_applicable"",""country"":""inferred"",""confidence"":""high""}",verified,,CA,CA,90220,90220.0,COMPTON,Compton,Los Angeles County,Los Angeles County,not_flagged,verified_address,in_la_county,include_default_map,verified address in Los Angeles County
lacdmh-sa6-7549-775,"2010 E. EL SEGUNDO BLVD., COMPTON, CA 90222-7109",-118.23691,33.915693,"2010 East El Segundo Boulevard, Compton, California 90222, United States",success,high,,"{""address_number"":""matched"",""street"":""matched"",""postcode"":""unmatched"",""place"":""matched"",""region"":""matched"",""locality"":""not_applicable"",""country"":""inferred"",""confidence"":""high""}",verified,,CA,CA,90222,90222.0,COMPTON,Compton,Los Angeles County,Los Angeles County,not_flagged,verified_address,in_la_county,include_default_map,verified address in Los Angeles County
lacdmh-sa6-8471-776,"415 W. ROUTE 66 STE 202, GLENDORA, CA 91740-4335",-117.869935,34.129059,"415 W Route 66, STE 202, Glendora, California 91740, United States",success,high,,"{""secondary_address"":""matched"",""address_number"":""matched"",""street"":""matched"",""postcode"":""unmatched"",""place"":""matched"",""region"":""matched"",""locality"":""not_applicable"",""country"":""inferred"",""confidence"":""high""}",verified,,CA,CA,91740,91740.0,GLENDORA,Glendora,Los Angeles County,Los Angeles County,not_flagged,verified_address,in_la_county,include_default_map,verified address in Los Angeles County
lacdmh-sa6-7744-777,"4525 W. ADAMS BLVD., LOS ANGELES, CA 90016-3021",-118.338747,34.032746,"4525 West Adams Boulevard, Los Angeles, California 90016, United States",success,high,,"{""address_number"":""matched"",""street"":""matched"",""postcode"":""unmatched"",""place"":""matched"",""region"":""matched"",""locality"":""not_applicable"",""country"":""inferred"",""confidence"":""high""}",verified,,CA,CA,90016,90016.0,LOS ANGELES,Los Angeles,Los Angeles County,Los Angeles County,not_flagged,verified_address,in_la_county,include_default_map,verified address in Los Angeles County
lacdmh-sa6-19M5-778,"12021 WILMINGTON AVE UNIT 4A, LOS ANGELES, CA 90059-3019",-118.242836,33.923005,"12021 Wilmington Avenue, UNIT 4a, Los Angeles, California 90059, United States",success,high,,"{""secondary_address"":""plausible"",""address_number"":""matched"",""street"":""matched"",""postcode"":""unmatched"",""place"":""matched"",""region"":""matched"",""locality"":""not_applicable"",""country"":""inferred"",""confidence"":""high""}",verified,,CA,CA,90059,90059.0,LOS ANGELES,Los Angeles,Los Angeles County,Los Angeles County,not_flagged,verified_address,in_la_county,include_default_map,verified address in Los Angeles County
lacdmh-sa6-7641-779,"8019 S. COMPTON AVENUE, LOS ANGELES, CA 90001-3409",-118.247888,33.966038,"8019 Compton Avenue, Los Angeles, California 90001, United States",success,high,,"{""address_number"":""matched"",""street"":""matched"",""postcode"":""unmatched"",""place"":""matched"",""region"":""matched"",""locality"":""not_applicable"",""country"":""inferred"",""confidence"":""high""}",verified,,CA,CA,90001,90001.0,LOS ANGELES,Los Angeles,Los Angeles County,Los Angeles County,not_flagged,verified_address,in_la_county,include_default_map,verified address in Los Angeles County
lacdmh-sa6-7790-780,"7813 SOUTH CENTRAL AVENUE, LOS ANGELES, CA 90001-2943",-118.25659,33.96804,"7813 South Central Avenue, Los Angeles, California 90001, United States",success,high,,"{""address_number"":""matched"",""street"":""matched"",""postcode"":""unmatched"",""place"":""matched"",""region"":""matched"",""locality"":""not_applicable"",""country"":""inferred"",""confidence"":""high""}",verified,,CA,CA,90001,90001.0,LOS ANGELES,Los Angeles,Los Angeles County,Los Angeles County,not_flagged,verified_address,in_la_county,include_default_map,verified address in Los Angeles County
lacdmh-sa6-7850-781,"711 W FLORENCE AVE, LOS ANGELES, CA 90044-6105",-118.286328,33.974846,"711 West Florence Avenue, Los Angeles, California 90044, United States",success,high,,"{""address_number"":""matched"",""street"":""matched"",""postcode"":""unmatched"",""place"":""matched"",""region"":""matched"",""locality"":""not_applicable"",""country"":""inferred"",""confidence"":""high""}",verified,,CA,CA,90044,90044.0,LOS ANGELES,Los Angeles,Los Angeles County,Los Angeles County,not_flagged,verified_address,in_la_county,include_default_map,verified address in Los Angeles County
lacdmh-sa6-19KG-782,"12021 WILMINGTON AVE. STE. 2B, LOS ANGELES, CA 90059-3019",-118.242836,33.923005,"12021 Wilmington Avenue, STE 2b, Los Angeles, California 90059, United States",success,high,,"{""secondary_address"":""plausible"",""address_number"":""matched"",""street"":""matched"",""postcode"":""unmatched"",""place"":""matched"",""region"":""matched"",""locality"":""not_applicable"",""country"":""inferred"",""confidence"":""high""}",verified,,CA,CA,90059,90059.0,LOS ANGELES,Los Angeles,Los Angeles County,Los Angeles County,not_flagged,verified_address,in_la_county,include_default_map,verified address in Los Angeles County
lacdmh-sa6-8504-783,"415 W. ROUTE 66 SUITE 202, GLENDORA, CA 91740-4335",-117.869935,34.129059,"415 W Route 66, STE 202, Glendora, California 91740, United States",success,high,,"{""secondary_address"":""matched"",""address_number"":""matched"",""street"":""matched"",""postcode"":""unmatched"",""place"":""matched"",""region"":""matched"",""locality"":""not_applicable"",""country"":""inferred"",""confidence"":""high""}",verified,,CA,CA,91740,91740.0,GLENDORA,Glendora,Los Angeles County,Los Angeles County,not_flagged,verified_address,in_la_county,include_default_map,verified address in Los Angeles County
lacdmh-sa6-19MP-784,"12021 WILMINGTON AVE BLDG 18 STE 4D, LOS ANGELES, CA 90059-3019",-118.242836,33.923005,"12021 Wilmington Avenue, BLDG 18, Los Angeles, California 90059, United States",success,high,,"{""secondary_address"":""plausible"",""address_number"":""matched"",""street"":""matched"",""postcode"":""unmatched"",""place"":""matched"",""region"":""matched"",""locality"":""not_applicable"",""country"":""inferred"",""confidence"":""high""}",verified,,CA,CA,90059,90059.0,LOS ANGELES,Los Angeles,Los Angeles County,Los Angeles County,not_flagged,verified_address,in_la_county,include_default_map,verified address in Los Angeles County
lacdmh-sa6-0067R-785,"12619 S. AVALON BLVD., LOS ANGELES, CA 90061-2727",-118.265689,33.918268,"12619 South Avalon Boulevard, Los Angeles, California 90061, United States",success,high,,"{""address_number"":""matched"",""street"":""matched"",""postcode"":""unmatched"",""place"":""matched"",""region"":""matched"",""locality"":""not_applicable"",""country"":""inferred"",""confidence"":""high""}",verified,,CA,CA,90061,90061.0,LOS ANGELES,Los Angeles,Los Angeles County,Los Angeles County,not_flagged,verified_address,in_la_county,include_default_map,verified address in Los Angeles County
lacdmh-sa6-7937-786,"5708 S BROADWAY, LOS ANGELES, CA 90037-4132",-118.277917,33.990236,"5708 South Broadway, Los Angeles, California 90037, United States",success,high,,"{""address_number"":""matched"",""street"":""matched"",""postcode"":""unmatched"",""place"":""matched"",""region"":""matched"",""locality"":""not_applicable"",""country"":""inferred"",""confidence"":""high""}",verified,,CA,CA,90037,90037.0,LOS ANGELES,Los Angeles,Los Angeles County,Los Angeles County,not_flagged,verified_address,in_la_county,include_default_map,verified address in Los Angeles County
lacdmh-sa6-7031-787,"12206 S. WILMINGTON AVE., COMPTON, CA 90222-1283",-118.238768,33.921333,"12206 Wilmington Avenue, Compton, California 90222, United States",success,high,,"{""address_number"":""matched"",""street"":""matched"",""postcode"":""unmatched"",""place"":""matched"",""region"":""matched"",""locality"":""not_applicable"",""country"":""inferred"",""confidence"":""high""}",verified,,CA,CA,90222,90222.0,COMPTON,Compton,Los Angeles County,Los Angeles County,not_flagged,verified_address,in_la_county,include_default_map,verified address in Los Angeles County
lacdmh-sa6-19AN-788,"5300 ANGELES VISTA BLVD., LOS ANGELES, CA 90043-1648",-118.343445,33.994444,"5300 Angeles Vista Boulevard, Los Angeles, California 90043, United States",success,high,,"{""address_number"":""matched"",""street"":""matched"",""postcode"":""unmatched"",""place"":""matched"",""region"":""matched"",""locality"":""not_applicable"",""country"":""inferred"",""confidence"":""high""}",verified,,CA,CA,90043,90043.0,LOS ANGELES,Los Angeles,Los Angeles County,Los Angeles County,not_flagged,verified_address,in_la_county,include_default_map,verified address in Los Angeles County
lacdmh-sa6-7836-789,"5300 ANGELES VISTA BLVD, LOS ANGELES, CA 90043-1648",-118.343445,33.994444,"5300 Angeles Vista Boulevard, Los Angeles, California 90043, United States",success,high,,"{""address_number"":""matched"",""street"":""matched"",""postcode"":""unmatched"",""place"":""matched"",""region"":""matched"",""locality"":""not_applicable"",""country"":""inferred"",""confidence"":""high""}",verified,,CA,CA,90043,90043.0,LOS ANGELES,Los Angeles,Los Angeles County,Los Angeles County,not_flagged,verified_address,in_la_county,include_default_map,verified address in Los Angeles County
lacdmh-sa6-7955-790,"1720 E. 120TH ST., LOS ANGELES, CA 90059-3052",-118.242296,33.924054,"1720 East 120th Street, Los Angeles, California 90059, United States",success,high,,"{""address_number"":""matched"",""street"":""matched"",""postcode"":""unmatched"",""place"":""matched"",""region"":""matched"",""locality"":""not_applicable"",""country"":""inferred"",""confidence"":""high""}",verified,,CA,CA,90059,90059.0,LOS ANGELES,Los Angeles,Los Angeles County,Los Angeles County,not_flagged,verified_address,in_la_county,include_default_map,verified address in Los Angeles County
lacdmh-sa6-7276-791,"4401 CRENSHAW BLVD. STE. 300, LOS ANGELES, CA 90043-1227",-118.332074,34.003264,"4401 Crenshaw Boulevard, STE 300, Los Angeles, California 90043, United States",success,high,,"{""secondary_address"":""matched"",""address_number"":""matched"",""street"":""matched"",""postcode"":""unmatched"",""place"":""matched"",""region"":""matched"",""locality"":""not_applicable"",""country"":""inferred"",""confidence"":""high""}",verified,,CA,CA,90043,90043.0,LOS ANGELES,Los Angeles,Los Angeles County,Los Angeles County,not_flagged,verified_address,in_la_county,include_default_map,verified address in Los Angeles County
lacdmh-sa6-7827-792,"3590 E. IMPERIAL HWY., LYNWOOD, CA 90262-2655",-118.205593,33.9302,"3590 Imperial Highway, Lynwood, California 90262, United States",success,high,,"{""address_number"":""matched"",""street"":""matched"",""postcode"":""unmatched"",""place"":""matched"",""region"":""matched"",""locality"":""not_applicable"",""country"":""inferred"",""confidence"":""high""}",verified,,CA,CA,90262,90262.0,LYNWOOD,Lynwood,Los Angeles County,Los Angeles County,not_flagged,verified_address,in_la_county,include_default_map,verified address in Los Angeles County
lacdmh-sa6-1908-793,"3609 10TH AVE 1ST FL, LOS ANGELES, CA 90018-4114",-118.328473,34.022596,"3609 10th Avenue, Los Angeles, California 90018, United States",success,high,,"{""address_number"":""matched"",""street"":""matched"",""postcode"":""unmatched"",""place"":""matched"",""region"":""matched"",""locality"":""not_applicable"",""country"":""inferred"",""confidence"":""high""}",verified,,CA,CA,90018,90018.0,LOS ANGELES,Los Angeles,Los Angeles County,Los Angeles County,not_flagged,verified_address,in_la_county,include_default_map,verified address in Los Angeles County
lacdmh-sa6-19LQ-794,"3609 10TH AVE 1ST FL, LOS ANGELES, CA 90018-4114",-118.328473,34.022596,"3609 10th Avenue, Los Angeles, California 90018, United States",success,high,,"{""address_number"":""matched"",""street"":""matched"",""postcode"":""unmatched"",""place"":""matched"",""region"":""matched"",""locality"":""not_applicable"",""country"":""inferred"",""confidence"":""high""}",verified,,CA,CA,90018,90018.0,LOS ANGELES,Los Angeles,Los Angeles County,Los Angeles County,not_flagged,verified_address,in_la_county,include_default_map,verified address in Los Angeles County
lacdmh-sa6-19GY-795,"12021 S WILMINGTON AVE BLDG 18 STE 4D, LOS ANGELES, CA 90059-3019",-118.242836,33.923005,"12021 Wilmington Avenue, BLDG 18, Los Angeles, California 90059, United States",success,high,,"{""secondary_address"":""plausible"",""address_number"":""matched"",""street"":""matched"",""postcode"":""unmatched"",""place"":""matched"",""region"":""matched"",""locality"":""not_applicable"",""country"":""inferred"",""confidence"":""high""}",verified,,CA,CA,90059,90059.0,LOS ANGELES,Los Angeles,Los Angeles County,Los Angeles County,not_flagged,verified_address,in_la_county,include_default_map,verified address in Los Angeles County
lacdmh-sa6-8241-796,"23700 CAMINO DEL SOL, TORRANCE, CA 90505-5017",-118.344246,33.81034,"23700 Camino Del Sol, Torrance, California 90505, United States",success,high,,"{""address_number"":""matched"",""street"":""matched"",""postcode"":""unmatched"",""place"":""matched"",""region"":""matched"",""locality"":""not_applicable"",""country"":""inferred"",""confidence"":""high""}",verified,,CA,CA,90505,90505.0,TORRANCE,Torrance,Los Angeles County,Los Angeles County,not_flagged,verified_address,in_la_county,include_default_map,verified address in Los Angeles County
lacdmh-sa7-7983F 7983F-797,"6537 MALABAR ST. RM.61, HUNTINGTON PARK, CA 90255-4025",-118.227958,33.979919,"6537 Malabar Street, RM 61, Huntington Park, California 90255, United States",success,high,,"{""secondary_address"":""plausible"",""address_number"":""matched"",""street"":""matched"",""postcode"":""unmatched"",""place"":""matched"",""region"":""matched"",""locality"":""not_applicable"",""country"":""inferred"",""confidence"":""high""}",verified,,CA,CA,90255,90255.0,HUNTINGTON PARK,Huntington Park,Los Angeles County,Los Angeles County,not_flagged,verified_address,in_la_county,include_default_map,verified address in Los Angeles County
lacdmh-sa7-7983G 7983G-798,"6222 STATE ST. RM. COU, HUNTINGTON PARK, CA 90255-4403",-118.21132,33.983432,"6222 State Street, RM cou, Huntington Park, California 90255, United States",success,high,,"{""secondary_address"":""plausible"",""address_number"":""matched"",""street"":""matched"",""postcode"":""unmatched"",""place"":""matched"",""region"":""matched"",""locality"":""not_applicable"",""country"":""inferred"",""confidence"":""high""}",verified,,CA,CA,90255,90255.0,HUNTINGTON PARK,Huntington Park,Los Angeles County,Los Angeles County,not_flagged,verified_address,in_la_county,include_default_map,verified address in Los Angeles County
lacdmh-sa7-7983Y 7983Y-799,"3232 SATURN AVE. RM. WELL, HUNTINGTON PARK, CA 90255-5440",-118.20903,33.976047,"3232 Saturn Avenue, RM well, Huntington Park, California 90255, United States",success,high,,"{""secondary_address"":""plausible"",""address_number"":""matched"",""street"":""matched"",""postcode"":""unmatched"",""place"":""matched"",""region"":""matched"",""locality"":""not_applicable"",""country"":""inferred"",""confidence"":""high""}",verified,,CA,CA,90255,90255.0,HUNTINGTON PARK,Huntington Park,Los Angeles County,Los Angeles County,not_flagged,verified_address,in_la_county,include_default_map,verified address in Los Angeles County
lacdmh-sa7-19O4-800,"7731 PAINTER AVE, WHITTIER, CA 90602-2411",-118.033016,33.970806,"7731 Painter Avenue, Whittier, California 90602, United States",success,high,,"{""address_number"":""matched"",""street"":""matched"",""postcode"":""unmatched"",""place"":""matched"",""region"":""matched"",""locality"":""not_applicable"",""country"":""inferred"",""confidence"":""high""}",verified,,CA,CA,90602,90602.0,WHITTIER,Whittier,Los Angeles County,Los Angeles County,not_flagged,verified_address,in_la_county,include_default_map,verified address in Los Angeles County
lacdmh-sa7-7206-801,"12440 E. IMPERIAL HWY. STE. 116, NORWALK, CA 90650-8347",-117.839555,33.902985,"East Imperial Highway, Yorba Linda, California 92886, United States",success,,,,needs_review,missing_confidence;non_address_result:street;zip_mismatch;city_mismatch,CA,CA,90650,92886.0,NORWALK,Yorba Linda,Los Angeles County,Orange County,outside_la_county_review,needs_review_address,outside_la_county,exclude_default_map,outside Los Angeles County
lacdmh-sa7-7647-802,"12501 IMPERIAL HWY STE 500B, NORWALK, CA 90650-3179",-118.065829,33.917802,"12501 Imperial Highway, STE 500b, Norwalk, California 90650, United States",success,high,,"{""secondary_address"":""plausible"",""address_number"":""matched"",""street"":""matched"",""postcode"":""unmatched"",""place"":""matched"",""region"":""matched"",""locality"":""not_applicable"",""country"":""inferred"",""confidence"":""high""}",verified,,CA,CA,90650,90650.0,NORWALK,Norwalk,Los Angeles County,Los Angeles County,not_flagged,verified_address,in_la_county,include_default_map,verified address in Los Angeles County
lacdmh-sa7-7019A-803,"9101 WHITTIER BLVD., PICO RIVERA, CA 90660-2405",-118.082136,34.000927,"9101 Whittier Boulevard, Pico Rivera, California 90660, United States",success,high,,"{""address_number"":""matched"",""street"":""matched"",""postcode"":""unmatched"",""place"":""matched"",""region"":""matched"",""locality"":""not_applicable"",""country"":""inferred"",""confidence"":""high""}",verified,,CA,CA,90660,90660.0,PICO RIVERA,Pico Rivera,Los Angeles County,Los Angeles County,not_flagged,verified_address,in_la_county,include_default_map,verified address in Los Angeles County
lacdmh-sa7-7562-804,"4701 E. CESAR CHAVEZ AVE., LOS ANGELES, CA 90022-1209",-118.16465,34.04077,"4701 East Cesar E Chavez Avenue, Los Angeles, California 90022, United States",success,medium,,"{""address_number"":""matched"",""street"":""unmatched"",""postcode"":""unmatched"",""place"":""matched"",""region"":""matched"",""locality"":""not_applicable"",""country"":""inferred"",""confidence"":""medium""}",needs_review,medium_confidence;street_not_matched,CA,CA,90022,90022.0,LOS ANGELES,Los Angeles,Los Angeles County,Los Angeles County,not_flagged,needs_review_address,in_la_county,manual_review,address match quality needs review
lacdmh-sa7-7709-805,"6505 ROSEMEAD BLVD STE 101, 103A, PICO RIVERA, CA 90660-3565",-118.094872,33.986775,"6505 Rosemead Boulevard, STE 101, Pico Rivera, California 90660, United States",success,high,,"{""secondary_address"":""matched"",""address_number"":""matched"",""street"":""matched"",""postcode"":""unmatched"",""place"":""matched"",""region"":""matched"",""locality"":""not_applicable"",""country"":""inferred"",""confidence"":""high""}",verified,,CA,CA,90660,90660.0,PICO RIVERA,Pico Rivera,Los Angeles County,Los Angeles County,not_flagged,verified_address,in_la_county,include_default_map,verified address in Los Angeles County
lacdmh-sa7-7806-806,"2958 E. FLORENCE AVE. 2ND FL. RM. 11, HUNTINGTON PARK, CA 90255-5826",-118.216137,33.973074,"2958 East Florence Avenue, RM 11, Huntington Park, California 90255, United States",success,medium,,"{""secondary_address"":""plausible"",""address_number"":""matched"",""street"":""unmatched"",""postcode"":""unmatched"",""place"":""matched"",""region"":""matched"",""locality"":""not_applicable"",""country"":""inferred"",""confidence"":""medium""}",needs_review,medium_confidence;street_not_matched,CA,CA,90255,90255.0,HUNTINGTON PARK,Huntington Park,Los Angeles County,Los Angeles County,not_flagged,needs_review_address,in_la_county,manual_review,address match quality needs review
lacdmh-sa7-7983A-807,"2958 E. FLORENCE AVE. FL. 2, HUNTINGTON PARK, CA 90255-5826",-118.216137,33.973074,"2958 East Florence Avenue, FL 2, Huntington Park, California 90255, United States",success,medium,,"{""secondary_address"":""plausible"",""address_number"":""matched"",""street"":""unmatched"",""postcode"":""unmatched"",""place"":""matched"",""region"":""matched"",""locality"":""not_applicable"",""country"":""inferred"",""confidence"":""medium""}",needs_review,medium_confidence;street_not_matched,CA,CA,90255,90255.0,HUNTINGTON PARK,Huntington Park,Los Angeles County,Los Angeles County,not_flagged,needs_review_address,in_la_county,manual_review,address match quality needs review
lacdmh-sa7-7983P-808,"6055 CORONA AVENUE, RM PSA, HUNTINGTON PARK, CA 90255-3332",-118.195173,33.984919,"6055 Corona Avenue, RM psa, Huntington Park, California 90255, United States",success,high,,"{""secondary_address"":""plausible"",""address_number"":""matched"",""street"":""matched"",""postcode"":""unmatched"",""place"":""matched"",""region"":""matched"",""locality"":""not_applicable"",""country"":""inferred"",""confidence"":""high""}",verified,,CA,CA,90255,90255.0,HUNTINGTON PARK,Huntington Park,Los Angeles County,Los Angeles County,not_flagged,verified_address,in_la_county,include_default_map,verified address in Los Angeles County
lacdmh-sa7-7983V-809,"2660 E. 57TH STREET RM. 12, HUNTINGTON PARK, CA 90255-2545",-118.223666,33.990961,"2660 East 57th Street, RM 12, Huntington Park, California 90255, United States",success,high,,"{""secondary_address"":""plausible"",""address_number"":""matched"",""street"":""matched"",""postcode"":""unmatched"",""place"":""matched"",""region"":""matched"",""locality"":""not_applicable"",""country"":""inferred"",""confidence"":""high""}",verified,,CA,CA,90255,90255.0,HUNTINGTON PARK,Huntington Park,Los Angeles County,Los Angeles County,not_flagged,verified_address,in_la_county,include_default_map,verified address in Los Angeles County
lacdmh-sa7-7667-810,"5900 S EASTERN AVENUE SUITE 138, COMMERCE, CA 90040-4020",-118.161528,33.984131,"5900 South Eastern Avenue, STE 138, Commerce, California 90040, United States",success,high,,"{""secondary_address"":""matched"",""address_number"":""matched"",""street"":""matched"",""postcode"":""unmatched"",""place"":""matched"",""region"":""matched"",""locality"":""not_applicable"",""country"":""inferred"",""confidence"":""high""}",verified,,CA,CA,90040,90040.0,COMMERCE,Commerce,Los Angeles County,Los Angeles County,not_flagged,verified_address,in_la_county,include_default_map,verified address in Los Angeles County
lacdmh-sa7-7421-811,"17707 S. STUDEBAKER RD., CERRITOS, CA 90703-2640",-118.055018,33.864078,"Cerritos, California 90703, United States",success,,,,needs_review,missing_confidence;non_address_result:postcode,CA,CA,90703,90703.0,CERRITOS,Cerritos,Los Angeles County,Los Angeles County,not_flagged,needs_review_address,in_la_county,manual_review,address match quality needs review
lacdmh-sa7-7579-812,"11050 E ARTESIA BLVD NO F, CERRITOS, CA 90703-2542",-118.070959,33.873176,"Artesia Boulevard, Cerritos, California 90703, United States",success,,,,needs_review,missing_confidence;non_address_result:street,CA,CA,90703,90703.0,CERRITOS,Cerritos,Los Angeles County,Los Angeles County,not_flagged,needs_review_address,in_la_county,manual_review,address match quality needs review
lacdmh-sa7-1912-813,"5100 S EASTERN AVE ST 100, LOS ANGELES, CA 90040-2964",-118.16065,33.98874,"5100 South Eastern Avenue, st 100, Los Angeles, California 90040, United States",success,high,,"{""secondary_address"":""plausible"",""address_number"":""matched"",""street"":""matched"",""postcode"":""unmatched"",""place"":""matched"",""region"":""matched"",""locality"":""not_applicable"",""country"":""inferred"",""confidence"":""high""}",verified,,CA,CA,90040,90040.0,LOS ANGELES,Los Angeles,Los Angeles County,Los Angeles County,not_flagged,verified_address,in_la_county,include_default_map,verified address in Los Angeles County
lacdmh-sa7-1967-814,"5400 E. OLYMPIC BLVD. STE. 100, COMMERCE, CA 90022-5190",-118.155195,34.015058,"5400 East Olympic Boulevard, STE 100, Commerce, California 90022, United States",success,high,,"{""secondary_address"":""matched"",""address_number"":""matched"",""street"":""matched"",""postcode"":""unmatched"",""place"":""matched"",""region"":""matched"",""locality"":""not_applicable"",""country"":""inferred"",""confidence"":""high""}",verified,,CA,CA,90022,90022.0,COMMERCE,Commerce,Los Angeles County,Los Angeles County,not_flagged,verified_address,in_la_county,include_default_map,verified address in Los Angeles County
lacdmh-sa7-7722-815,"10012 NORWALK BLVD STE140, SANTA FE SPRINGS, CA 90670-3343",-118.072638,33.946958,"10012 Norwalk Boulevard, STE 140, Santa Fe Springs, California 90670, United States",success,high,,"{""secondary_address"":""matched"",""address_number"":""matched"",""street"":""matched"",""postcode"":""unmatched"",""place"":""matched"",""region"":""matched"",""locality"":""not_applicable"",""country"":""inferred"",""confidence"":""high""}",verified,,CA,CA,90670,90670.0,SANTA FE SPRINGS,Santa Fe Springs,Los Angeles County,Los Angeles County,not_flagged,verified_address,in_la_county,include_default_map,verified address in Los Angeles County
lacdmh-sa7-7996-816,"12631 IMPERIAL HWY SUITE C-103, SANTA FE SPRINGS, CA 90670-4710",-118.062736,33.9177,"12631 Imperial Highway, STE C103, Santa Fe Springs, California 90670, United States",success,high,,"{""secondary_address"":""matched"",""address_number"":""matched"",""street"":""matched"",""postcode"":""unmatched"",""place"":""matched"",""region"":""matched"",""locality"":""not_applicable"",""country"":""inferred"",""confidence"":""high""}",verified,,CA,CA,90670,90670.0,SANTA FE SPRINGS,Santa Fe Springs,Los Angeles County,Los Angeles County,not_flagged,verified_address,in_la_county,include_default_map,verified address in Los Angeles County
lacdmh-sa7-19KD-817,"7745 LEEDS ST., DOWNEY, CA 90242-3489",-118.15692,33.927983,"7745 Leeds Street, Downey, California 90242, United States",success,high,,"{""address_number"":""matched"",""street"":""matched"",""postcode"":""unmatched"",""place"":""matched"",""region"":""matched"",""locality"":""not_applicable"",""country"":""inferred"",""confidence"":""high""}",verified,,CA,CA,90242,90242.0,DOWNEY,Downey,Los Angeles County,Los Angeles County,not_flagged,verified_address,in_la_county,include_default_map,verified address in Los Angeles County
lacdmh-sa7-190Z-818,"4443 LIVE OAK ST., CUDAHY, CA 90201-4207",-118.188542,33.968365,"4443 Live Oak Street, Cudahy, California 90201, United States",success,high,,"{""address_number"":""matched"",""street"":""matched"",""postcode"":""unmatched"",""place"":""matched"",""region"":""matched"",""locality"":""not_applicable"",""country"":""inferred"",""confidence"":""high""}",verified,,CA,CA,90201,90201.0,CUDAHY,Cudahy,Los Angeles County,Los Angeles County,not_flagged,verified_address,in_la_county,include_default_map,verified address in Los Angeles County
lacdmh-sa7-7638-819,"9033 WASHINGTON BLVD, PICO RIVERA, CA 90660-3839",-118.0957,33.98279,"9033 Washington Boulevard, Pico Rivera, California 90660, United States",success,high,,"{""address_number"":""matched"",""street"":""matched"",""postcode"":""unmatched"",""place"":""matched"",""region"":""matched"",""locality"":""not_applicable"",""country"":""inferred"",""confidence"":""high""}",verified,,CA,CA,90660,90660.0,PICO RIVERA,Pico Rivera,Los Angeles County,Los Angeles County,not_flagged,verified_address,in_la_county,include_default_map,verified address in Los Angeles County
lacdmh-sa7-7246-820,"10929 SOUTH STREET SUITE 214B, CERRITOS, CA 90703-5340",-118.100857,33.858814,"10929 South Street, STE 214B, Cerritos, California 90703, United States",success,high,,"{""secondary_address"":""matched"",""address_number"":""matched"",""street"":""matched"",""postcode"":""unmatched"",""place"":""matched"",""region"":""matched"",""locality"":""not_applicable"",""country"":""inferred"",""confidence"":""high""}",verified,,CA,CA,90703,90703.0,CERRITOS,Cerritos,Los Angeles County,Los Angeles County,not_flagged,verified_address,in_la_county,include_default_map,verified address in Los Angeles County
lacdmh-sa7-7175-821,"12440 E IMPERIAL HWY STE 116, NORWALK, CA 90650-9998",-117.839555,33.902985,"East Imperial Highway, Yorba Linda, California 92886, United States",success,,,,needs_review,missing_confidence;non_address_result:street;zip_mismatch;city_mismatch,CA,CA,90650,92886.0,NORWALK,Yorba Linda,Los Angeles County,Orange County,outside_la_county_review,needs_review_address,outside_la_county,exclude_default_map,outside Los Angeles County
lacdmh-sa7-7660-822,"12440 FIRESTONE BLVD SUITE 215, NORWALK, CA 90650-4328",-118.068478,33.904769,"12440 Firestone Boulevard, STE 215, Norwalk, California 90650, United States",success,high,,"{""secondary_address"":""matched"",""address_number"":""matched"",""street"":""matched"",""postcode"":""unmatched"",""place"":""matched"",""region"":""matched"",""locality"":""not_applicable"",""country"":""inferred"",""confidence"":""high""}",verified,,CA,CA,90650,90650.0,NORWALK,Norwalk,Los Angeles County,Los Angeles County,not_flagged,verified_address,in_la_county,include_default_map,verified address in Los Angeles County
lacdmh-sa7-19LG-823,"7765 LEEDS ST, DOWNEY, CA 90242-3489",-118.15692,33.927983,"7765 Leeds Street, Downey, California 90242, United States",success,high,,"{""address_number"":""matched"",""street"":""matched"",""postcode"":""unmatched"",""place"":""matched"",""region"":""matched"",""locality"":""not_applicable"",""country"":""inferred"",""confidence"":""high""}",verified,,CA,CA,90242,90242.0,DOWNEY,Downey,Los Angeles County,Los Angeles County,not_flagged,verified_address,in_la_county,include_default_map,verified address in Los Angeles County
lacdmh-sa7-7634-824,"550 S VERMONT AVE 10TH FL, LOS ANGELES, CA 90020-9998",-118.291455,34.064035,"550 South Vermont Avenue, Los Angeles, California 90020, United States",success,high,,"{""address_number"":""matched"",""street"":""matched"",""postcode"":""unmatched"",""place"":""matched"",""region"":""matched"",""locality"":""not_applicable"",""country"":""inferred"",""confidence"":""high""}",verified,,CA,CA,90020,90020.0,LOS ANGELES,Los Angeles,Los Angeles County,Los Angeles County,not_flagged,verified_address,in_la_county,include_default_map,verified address in Los Angeles County
lacdmh-sa7-3300-825,"1500 S MCDONNELL AVE, COMMERCE, CA 90040-5623",-118.16974,34.011728,"1500 South Mcdonnell Avenue, Commerce, California 90040, United States",success,high,,"{""address_number"":""matched"",""street"":""matched"",""postcode"":""unmatched"",""place"":""matched"",""region"":""matched"",""locality"":""not_applicable"",""country"":""inferred"",""confidence"":""high""}",verified,,CA,CA,90040,90040.0,COMMERCE,Commerce,Los Angeles County,Los Angeles County,not_flagged,verified_address,in_la_county,include_default_map,verified address in Los Angeles County
lacdmh-sa7-7360-826,"1000 GOODRICH BLVD., COMMERCE, CA 90022-5103",-118.154277,34.01704,"1000 Goodrich Boulevard, Commerce, California 90022, United States",success,high,,"{""address_number"":""matched"",""street"":""matched"",""postcode"":""unmatched"",""place"":""matched"",""region"":""matched"",""locality"":""not_applicable"",""country"":""inferred"",""confidence"":""high""}",verified,,CA,CA,90022,90022.0,COMMERCE,Commerce,Los Angeles County,Los Angeles County,not_flagged,verified_address,in_la_county,include_default_map,verified address in Los Angeles County
lacdmh-sa7-7254-827,"6001 CLARA ST., BELL GARDENS, CA 90201-4723",-118.159303,33.962839,"6001 Clara Street, Bell Gardens, California 90201, United States",success,high,,"{""address_number"":""matched"",""street"":""matched"",""postcode"":""unmatched"",""place"":""matched"",""region"":""matched"",""locality"":""not_applicable"",""country"":""inferred"",""confidence"":""high""}",verified,,CA,CA,90201,90201.0,BELL GARDENS,Bell Gardens,Los Angeles County,Los Angeles County,not_flagged,verified_address,in_la_county,include_default_map,verified address in Los Angeles County
lacdmh-sa7-7253-828,"1436 GOODRICH BLVD., CITY OF COMMERCE, CA 90022-5111",-118.157621,34.010998,"1436 Goodrich Boulevard, Commerce, California 90022, United States",success,high,,"{""address_number"":""matched"",""street"":""matched"",""postcode"":""unmatched"",""place"":""matched"",""region"":""matched"",""locality"":""not_applicable"",""country"":""inferred"",""confidence"":""high""}",needs_review,city_mismatch,CA,CA,90022,90022.0,CITY OF COMMERCE,Commerce,Los Angeles County,Los Angeles County,not_flagged,verified_city_or_zip_mismatch,in_la_county,include_with_warning,address-level match with city or ZIP mismatch warning
lacdmh-sa7-7588-829,"17707 S. STUDEBAKER RD., CERRITOS, CA 90703-2640",-118.055018,33.864078,"Cerritos, California 90703, United States",success,,,,needs_review,missing_confidence;non_address_result:postcode,CA,CA,90703,90703.0,CERRITOS,Cerritos,Los Angeles County,Los Angeles County,not_flagged,needs_review_address,in_la_county,manual_review,address match quality needs review
lacdmh-sa7-19MK-830,"1774 ZONAL AVE BLDG A, LOS ANGELES, CA 90033-1064",-118.209795,34.06131,"1774 Zonal Avenue, BLDG A, Los Angeles, California 90033, United States",success,high,,"{""secondary_address"":""plausible"",""address_number"":""matched"",""street"":""matched"",""postcode"":""unmatched"",""place"":""matched"",""region"":""matched"",""locality"":""not_applicable"",""country"":""inferred"",""confidence"":""high""}",verified,,CA,CA,90033,90033.0,LOS ANGELES,Los Angeles,Los Angeles County,Los Angeles County,not_flagged,verified_address,in_la_county,include_default_map,verified address in Los Angeles County
lacdmh-sa7-8511-831,"8050 FLORENCE AVE STE 32, DOWNEY, CA 90240-3896",-118.128737,33.951778,"8050 Florence Avenue, STE 32, Downey, California 90240, United States",success,high,,"{""secondary_address"":""matched"",""address_number"":""matched"",""street"":""matched"",""postcode"":""unmatched"",""place"":""matched"",""region"":""matched"",""locality"":""not_applicable"",""country"":""inferred"",""confidence"":""high""}",verified,,CA,CA,90240,90240.0,DOWNEY,Downey,Los Angeles County,Los Angeles County,not_flagged,verified_address,in_la_county,include_default_map,verified address in Los Angeles County
lacdmh-sa7-8466-832,"220 S. INDIAN HILL BLVD STE. F, CLAREMONT, CA 91711-4929",-117.718901,34.091657,"220 South Indian Hill Boulevard, STE F, Claremont, California 91711, United States",success,high,,"{""secondary_address"":""matched"",""address_number"":""matched"",""street"":""matched"",""postcode"":""unmatched"",""place"":""matched"",""region"":""matched"",""locality"":""not_applicable"",""country"":""inferred"",""confidence"":""high""}",verified,,CA,CA,91711,91711.0,CLAREMONT,Claremont,Los Angeles County,Los Angeles County,not_flagged,verified_address,in_la_county,include_default_map,verified address in Los Angeles County
lacdmh-sa7-19DV-833,"14181 TELEGRAPH RD., WHITTIER, CA 90604-2554",-118.029345,33.929539,"14181 Telegraph Road, Whittier, California 90604, United States",success,high,,"{""address_number"":""matched"",""street"":""matched"",""postcode"":""unmatched"",""place"":""matched"",""region"":""matched"",""locality"":""not_applicable"",""country"":""inferred"",""confidence"":""high""}",verified,,CA,CA,90604,90604.0,WHITTIER,Whittier,Los Angeles County,Los Angeles County,not_flagged,verified_address,in_la_county,include_default_map,verified address in Los Angeles County
lacdmh-sa7-7574-834,"12440 E FIRESTONE BLVD SUITE 316, NORWALK, CA 90650-9319",-118.08922,33.8959,"Firestone Boulevard, Norwalk, California 90650, United States",success,,,,needs_review,missing_confidence;non_address_result:street,CA,CA,90650,90650.0,NORWALK,Norwalk,Los Angeles County,Los Angeles County,not_flagged,needs_review_address,in_la_county,manual_review,address match quality needs review
lacdmh-sa7-19JH-835,"5400 E. OLYMPIC BLVD. STE. 225, COMMERCE, CA 90022-5154",-118.155195,34.015058,"5400 East Olympic Boulevard, STE 225, Commerce, California 90022, United States",success,high,,"{""secondary_address"":""matched"",""address_number"":""matched"",""street"":""matched"",""postcode"":""unmatched"",""place"":""matched"",""region"":""matched"",""locality"":""not_applicable"",""country"":""inferred"",""confidence"":""high""}",verified,,CA,CA,90022,90022.0,COMMERCE,Commerce,Los Angeles County,Los Angeles County,not_flagged,verified_address,in_la_county,include_default_map,verified address in Los Angeles County
lacdmh-sa7-8019-836,"1720 CESAR CHAVEZ AVE, LOS ANGELES, CA 90033-2414",-118.217395,34.049231,"1720 East Cesar E Chavez Avenue, Los Angeles, California 90033, United States",success,medium,,"{""address_number"":""matched"",""street"":""unmatched"",""postcode"":""unmatched"",""place"":""matched"",""region"":""matched"",""locality"":""not_applicable"",""country"":""inferred"",""confidence"":""medium""}",needs_review,medium_confidence;street_not_matched,CA,CA,90033,90033.0,LOS ANGELES,Los Angeles,Los Angeles County,Los Angeles County,not_flagged,needs_review_address,in_la_county,manual_review,address match quality needs review
lacdmh-sa7-7594-837,"14401 BLOOMFIELD BLVD MSH BLDG 506 507, NORWALK, CA 90650-9998",-118.0643,33.90133,"14401 Bloomfield Avenue, BLDG 506 507, Norwalk, California 90650, United States",success,medium,,"{""secondary_address"":""plausible"",""address_number"":""matched"",""street"":""unmatched"",""postcode"":""unmatched"",""place"":""matched"",""region"":""matched"",""locality"":""not_applicable"",""country"":""inferred"",""confidence"":""medium""}",needs_review,medium_confidence;street_not_matched,CA,CA,90650,90650.0,NORWALK,Norwalk,Los Angeles County,Los Angeles County,not_flagged,needs_review_address,in_la_county,manual_review,address match quality needs review
lacdmh-sa7-7245L-838,"14029 HARVEST AVE, NORWALK, CA 90650-3740",-118.092563,33.903645,"14029 Harvest Avenue, Norwalk, California 90650, United States",success,high,,"{""address_number"":""matched"",""street"":""matched"",""postcode"":""unmatched"",""place"":""matched"",""region"":""matched"",""locality"":""not_applicable"",""country"":""inferred"",""confidence"":""high""}",verified,,CA,CA,90650,90650.0,NORWALK,Norwalk,Los Angeles County,Los Angeles County,not_flagged,verified_address,in_la_county,include_default_map,verified address in Los Angeles County
lacdmh-sa7-19LB-839,"3529 CITY TERRACE DR, LOS ANGELES, CA 90063-3741",-118.188702,34.054079,"3529 City Terrace Drive, Los Angeles, California 90063, United States",success,high,,"{""address_number"":""matched"",""street"":""matched"",""postcode"":""unmatched"",""place"":""matched"",""region"":""matched"",""locality"":""not_applicable"",""country"":""inferred"",""confidence"":""high""}",verified,,CA,CA,90063,90063.0,LOS ANGELES,Los Angeles,Los Angeles County,Los Angeles County,not_flagged,verified_address,in_la_county,include_default_map,verified address in Los Angeles County
lacdmh-sa7-7821-840,"6330 RUGBY AVE. 2ND. FLR. STE. 200, HUNTINGTON PARK, CA 90255-4066",-118.226176,33.982734,"6330 Rugby Avenue, STE 200, Huntington Park, California 90255, United States",success,high,,"{""secondary_address"":""matched"",""address_number"":""matched"",""street"":""matched"",""postcode"":""unmatched"",""place"":""matched"",""region"":""matched"",""locality"":""not_applicable"",""country"":""inferred"",""confidence"":""high""}",verified,,CA,CA,90255,90255.0,HUNTINGTON PARK,Huntington Park,Los Angeles County,Los Angeles County,not_flagged,verified_address,in_la_county,include_default_map,verified address in Los Angeles County
lacdmh-sa7-7166-841,"7285 E. QUILL DR., DOWNEY, CA 90242-2001",-118.157662,33.930791,"Quill Drive, Downey, California 90242, United States",success,,,,needs_review,missing_confidence;non_address_result:street,CA,CA,90242,90242.0,DOWNEY,Downey,Los Angeles County,Los Angeles County,not_flagged,needs_review_address,in_la_county,manual_review,address match quality needs review
lacdmh-sa7-8059-842,"14730 BEACH BLVD. STE. 123, LA MIRADA, CA 90638-4256",-117.986217,33.897601,"14730 Beach Boulevard, STE 123, La Mirada, California 90638, United States",success,high,,"{""secondary_address"":""matched"",""address_number"":""matched"",""street"":""matched"",""postcode"":""unmatched"",""place"":""matched"",""region"":""matched"",""locality"":""not_applicable"",""country"":""inferred"",""confidence"":""high""}",verified,,CA,CA,90638,90638.0,LA MIRADA,La Mirada,Los Angeles County,Los Angeles County,not_flagged,verified_address,in_la_county,include_default_map,verified address in Los Angeles County
lacdmh-sa7-19A3-843,"12715 PIONEER BLVD., NORWALK, CA 90650-2873",-118.082105,33.915115,"12715 Pioneer Boulevard, Norwalk, California 90650, United States",success,high,,"{""address_number"":""matched"",""street"":""matched"",""postcode"":""unmatched"",""place"":""matched"",""region"":""matched"",""locality"":""not_applicable"",""country"":""inferred"",""confidence"":""high""}",verified,,CA,CA,90650,90650.0,NORWALK,Norwalk,Los Angeles County,Los Angeles County,not_flagged,verified_address,in_la_county,include_default_map,verified address in Los Angeles County
lacdmh-sa7-7852-844,"21409 ELAINE AVE., HAWAIIAN GARDENS, CA 90716-1025",-118.078145,33.835386,"21409 Elaine Avenue, Hawaiian Gardens, California 90716, United States",success,high,,"{""address_number"":""matched"",""street"":""matched"",""postcode"":""unmatched"",""place"":""matched"",""region"":""matched"",""locality"":""not_applicable"",""country"":""inferred"",""confidence"":""high""}",verified,,CA,CA,90716,90716.0,HAWAIIAN GARDENS,Hawaiian Gardens,Los Angeles County,Los Angeles County,not_flagged,verified_address,in_la_county,include_default_map,verified address in Los Angeles County
lacdmh-sa7-7718-845,"10222 ROSECRANS AVE., BELLFLOWER, CA 90706-2602",-118.114727,33.901755,"10222 Rosecrans Avenue, Bellflower, California 90706, United States",success,high,,"{""address_number"":""matched"",""street"":""matched"",""postcode"":""unmatched"",""place"":""matched"",""region"":""matched"",""locality"":""not_applicable"",""country"":""inferred"",""confidence"":""high""}",verified,,CA,CA,90706,90706.0,BELLFLOWER,Bellflower,Los Angeles County,Los Angeles County,not_flagged,verified_address,in_la_county,include_default_map,verified address in Los Angeles County
lacdmh-sa7-7997-846,"1600 W BEVERLY BLVD ROOM 210, MONTEBELLO, CA 90640-3932",-118.116435,34.020278,"1600 West Beverly Boulevard, RM 210, Montebello, California 90640, United States",success,high,,"{""secondary_address"":""plausible"",""address_number"":""matched"",""street"":""matched"",""postcode"":""unmatched"",""place"":""matched"",""region"":""matched"",""locality"":""not_applicable"",""country"":""inferred"",""confidence"":""high""}",verified,,CA,CA,90640,90640.0,MONTEBELLO,Montebello,Los Angeles County,Los Angeles County,not_flagged,verified_address,in_la_county,include_default_map,verified address in Los Angeles County
lacdmh-sa7-8480-847,"14435 HAMLIN ST STE 108, VAN NUYS, CA 91401-6205",-118.447718,34.188984,"14435 Hamlin Street, STE 108, Van Nuys, California 91401, United States",success,high,,"{""secondary_address"":""matched"",""address_number"":""matched"",""street"":""matched"",""postcode"":""unmatched"",""place"":""matched"",""region"":""matched"",""locality"":""not_applicable"",""country"":""inferred"",""confidence"":""high""}",verified,,CA,CA,91401,91401.0,VAN NUYS,Van Nuys,Los Angeles County,Los Angeles County,not_flagged,verified_address,in_la_county,include_default_map,verified address in Los Angeles County
lacdmh-sa7-8041-848,"2221 W. 232ND ST., TORRANCE, CA 90501-5721",-118.320718,33.815145,"2221 232nd Street, Torrance, California 90501, United States",success,high,,"{""address_number"":""matched"",""street"":""matched"",""postcode"":""unmatched"",""place"":""matched"",""region"":""matched"",""locality"":""not_applicable"",""country"":""inferred"",""confidence"":""high""}",verified,,CA,CA,90501,90501.0,TORRANCE,Torrance,Los Angeles County,Los Angeles County,not_flagged,verified_address,in_la_county,include_default_map,verified address in Los Angeles County
lacdmh-sa7-19GM-849,"5400 POMONA BLVD., LOS ANGELES, CA 90022-1717",-118.149561,34.033157,"5400 Pomona Boulevard, Los Angeles, California 90022, United States",success,high,,"{""address_number"":""matched"",""street"":""matched"",""postcode"":""unmatched"",""place"":""matched"",""region"":""matched"",""locality"":""not_applicable"",""country"":""inferred"",""confidence"":""high""}",verified,,CA,CA,90022,90022.0,LOS ANGELES,Los Angeles,Los Angeles County,Los Angeles County,not_flagged,verified_address,in_la_county,include_default_map,verified address in Los Angeles County
lacdmh-sa7-7534A-850,"17800 WOODRUFF AVENUE, BELLFLOWER, CA 90706-7079",-118.116048,33.871281,"17800 Woodruff Avenue, Bellflower, California 90706, United States",success,high,,"{""address_number"":""matched"",""street"":""matched"",""postcode"":""unmatched"",""place"":""matched"",""region"":""matched"",""locality"":""not_applicable"",""country"":""inferred"",""confidence"":""high""}",verified,,CA,CA,90706,90706.0,BELLFLOWER,Bellflower,Los Angeles County,Los Angeles County,not_flagged,verified_address,in_la_county,include_default_map,verified address in Los Angeles County
lacdmh-sa7-19IZ-851,"11731 TELEGRAPH RD. STE. G, SANTA FE SPRINGS, CA 90670-6819",-118.083121,33.94628,"11731 Telegraph Road, STE G, Santa Fe Springs, California 90670, United States",success,high,,"{""secondary_address"":""matched"",""address_number"":""matched"",""street"":""matched"",""postcode"":""unmatched"",""place"":""matched"",""region"":""matched"",""locality"":""not_applicable"",""country"":""inferred"",""confidence"":""high""}",verified,,CA,CA,90670,90670.0,SANTA FE SPRINGS,Santa Fe Springs,Los Angeles County,Los Angeles County,not_flagged,verified_address,in_la_county,include_default_map,verified address in Los Angeles County
lacdmh-sa7-19J8-852,"11721 TELEGRAPH RD. STE. A, SANTA FE SPRINGS, CA 90670-6835",-118.082805,33.947103,"11721 Telegraph Road, STE A, Santa Fe Springs, California 90670, United States",success,high,,"{""secondary_address"":""matched"",""address_number"":""matched"",""street"":""matched"",""postcode"":""unmatched"",""place"":""matched"",""region"":""matched"",""locality"":""not_applicable"",""country"":""inferred"",""confidence"":""high""}",verified,,CA,CA,90670,90670.0,SANTA FE SPRINGS,Santa Fe Springs,Los Angeles County,Los Angeles County,not_flagged,verified_address,in_la_county,include_default_map,verified address in Los Angeles County
lacdmh-sa7-19JA-853,"11741 TELEGRAPH RD STE A, SANTA FE SPRINGS, CA 90670-3681",-118.082847,33.946164,"11741 Telegraph Road, STE A, Santa Fe Springs, California 90670, United States",success,high,,"{""secondary_address"":""matched"",""address_number"":""matched"",""street"":""matched"",""postcode"":""unmatched"",""place"":""matched"",""region"":""matched"",""locality"":""not_applicable"",""country"":""inferred"",""confidence"":""high""}",verified,,CA,CA,90670,90670.0,SANTA FE SPRINGS,Santa Fe Springs,Los Angeles County,Los Angeles County,not_flagged,verified_address,in_la_county,include_default_map,verified address in Los Angeles County
lacdmh-sa7-19J1-854,"11741 TELEGRAPH RD. STE. G, SANTA FE SPRINGS, CA 90670-3687",-118.082847,33.946164,"11741 Telegraph Road, STE G, Santa Fe Springs, California 90670, United States",success,high,,"{""secondary_address"":""matched"",""address_number"":""matched"",""street"":""matched"",""postcode"":""unmatched"",""place"":""matched"",""region"":""matched"",""locality"":""not_applicable"",""country"":""inferred"",""confidence"":""high""}",verified,,CA,CA,90670,90670.0,SANTA FE SPRINGS,Santa Fe Springs,Los Angeles County,Los Angeles County,not_flagged,verified_address,in_la_county,include_default_map,verified address in Los Angeles County
lacdmh-sa7-19EN-855,"8337 TELEGRAPH RD. STE 300, PICO RIVERA, CA 90660-4909",-118.113141,33.96467,"8337 Telegraph Road, STE 300, Pico Rivera, California 90660, United States",success,high,,"{""secondary_address"":""plausible"",""address_number"":""matched"",""street"":""matched"",""postcode"":""unmatched"",""place"":""matched"",""region"":""matched"",""locality"":""not_applicable"",""country"":""inferred"",""confidence"":""high""}",verified,,CA,CA,90660,90660.0,PICO RIVERA,Pico Rivera,Los Angeles County,Los Angeles County,not_flagged,verified_address,in_la_county,include_default_map,verified address in Los Angeles County
lacdmh-sa7-19DW-856,"11032 LEFFINGWELL RD., NORWALK, CA 90650-3638",-118.097681,33.905917,"11032 Leffingwell Road, Norwalk, California 90650, United States",success,high,,"{""address_number"":""matched"",""street"":""matched"",""postcode"":""unmatched"",""place"":""matched"",""region"":""matched"",""locality"":""not_applicable"",""country"":""inferred"",""confidence"":""high""}",verified,,CA,CA,90650,90650.0,NORWALK,Norwalk,Los Angeles County,Los Angeles County,not_flagged,verified_address,in_la_county,include_default_map,verified address in Los Angeles County
lacdmh-sa7-7511-857,"5628 E SLAUSON AVENUE, COMMERCE, CA 90040-2922",-118.163733,33.985581,"5628 East Slauson Avenue, Commerce, California 90040, United States",success,high,,"{""address_number"":""matched"",""street"":""matched"",""postcode"":""unmatched"",""place"":""matched"",""region"":""matched"",""locality"":""not_applicable"",""country"":""inferred"",""confidence"":""high""}",verified,,CA,CA,90040,90040.0,COMMERCE,Commerce,Los Angeles County,Los Angeles County,not_flagged,verified_address,in_la_county,include_default_map,verified address in Los Angeles County
lacdmh-sa7-7918-858,"2677 12 ZOE AVENUE, HUNTINGTON PARK, CA 90255-4195",-118.222975,33.979429,"2677 Zoe Avenue, #12, Huntington Park, California 90255, United States",success,high,,"{""secondary_address"":""plausible"",""address_number"":""matched"",""street"":""matched"",""postcode"":""unmatched"",""place"":""matched"",""region"":""matched"",""locality"":""not_applicable"",""country"":""inferred"",""confidence"":""high""}",verified,,CA,CA,90255,90255.0,HUNTINGTON PARK,Huntington Park,Los Angeles County,Los Angeles County,not_flagged,verified_address,in_la_county,include_default_map,verified address in Los Angeles County
lacdmh-sa7-7813-859,"6330 RUGBY AVE. STE. 200, HUNTINGTON PARK, CA 90255-6938",-118.226176,33.982734,"6330 Rugby Avenue, STE 200, Huntington Park, California 90255, United States",success,high,,"{""secondary_address"":""matched"",""address_number"":""matched"",""street"":""matched"",""postcode"":""unmatched"",""place"":""matched"",""region"":""matched"",""locality"":""not_applicable"",""country"":""inferred"",""confidence"":""high""}",verified,,CA,CA,90255,90255.0,HUNTINGTON PARK,Huntington Park,Los Angeles County,Los Angeles County,not_flagged,verified_address,in_la_county,include_default_map,verified address in Los Angeles County
lacdmh-sa7-1930-860,"17707 S. STUDEBAKER RD., CERRITOS, CA 90703-2640",-118.055018,33.864078,"Cerritos, California 90703, United States",success,,,,needs_review,missing_confidence;non_address_result:postcode,CA,CA,90703,90703.0,CERRITOS,Cerritos,Los Angeles County,Los Angeles County,not_flagged,needs_review_address,in_la_county,manual_review,address match quality needs review
lacdmh-sa7-19MB-861,"17707 STUDEBAKER RD, CERRITOS, CA 90703-2640",-118.099449,33.870041,"17707 Studebaker Road, Cerritos, California 90703, United States",success,high,,"{""address_number"":""matched"",""street"":""matched"",""postcode"":""unmatched"",""place"":""matched"",""region"":""matched"",""locality"":""not_applicable"",""country"":""inferred"",""confidence"":""high""}",verified,,CA,CA,90703,90703.0,CERRITOS,Cerritos,Los Angeles County,Los Angeles County,not_flagged,verified_address,in_la_county,include_default_map,verified address in Los Angeles County
lacdmh-sa7-6857-862,"4701 E CESAR E CHAVEZ AVE RM 222, LOS ANGELES, CA 90022-1209",-118.16465,34.04077,"4701 East Cesar E Chavez Avenue, RM 222, Los Angeles, California 90022, United States",success,high,,"{""secondary_address"":""plausible"",""address_number"":""matched"",""street"":""matched"",""postcode"":""unmatched"",""place"":""matched"",""region"":""matched"",""locality"":""not_applicable"",""country"":""inferred"",""confidence"":""high""}",verified,,CA,CA,90022,90022.0,LOS ANGELES,Los Angeles,Los Angeles County,Los Angeles County,not_flagged,verified_address,in_la_county,include_default_map,verified address in Los Angeles County
lacdmh-sa7-19MD-863,"4701 E CESAR E CHAVEZ AVE RM 222, LOS ANGELES, CA 90022-1209",-118.16465,34.04077,"4701 East Cesar E Chavez Avenue, RM 222, Los Angeles, California 90022, United States",success,high,,"{""secondary_address"":""plausible"",""address_number"":""matched"",""street"":""matched"",""postcode"":""unmatched"",""place"":""matched"",""region"":""matched"",""locality"":""not_applicable"",""country"":""inferred"",""confidence"":""high""}",verified,,CA,CA,90022,90022.0,LOS ANGELES,Los Angeles,Los Angeles County,Los Angeles County,not_flagged,verified_address,in_la_county,include_default_map,verified address in Los Angeles County
lacdmh-sa7-7584-864,"215 E AVENIDA DE LA MERCED STE. 103, MONTEBELLO, CA 90640-2752",-118.094509,34.022347,"215 Avenida De La Merced, STE 103, Montebello, California 90640, United States",success,high,,"{""secondary_address"":""plausible"",""address_number"":""matched"",""street"":""matched"",""postcode"":""unmatched"",""place"":""matched"",""region"":""matched"",""locality"":""not_applicable"",""country"":""inferred"",""confidence"":""high""}",verified,,CA,CA,90640,90640.0,MONTEBELLO,Montebello,Los Angeles County,Los Angeles County,not_flagged,verified_address,in_la_county,include_default_map,verified address in Los Angeles County
lacdmh-sa7-19N4-865,"631-A MAPLE AVE, LOS ANGELES, CA 90014-2211",-118.248668,34.043213,"631 Maple Avenue, #A, Los Angeles, California 90014, United States",success,high,,"{""secondary_address"":""plausible"",""address_number"":""matched"",""street"":""matched"",""postcode"":""unmatched"",""place"":""matched"",""region"":""matched"",""locality"":""not_applicable"",""country"":""inferred"",""confidence"":""high""}",verified,,CA,CA,90014,90014.0,LOS ANGELES,Los Angeles,Los Angeles County,Los Angeles County,not_flagged,verified_address,in_la_county,include_default_map,verified address in Los Angeles County
lacdmh-sa7-19IL SA7-866,"5601 E SLAUSON AVE 2ND FL, COMMERCE, CA 90040-2953",-118.164004,33.986522,"5601 East Slauson Avenue, Commerce, California 90040, United States",success,high,,"{""address_number"":""matched"",""street"":""matched"",""postcode"":""unmatched"",""place"":""matched"",""region"":""matched"",""locality"":""not_applicable"",""country"":""inferred"",""confidence"":""high""}",verified,,CA,CA,90040,90040.0,COMMERCE,Commerce,Los Angeles County,Los Angeles County,not_flagged,verified_address,in_la_county,include_default_map,verified address in Los Angeles County
lacdmh-sa7-7929 SA7-867,"6330 RUGBY AVE. STE. 200, HUNTINGTON PARK, CA 90255-6938",-118.226176,33.982734,"6330 Rugby Avenue, STE 200, Huntington Park, California 90255, United States",success,high,,"{""secondary_address"":""matched"",""address_number"":""matched"",""street"":""matched"",""postcode"":""unmatched"",""place"":""matched"",""region"":""matched"",""locality"":""not_applicable"",""country"":""inferred"",""confidence"":""high""}",verified,,CA,CA,90255,90255.0,HUNTINGTON PARK,Huntington Park,Los Angeles County,Los Angeles County,not_flagged,verified_address,in_la_county,include_default_map,verified address in Los Angeles County
lacdmh-sa7-19MQ SA7-868,"5601 E SLAUSON AVE 2ND FL, COMMERCE, CA 90040-2953",-118.164004,33.986522,"5601 East Slauson Avenue, Commerce, California 90040, United States",success,high,,"{""address_number"":""matched"",""street"":""matched"",""postcode"":""unmatched"",""place"":""matched"",""region"":""matched"",""locality"":""not_applicable"",""country"":""inferred"",""confidence"":""high""}",verified,,CA,CA,90040,90040.0,COMMERCE,Commerce,Los Angeles County,Los Angeles County,not_flagged,verified_address,in_la_county,include_default_map,verified address in Los Angeles County
lacdmh-sa7-19N2 SA7-869,"5601 E SLAUSON AVE, COMMERCE, CA 90040-2953",-118.164004,33.986522,"5601 East Slauson Avenue, Commerce, California 90040, United States",success,high,,"{""address_number"":""matched"",""street"":""matched"",""postcode"":""unmatched"",""place"":""matched"",""region"":""matched"",""locality"":""not_applicable"",""country"":""inferred"",""confidence"":""high""}",verified,,CA,CA,90040,90040.0,COMMERCE,Commerce,Los Angeles County,Los Angeles County,not_flagged,verified_address,in_la_county,include_default_map,verified address in Los Angeles County
lacdmh-sa7-19G6-870,"12580 LAKELAND RD., SANTA FE SPRINGS, CA 90670-0000",-118.06517,33.931328,"12580 Lakeland Road, Santa Fe Springs, California 90670, United States",success,high,,"{""address_number"":""matched"",""street"":""matched"",""postcode"":""unmatched"",""place"":""matched"",""region"":""matched"",""locality"":""not_applicable"",""country"":""inferred"",""confidence"":""high""}",verified,,CA,CA,90670,90670.0,SANTA FE SPRINGS,Santa Fe Springs,Los Angeles County,Los Angeles County,not_flagged,verified_address,in_la_county,include_default_map,verified address in Los Angeles County
lacdmh-sa7-7468-871,"2629 CLARENDON AVE., HUNTINGTON PARK, CA 90255-4119",-118.224122,33.983945,"2629 Clarendon Avenue, Huntington Park, California 90255, United States",success,high,,"{""address_number"":""matched"",""street"":""matched"",""postcode"":""unmatched"",""place"":""matched"",""region"":""matched"",""locality"":""not_applicable"",""country"":""inferred"",""confidence"":""high""}",verified,,CA,CA,90255,90255.0,HUNTINGTON PARK,Huntington Park,Los Angeles County,Los Angeles County,not_flagged,verified_address,in_la_county,include_default_map,verified address in Los Angeles County
lacdmh-sa7-7824-872,"14371 CLARK AVE., BELLFLOWER, CA 90706-2901",-118.134562,33.902443,"14371 Clark Avenue, Bellflower, California 90706, United States",success,high,,"{""address_number"":""matched"",""street"":""matched"",""postcode"":""unmatched"",""place"":""matched"",""region"":""matched"",""locality"":""not_applicable"",""country"":""inferred"",""confidence"":""high""}",verified,,CA,CA,90706,90706.0,BELLFLOWER,Bellflower,Los Angeles County,Los Angeles County,not_flagged,verified_address,in_la_county,include_default_map,verified address in Los Angeles County
lacdmh-sa7-7946-873,"4305 S SANTA FE AVENUE, VERNON, CA 90058-1714",-118.231445,34.004938,"4305 South Santa Fe Avenue, Vernon, California 90058, United States",success,high,,"{""address_number"":""matched"",""street"":""matched"",""postcode"":""unmatched"",""place"":""matched"",""region"":""matched"",""locality"":""not_applicable"",""country"":""inferred"",""confidence"":""high""}",verified,,CA,CA,90058,90058.0,VERNON,Vernon,Los Angeles County,Los Angeles County,not_flagged,verified_address,in_la_county,include_default_map,verified address in Los Angeles County
lacdmh-sa7-7616-874,"5835 S. EASTERN BLVD. 2ND FL., COMMERCE, CA 90040-4031",-118.163484,33.983866,"5835 South Eastern Avenue, FL 2nd, Commerce, California 90040, United States",success,medium,,"{""secondary_address"":""matched"",""address_number"":""matched"",""street"":""unmatched"",""postcode"":""unmatched"",""place"":""matched"",""region"":""matched"",""locality"":""not_applicable"",""country"":""inferred"",""confidence"":""medium""}",needs_review,medium_confidence;street_not_matched,CA,CA,90040,90040.0,COMMERCE,Commerce,Los Angeles County,Los Angeles County,not_flagged,needs_review_address,in_la_county,manual_review,address match quality needs review
lacdmh-sa7-7617-875,"10355 SLUSHER DR., SANTA FE SPRINGS, CA 90670-7353",-118.07837,33.94262,"10355 Slusher Drive, Santa Fe Springs, California 90670, United States",success,high,,"{""address_number"":""matched"",""street"":""matched"",""postcode"":""unmatched"",""place"":""matched"",""region"":""matched"",""locality"":""not_applicable"",""country"":""inferred"",""confidence"":""high""}",verified,,CA,CA,90670,90670.0,SANTA FE SPRINGS,Santa Fe Springs,Los Angeles County,Los Angeles County,not_flagged,verified_address,in_la_county,include_default_map,verified address in Los Angeles County
lacdmh-sa7-7752-876,"4060 WATSON PLAZA DRIVE, LAKEWOOD, CA 90712-4033",-118.15378,33.83195,"4060 Watson Plaza Drive, Lakewood, California 90712, United States",success,high,,"{""address_number"":""matched"",""street"":""matched"",""postcode"":""unmatched"",""place"":""matched"",""region"":""matched"",""locality"":""not_applicable"",""country"":""inferred"",""confidence"":""high""}",verified,,CA,CA,90712,90712.0,LAKEWOOD,Lakewood,Los Angeles County,Los Angeles County,not_flagged,verified_address,in_la_county,include_default_map,verified address in Los Angeles County
lacdmh-sa7-7951-877,"10230 ARTESIA BLVD STE 104, BELLFLOWER, CA 90706-6768",-118.115771,33.872815,"10230 Artesia Boulevard, STE 104, Bellflower, California 90706, United States",success,high,,"{""secondary_address"":""matched"",""address_number"":""matched"",""street"":""matched"",""postcode"":""unmatched"",""place"":""matched"",""region"":""matched"",""locality"":""not_applicable"",""country"":""inferred"",""confidence"":""high""}",verified,,CA,CA,90706,90706.0,BELLFLOWER,Bellflower,Los Angeles County,Los Angeles County,not_flagged,verified_address,in_la_county,include_default_map,verified address in Los Angeles County
lacdmh-sa7-19JM-878,"7755 LEEDS ST., DOWNEY, CA 90242-3489",-118.15692,33.927983,"7755 Leeds Street, Downey, California 90242, United States",success,high,,"{""address_number"":""matched"",""street"":""matched"",""postcode"":""unmatched"",""place"":""matched"",""region"":""matched"",""locality"":""not_applicable"",""country"":""inferred"",""confidence"":""high""}",verified,,CA,CA,90242,90242.0,DOWNEY,Downey,Los Angeles County,Los Angeles County,not_flagged,verified_address,in_la_county,include_default_map,verified address in Los Angeles County
lacdmh-sa7-7670-879,"5100 S EASTERN AVE STE 110, COMMERCE, CA 90040-2938",-118.16065,33.98874,"5100 South Eastern Avenue, STE 110, Commerce, California 90040, United States",success,high,,"{""secondary_address"":""plausible"",""address_number"":""matched"",""street"":""matched"",""postcode"":""unmatched"",""place"":""matched"",""region"":""matched"",""locality"":""not_applicable"",""country"":""inferred"",""confidence"":""high""}",verified,,CA,CA,90040,90040.0,COMMERCE,Commerce,Los Angeles County,Los Angeles County,not_flagged,verified_address,in_la_county,include_default_map,verified address in Los Angeles County
lacdmh-sa7-7406A-880,"9901 ARTESIA BLVD, BELLFLOWER, CA 90706-6713",-118.12284,33.87505,"9901 Artesia Boulevard, Bellflower, California 90706, United States",success,high,,"{""address_number"":""matched"",""street"":""matched"",""postcode"":""unmatched"",""place"":""matched"",""region"":""matched"",""locality"":""not_applicable"",""country"":""inferred"",""confidence"":""high""}",verified,,CA,CA,90706,90706.0,BELLFLOWER,Bellflower,Los Angeles County,Los Angeles County,not_flagged,verified_address,in_la_county,include_default_map,verified address in Los Angeles County
lacdmh-sa7-7250-881,"12501 IMPERIAL HWY. STE. 500A, NORWALK, CA 90650-3179",-118.065829,33.917802,"12501 Imperial Highway, STE 500a, Norwalk, California 90650, United States",success,high,,"{""secondary_address"":""plausible"",""address_number"":""matched"",""street"":""matched"",""postcode"":""unmatched"",""place"":""matched"",""region"":""matched"",""locality"":""not_applicable"",""country"":""inferred"",""confidence"":""high""}",verified,,CA,CA,90650,90650.0,NORWALK,Norwalk,Los Angeles County,Los Angeles County,not_flagged,verified_address,in_la_county,include_default_map,verified address in Los Angeles County
lacdmh-sa7-7851-882,"6728 SEVILLE AVENUE, HUNTINGTON PARK, CA 90255-4804",-118.222194,33.977874,"6728 Seville Avenue, Huntington Park, California 90255, United States",success,high,,"{""address_number"":""matched"",""street"":""matched"",""postcode"":""unmatched"",""place"":""matched"",""region"":""matched"",""locality"":""not_applicable"",""country"":""inferred"",""confidence"":""high""}",verified,,CA,CA,90255,90255.0,HUNTINGTON PARK,Huntington Park,Los Angeles County,Los Angeles County,not_flagged,verified_address,in_la_county,include_default_map,verified address in Los Angeles County
lacdmh-sa7-1972-883,"10155 COLIMA RD., WHITTIER, CA 90603-2063",-118.010812,33.94364,"10155 Colima Road, Whittier, California 90603, United States",success,high,,"{""address_number"":""matched"",""street"":""matched"",""postcode"":""unmatched"",""place"":""matched"",""region"":""matched"",""locality"":""not_applicable"",""country"":""inferred"",""confidence"":""high""}",verified,,CA,CA,90603,90603.0,WHITTIER,Whittier,Los Angeles County,Los Angeles County,not_flagged,verified_address,in_la_county,include_default_map,verified address in Los Angeles County
lacdmh-sa7-19N7-884,"10951 LAUREL AVE, SANTA FE SPRINGS, CA 90670-4513",-118.049197,33.932782,"10951 Laurel Avenue, Santa Fe Springs, California 90670, United States",success,high,,"{""address_number"":""matched"",""street"":""matched"",""postcode"":""unmatched"",""place"":""matched"",""region"":""matched"",""locality"":""not_applicable"",""country"":""inferred"",""confidence"":""high""}",verified,,CA,CA,90670,90670.0,SANTA FE SPRINGS,Santa Fe Springs,Los Angeles County,Los Angeles County,not_flagged,verified_address,in_la_county,include_default_map,verified address in Los Angeles County
lacdmh-sa7-19N8-885,"8600 FLORENCE AVE, DOWNEY, CA 90240-4017",-118.11943,33.94831,"8600 Florence Avenue, Downey, California 90240, United States",success,high,,"{""address_number"":""matched"",""street"":""matched"",""postcode"":""unmatched"",""place"":""matched"",""region"":""matched"",""locality"":""not_applicable"",""country"":""inferred"",""confidence"":""high""}",verified,,CA,CA,90240,90240.0,DOWNEY,Downey,Los Angeles County,Los Angeles County,not_flagged,verified_address,in_la_county,include_default_map,verified address in Los Angeles County
lacdmh-sa7-7866-886,"12417 PHILADELPHIA ST., WHITTIER, CA 90601-3933",-118.043576,33.979716,"12417 Philadelphia Street, Whittier, California 90601, United States",success,high,,"{""address_number"":""matched"",""street"":""matched"",""postcode"":""unmatched"",""place"":""matched"",""region"":""matched"",""locality"":""not_applicable"",""country"":""inferred"",""confidence"":""high""}",verified,,CA,CA,90601,90601.0,WHITTIER,Whittier,Los Angeles County,Los Angeles County,not_flagged,verified_address,in_la_county,include_default_map,verified address in Los Angeles County
lacdmh-sa7-19EW-887,"6411 NORWALK BLVD., WHITTIER, CA 90606-1502",-118.067666,33.986579,"6411 Norwalk Boulevard, Whittier, California 90606, United States",success,high,,"{""address_number"":""matched"",""street"":""matched"",""postcode"":""unmatched"",""place"":""matched"",""region"":""matched"",""locality"":""not_applicable"",""country"":""inferred"",""confidence"":""high""}",verified,,CA,CA,90606,90606.0,WHITTIER,Whittier,Los Angeles County,Los Angeles County,not_flagged,verified_address,in_la_county,include_default_map,verified address in Los Angeles County
lacdmh-sa7-19JR-888,"7735 LEEDS ST., DOWNEY, CA 90242-3489",-118.15692,33.927983,"7735 Leeds Street, Downey, California 90242, United States",success,high,,"{""address_number"":""matched"",""street"":""matched"",""postcode"":""unmatched"",""place"":""matched"",""region"":""matched"",""locality"":""not_applicable"",""country"":""inferred"",""confidence"":""high""}",verified,,CA,CA,90242,90242.0,DOWNEY,Downey,Los Angeles County,Los Angeles County,not_flagged,verified_address,in_la_county,include_default_map,verified address in Los Angeles County
lacdmh-sa7-19F9-889,"13020 BAILEY ST., WHITTIER, CA 90601-4203",-118.03665,33.98073,"13020 Bailey Street, Whittier, California 90601, United States",success,high,,"{""address_number"":""matched"",""street"":""matched"",""postcode"":""unmatched"",""place"":""matched"",""region"":""matched"",""locality"":""not_applicable"",""country"":""inferred"",""confidence"":""high""}",verified,,CA,CA,90601,90601.0,WHITTIER,Whittier,Los Angeles County,Los Angeles County,not_flagged,verified_address,in_la_county,include_default_map,verified address in Los Angeles County
lacdmh-sa7-19G1-890,"1701 E. CESAR E. CHAVEZ AVE. STE 532, LOS ANGELES, CA 90033-2496",-118.216429,34.051216,"1701 East Cesar E Chavez Avenue, STE 532, Los Angeles, California 90033, United States",success,high,,"{""secondary_address"":""matched"",""address_number"":""matched"",""street"":""matched"",""postcode"":""unmatched"",""place"":""matched"",""region"":""matched"",""locality"":""not_applicable"",""country"":""inferred"",""confidence"":""high""}",verified,,CA,CA,90033,90033.0,LOS ANGELES,Los Angeles,Los Angeles County,Los Angeles County,not_flagged,verified_address,in_la_county,include_default_map,verified address in Los Angeles County
lacdmh-sa7-7830-891,"14371 CLARK AVE, BELLFLOWER, CA 90706-2901",-118.134562,33.902443,"14371 Clark Avenue, Bellflower, California 90706, United States",success,high,,"{""address_number"":""matched"",""street"":""matched"",""postcode"":""unmatched"",""place"":""matched"",""region"":""matched"",""locality"":""not_applicable"",""country"":""inferred"",""confidence"":""high""}",verified,,CA,CA,90706,90706.0,BELLFLOWER,Bellflower,Los Angeles County,Los Angeles County,not_flagged,verified_address,in_la_county,include_default_map,verified address in Los Angeles County
lacdmh-sa7-1921-892,"13200 PENN ST, WHITTIER, CA 90602-1716",-118.034588,33.975022,"13200 Penn Street, Whittier, California 90602, United States",success,high,,"{""address_number"":""matched"",""street"":""matched"",""postcode"":""unmatched"",""place"":""matched"",""region"":""matched"",""locality"":""not_applicable"",""country"":""inferred"",""confidence"":""high""}",verified,,CA,CA,90602,90602.0,WHITTIER,Whittier,Los Angeles County,Los Angeles County,not_flagged,verified_address,in_la_county,include_default_map,verified address in Los Angeles County
lacdmh-sa8-19JF 19JFA-893,"9621 S. VERMONT AVE., LOS ANGELES, CA 90044-3217",-118.29211,33.94805,"9621 South Vermont Avenue, Los Angeles, California 90044, United States",success,high,,"{""address_number"":""matched"",""street"":""matched"",""postcode"":""unmatched"",""place"":""matched"",""region"":""matched"",""locality"":""not_applicable"",""country"":""inferred"",""confidence"":""high""}",verified,,CA,CA,90044,90044.0,LOS ANGELES,Los Angeles,Los Angeles County,Los Angeles County,not_flagged,verified_address,in_la_county,include_default_map,verified address in Los Angeles County
lacdmh-sa8-8102-894,"21615 BERENDO AVE, TORRANCE, CA 90502-5017",-118.293867,33.832133,"21615 Berendo Avenue, Torrance, California 90502, United States",success,high,,"{""address_number"":""matched"",""street"":""matched"",""postcode"":""unmatched"",""place"":""matched"",""region"":""matched"",""locality"":""not_applicable"",""country"":""inferred"",""confidence"":""high""}",verified,,CA,CA,90502,90502.0,TORRANCE,Torrance,Los Angeles County,Los Angeles County,not_flagged,verified_address,in_la_county,include_default_map,verified address in Los Angeles County
lacdmh-sa8-8501-895,"520 N. MAIN STREET STE 120, SANTA ANA, CA 92701-4623",-117.867937,33.749312,"520 North Main Street, STE 120, Santa Ana, California 92701, United States",success,medium,,"{""secondary_address"":""matched"",""address_number"":""matched"",""street"":""unmatched"",""postcode"":""unmatched"",""place"":""matched"",""region"":""matched"",""locality"":""not_applicable"",""country"":""inferred"",""confidence"":""medium""}",needs_review,medium_confidence;street_not_matched,CA,CA,92701,92701.0,SANTA ANA,Santa Ana,Los Angeles County,Orange County,outside_la_county_review,needs_review_address,outside_la_county,exclude_default_map,outside Los Angeles County
lacdmh-sa8-8519-896,"2790 SKYPARK DR STE 210, TORRANCE, CA 90505-5388",-118.336177,33.80451,"2790 Skypark Drive, STE 210, Torrance, California 90505, United States",success,high,,"{""secondary_address"":""matched"",""address_number"":""matched"",""street"":""matched"",""postcode"":""unmatched"",""place"":""matched"",""region"":""matched"",""locality"":""not_applicable"",""country"":""inferred"",""confidence"":""high""}",verified,,CA,CA,90505,90505.0,TORRANCE,Torrance,Los Angeles County,Los Angeles County,not_flagged,verified_address,in_la_county,include_default_map,verified address in Los Angeles County
lacdmh-sa8-8445-897,"1201 WALNUT AVE, LONG BEACH, CA 90803-3822",-118.172655,33.781755,"1201 Walnut Avenue, Long Beach, California 90813, United States",success,high,,"{""address_number"":""matched"",""street"":""matched"",""postcode"":""unmatched"",""place"":""matched"",""region"":""matched"",""locality"":""not_applicable"",""country"":""inferred"",""confidence"":""high""}",needs_review,zip_mismatch,CA,CA,90803,90813.0,LONG BEACH,Long Beach,Los Angeles County,Los Angeles County,not_flagged,verified_city_or_zip_mismatch,in_la_county,include_with_warning,address-level match with city or ZIP mismatch warning
lacdmh-sa8-19A7-898,"850 E. WARDLOW RD., LONG BEACH, CA 90807-4628",-118.182052,33.818776,"850 East Wardlow Road, Long Beach, California 90807, United States",success,high,,"{""address_number"":""matched"",""street"":""matched"",""postcode"":""unmatched"",""place"":""matched"",""region"":""matched"",""locality"":""not_applicable"",""country"":""inferred"",""confidence"":""high""}",verified,,CA,CA,90807,90807.0,LONG BEACH,Long Beach,Los Angeles County,Los Angeles County,not_flagged,verified_address,in_la_county,include_default_map,verified address in Los Angeles County
lacdmh-sa8-7019F-899,"121 LINDEN AVE. STE B112, LONG BEACH, CA 90802-4990",-118.186675,33.768434,"121 Linden Avenue, STE b112, Long Beach, California 90802, United States",success,high,,"{""secondary_address"":""plausible"",""address_number"":""matched"",""street"":""matched"",""postcode"":""unmatched"",""place"":""matched"",""region"":""matched"",""locality"":""not_applicable"",""country"":""inferred"",""confidence"":""high""}",verified,,CA,CA,90802,90802.0,LONG BEACH,Long Beach,Los Angeles County,Los Angeles County,not_flagged,verified_address,in_la_county,include_default_map,verified address in Los Angeles County
lacdmh-sa8-8459-900,"23700 CAMINO DEL SOL, TORRANCE, CA 90505-5017",-118.344246,33.81034,"23700 Camino Del Sol, Torrance, California 90505, United States",success,high,,"{""address_number"":""matched"",""street"":""matched"",""postcode"":""unmatched"",""place"":""matched"",""region"":""matched"",""locality"":""not_applicable"",""country"":""inferred"",""confidence"":""high""}",verified,,CA,CA,90505,90505.0,TORRANCE,Torrance,Los Angeles County,Los Angeles County,not_flagged,verified_address,in_la_county,include_default_map,verified address in Los Angeles County
lacdmh-sa8-8491-901,"17034 BELLFLOWER BLVD, BELLFLOWER, CA 90706-5950",-118.124951,33.879284,"17034 Bellflower Boulevard, Bellflower, California 90706, United States",success,high,,"{""address_number"":""matched"",""street"":""matched"",""postcode"":""unmatched"",""place"":""matched"",""region"":""matched"",""locality"":""not_applicable"",""country"":""inferred"",""confidence"":""high""}",verified,,CA,CA,90706,90706.0,BELLFLOWER,Bellflower,Los Angeles County,Los Angeles County,not_flagged,verified_address,in_la_county,include_default_map,verified address in Los Angeles County
lacdmh-sa8-7999-902,"2248 OBISPO AVE. STE. 202, SIGNAL HILL, CA 90755-4026",-118.153449,33.797588,"2248 Obispo Avenue, STE 202, Signal Hill, California 90755, United States",success,high,,"{""secondary_address"":""matched"",""address_number"":""matched"",""street"":""matched"",""postcode"":""unmatched"",""place"":""matched"",""region"":""matched"",""locality"":""not_applicable"",""country"":""inferred"",""confidence"":""high""}",verified,,CA,CA,90755,90755.0,SIGNAL HILL,Signal Hill,Los Angeles County,Los Angeles County,not_flagged,verified_address,in_la_county,include_default_map,verified address in Los Angeles County
lacdmh-sa8-7926-903,"24330 NARBONNE AVENUE SUITE 2, LOMITA, CA 90717-1131",-118.319195,33.804287,"24330 Narbonne Avenue, STE 2, Lomita, California 90717, United States",success,high,,"{""secondary_address"":""plausible"",""address_number"":""matched"",""street"":""matched"",""postcode"":""unmatched"",""place"":""matched"",""region"":""matched"",""locality"":""not_applicable"",""country"":""inferred"",""confidence"":""high""}",verified,,CA,CA,90717,90717.0,LOMITA,Lomita,Los Angeles County,Los Angeles County,not_flagged,verified_address,in_la_county,include_default_map,verified address in Los Angeles County
lacdmh-sa8-7891-904,"4300 LONG BEACH BLVD STE 750, LONG BEACH, CA 90807-2013",-118.189566,33.836192,"4300 Long Beach Boulevard, STE 750, Long Beach, California 90807, United States",success,high,,"{""secondary_address"":""plausible"",""address_number"":""matched"",""street"":""matched"",""postcode"":""unmatched"",""place"":""matched"",""region"":""matched"",""locality"":""not_applicable"",""country"":""inferred"",""confidence"":""high""}",verified,,CA,CA,90807,90807.0,LONG BEACH,Long Beach,Los Angeles County,Los Angeles County,not_flagged,verified_address,in_la_county,include_default_map,verified address in Los Angeles County
lacdmh-sa8-8488-905,"500 E. CARSON PLAZA, CARSON, CA 90746-3225",-118.265603,33.844599,"500 Carson Plaza Drive, Carson, California 90746, United States",success,medium,,"{""address_number"":""matched"",""street"":""unmatched"",""postcode"":""unmatched"",""place"":""matched"",""region"":""matched"",""locality"":""not_applicable"",""country"":""inferred"",""confidence"":""medium""}",needs_review,medium_confidence;street_not_matched,CA,CA,90746,90746.0,CARSON,Carson,Los Angeles County,Los Angeles County,not_flagged,needs_review_address,in_la_county,manual_review,address match quality needs review
lacdmh-sa8-8454-906,"1811 W. 236TH ST, TORRANCE, CA 90501-5742",-118.31096,33.811476,"1811 West 236th Street, Torrance, California 90501, United States",success,high,,"{""address_number"":""matched"",""street"":""matched"",""postcode"":""unmatched"",""place"":""matched"",""region"":""matched"",""locality"":""not_applicable"",""country"":""inferred"",""confidence"":""high""}",verified,,CA,CA,90501,90501.0,TORRANCE,Torrance,Los Angeles County,Los Angeles County,not_flagged,verified_address,in_la_county,include_default_map,verified address in Los Angeles County
lacdmh-sa8-8434-907,"23700 CAMINO DEL SOL, TORRANCE, CA 90505-5017",-118.344246,33.81034,"23700 Camino Del Sol, Torrance, California 90505, United States",success,high,,"{""address_number"":""matched"",""street"":""matched"",""postcode"":""unmatched"",""place"":""matched"",""region"":""matched"",""locality"":""not_applicable"",""country"":""inferred"",""confidence"":""high""}",verified,,CA,CA,90505,90505.0,TORRANCE,Torrance,Los Angeles County,Los Angeles County,not_flagged,verified_address,in_la_county,include_default_map,verified address in Los Angeles County
lacdmh-sa8-19L5-908,"1225 W 190TH ST STE 280, GARDENA, CA 90248-4305",-118.298434,33.858861,"1225 West 190th Street, STE 280, Gardena, California 90248, United States",success,high,,"{""secondary_address"":""matched"",""address_number"":""matched"",""street"":""matched"",""postcode"":""unmatched"",""place"":""matched"",""region"":""matched"",""locality"":""not_applicable"",""country"":""inferred"",""confidence"":""high""}",verified,,CA,CA,90248,90248.0,GARDENA,Gardena,Los Angeles County,Los Angeles County,not_flagged,verified_address,in_la_county,include_default_map,verified address in Los Angeles County
lacdmh-sa8-8518-909,"5555 GROSSMONT CENTER DR, LA MESA, CA 91942-3019",-117.007149,32.781569,"5555 Grossmont Center Drive, La Mesa, California 91942, United States",success,high,,"{""address_number"":""matched"",""street"":""matched"",""postcode"":""unmatched"",""place"":""matched"",""region"":""matched"",""locality"":""not_applicable"",""country"":""inferred"",""confidence"":""high""}",verified,,CA,CA,91942,91942.0,LA MESA,La Mesa,Los Angeles County,San Diego County,outside_la_county_review,verified_address,outside_la_county,exclude_default_map,correctly geocoded but outside Los Angeles County
lacdmh-sa8-8485-910,"23700 CAMINO DEL SOL, TORRANCE, CA 90505-5017",-118.344246,33.81034,"23700 Camino Del Sol, Torrance, California 90505, United States",success,high,,"{""address_number"":""matched"",""street"":""matched"",""postcode"":""unmatched"",""place"":""matched"",""region"":""matched"",""locality"":""not_applicable"",""country"":""inferred"",""confidence"":""high""}",verified,,CA,CA,90505,90505.0,TORRANCE,Torrance,Los Angeles County,Los Angeles County,not_flagged,verified_address,in_la_county,include_default_map,verified address in Los Angeles County
lacdmh-sa8-7944-911,"555 E. OCEAN BLVD. STE. 330, LONG BEACH, CA 90802-5052",-118.18543,33.76697,"555 East Ocean Boulevard, UNIT 330, Long Beach, California 90802, United States",success,high,,"{""secondary_address"":""matched"",""address_number"":""matched"",""street"":""matched"",""postcode"":""unmatched"",""place"":""matched"",""region"":""matched"",""locality"":""not_applicable"",""country"":""inferred"",""confidence"":""high""}",verified,,CA,CA,90802,90802.0,LONG BEACH,Long Beach,Los Angeles County,Los Angeles County,not_flagged,verified_address,in_la_county,include_default_map,verified address in Los Angeles County
lacdmh-sa8-8428-912,"23700 CAMINO DEL SOL, TORRANCE, CA 90505-5017",-118.344246,33.81034,"23700 Camino Del Sol, Torrance, California 90505, United States",success,high,,"{""address_number"":""matched"",""street"":""matched"",""postcode"":""unmatched"",""place"":""matched"",""region"":""matched"",""locality"":""not_applicable"",""country"":""inferred"",""confidence"":""high""}",verified,,CA,CA,90505,90505.0,TORRANCE,Torrance,Los Angeles County,Los Angeles County,not_flagged,verified_address,in_la_county,include_default_map,verified address in Los Angeles County
lacdmh-sa8-19JT-913,"20101 HAMILTON AVE. STE. 155, TORRANCE, CA 90502-1314",-118.287626,33.848318,"20101 Hamilton Avenue, STE 155, Torrance, California 90502, United States",success,high,,"{""secondary_address"":""plausible"",""address_number"":""matched"",""street"":""matched"",""postcode"":""unmatched"",""place"":""matched"",""region"":""matched"",""locality"":""not_applicable"",""country"":""inferred"",""confidence"":""high""}",verified,,CA,CA,90502,90502.0,TORRANCE,Torrance,Los Angeles County,Los Angeles County,not_flagged,verified_address,in_la_county,include_default_map,verified address in Los Angeles County
lacdmh-sa8-7469-914,"3545 LONG BEACH BLVD., LONG BEACH, CA 90807-3941",-118.189741,33.82131,"3545 Long Beach Boulevard, Long Beach, California 90807, United States",success,high,,"{""address_number"":""matched"",""street"":""matched"",""postcode"":""unmatched"",""place"":""matched"",""region"":""matched"",""locality"":""not_applicable"",""country"":""inferred"",""confidence"":""high""}",verified,,CA,CA,90807,90807.0,LONG BEACH,Long Beach,Los Angeles County,Los Angeles County,not_flagged,verified_address,in_la_county,include_default_map,verified address in Los Angeles County
lacdmh-sa8-8402-915,"14623 HAWTHORNE BLVD SUITE 205A, LAWNDALE, CA 90260-1581",-118.352993,33.898564,"14623 Hawthorne Boulevard, STE 205A, Lawndale, California 90260, United States",success,high,,"{""secondary_address"":""matched"",""address_number"":""matched"",""street"":""matched"",""postcode"":""unmatched"",""place"":""matched"",""region"":""matched"",""locality"":""not_applicable"",""country"":""inferred"",""confidence"":""high""}",verified,,CA,CA,90260,90260.0,LAWNDALE,Lawndale,Los Angeles County,Los Angeles County,not_flagged,verified_address,in_la_county,include_default_map,verified address in Los Angeles County
lacdmh-sa8-7779-916,"1500 HUGHES WAY, STE. C100, LONG BEACH, CA 90810-1808",-118.212284,33.827654,"1500 Hughes Way, STE C100, Long Beach, California 90810, United States",success,high,,"{""secondary_address"":""matched"",""address_number"":""matched"",""street"":""matched"",""postcode"":""unmatched"",""place"":""matched"",""region"":""matched"",""locality"":""not_applicable"",""country"":""inferred"",""confidence"":""high""}",verified,,CA,CA,90810,90810.0,LONG BEACH,Long Beach,Los Angeles County,Los Angeles County,not_flagged,verified_address,in_la_county,include_default_map,verified address in Los Angeles County
lacdmh-sa8-8496-917,"770 MAGNOLIA AVE STE F, CORONA, CA 92879-3122",-117.553353,33.858927,"770 Magnolia Avenue, STE F, Corona, California 92879, United States",success,high,,"{""secondary_address"":""plausible"",""address_number"":""matched"",""street"":""matched"",""postcode"":""unmatched"",""place"":""matched"",""region"":""matched"",""locality"":""not_applicable"",""country"":""inferred"",""confidence"":""high""}",verified,,CA,CA,92879,92879.0,CORONA,Corona,Los Angeles County,Riverside County,outside_la_county_review,verified_address,outside_la_county,exclude_default_map,correctly geocoded but outside Los Angeles County
lacdmh-sa8-7064-918,"14112 S. KINGSLEY DR., GARDENA, CA 90249-3018",-118.303951,33.902863,"14112 Kingsley Drive, Gardena, California 90249, United States",success,high,,"{""address_number"":""matched"",""street"":""matched"",""postcode"":""unmatched"",""place"":""matched"",""region"":""matched"",""locality"":""not_applicable"",""country"":""inferred"",""confidence"":""high""}",verified,,CA,CA,90249,90249.0,GARDENA,Gardena,Los Angeles County,Los Angeles County,not_flagged,verified_address,in_la_county,include_default_map,verified address in Los Angeles County
lacdmh-sa8-7516-919,"21535 HAWTHORNE BLVD STE 102, TORRANCE, CA 90503-6604",-118.353123,33.832725,"21535 Hawthorne Boulevard, STE 102, Torrance, California 90503, United States",success,high,,"{""secondary_address"":""matched"",""address_number"":""matched"",""street"":""matched"",""postcode"":""unmatched"",""place"":""matched"",""region"":""matched"",""locality"":""not_applicable"",""country"":""inferred"",""confidence"":""high""}",verified,,CA,CA,90503,90503.0,TORRANCE,Torrance,Los Angeles County,Los Angeles County,not_flagged,verified_address,in_la_county,include_default_map,verified address in Los Angeles County
lacdmh-sa8-7605-920,"4300 LONG BEACH BLVD. STE. 100, LONG BEACH, CA 90807-2008",-118.189566,33.836192,"4300 Long Beach Boulevard, STE 100, Long Beach, California 90807, United States",success,high,,"{""secondary_address"":""plausible"",""address_number"":""matched"",""street"":""matched"",""postcode"":""unmatched"",""place"":""matched"",""region"":""matched"",""locality"":""not_applicable"",""country"":""inferred"",""confidence"":""high""}",verified,,CA,CA,90807,90807.0,LONG BEACH,Long Beach,Los Angeles County,Los Angeles County,not_flagged,verified_address,in_la_county,include_default_map,verified address in Los Angeles County
lacdmh-sa8-8492-921,"1405 ATLANTIC AVE. 608, LONG BEACH, CA 90813-3411",-118.185037,33.784242,"1405 Atlantic Avenue, #608, Long Beach, California 90813, United States",success,low,,"{""secondary_address"":""plausible"",""address_number"":""plausible"",""street"":""matched"",""postcode"":""unmatched"",""place"":""matched"",""region"":""matched"",""locality"":""not_applicable"",""country"":""inferred"",""confidence"":""low""}",needs_review,low_confidence;address_number_not_matched,CA,CA,90813,90813.0,LONG BEACH,Long Beach,Los Angeles County,Los Angeles County,not_flagged,needs_review_address,in_la_county,manual_review,address match quality needs review
lacdmh-sa8-19KX-922,"11044 S FREEMAN AVE, INGLEWOOD, CA 90304-2418",-118.347905,33.934722,"11044 South Freeman Avenue, Inglewood, California 90304, United States",success,high,,"{""address_number"":""matched"",""street"":""matched"",""postcode"":""unmatched"",""place"":""matched"",""region"":""matched"",""locality"":""not_applicable"",""country"":""inferred"",""confidence"":""high""}",verified,,CA,CA,90304,90304.0,INGLEWOOD,Inglewood,Los Angeles County,Los Angeles County,not_flagged,verified_address,in_la_county,include_default_map,verified address in Los Angeles County
lacdmh-sa8-19GC-923,"231 S. GREVILLEA AVE., INGLEWOOD, CA 90301-2323",-118.356546,33.960588,"231 South Grevillea Avenue, Inglewood, California 90301, United States",success,high,,"{""address_number"":""matched"",""street"":""matched"",""postcode"":""unmatched"",""place"":""matched"",""region"":""matched"",""locality"":""not_applicable"",""country"":""inferred"",""confidence"":""high""}",verified,,CA,CA,90301,90301.0,INGLEWOOD,Inglewood,Los Angeles County,Los Angeles County,not_flagged,verified_address,in_la_county,include_default_map,verified address in Los Angeles County
lacdmh-sa8-7046-924,"1007 MYRTLE AVE., INGLEWOOD, CA 90301-4009",-118.3498,33.95068,"1007 Myrtle Avenue, Inglewood, California 90301, United States",success,high,,"{""address_number"":""matched"",""street"":""matched"",""postcode"":""unmatched"",""place"":""matched"",""region"":""matched"",""locality"":""not_applicable"",""country"":""inferred"",""confidence"":""high""}",verified,,CA,CA,90301,90301.0,INGLEWOOD,Inglewood,Los Angeles County,Los Angeles County,not_flagged,verified_address,in_la_county,include_default_map,verified address in Los Angeles County
lacdmh-sa8-7209-925,"323 N PRAIRIE AVE SUITES 150 290 350 450, INGLEWOOD, CA 90301-4502",-118.344468,33.966285,"323 North Prairie Avenue, STE 150, Inglewood, California 90301, United States",success,high,,"{""secondary_address"":""matched"",""address_number"":""matched"",""street"":""matched"",""postcode"":""unmatched"",""place"":""matched"",""region"":""matched"",""locality"":""not_applicable"",""country"":""inferred"",""confidence"":""high""}",verified,,CA,CA,90301,90301.0,INGLEWOOD,Inglewood,Los Angeles County,Los Angeles County,not_flagged,verified_address,in_la_county,include_default_map,verified address in Los Angeles County
lacdmh-sa8-19GK-926,"1632 E. DIMONDALE DR., CARSON, CA 90746-2915",-118.241674,33.848508,"1632 East Dimondale Drive, Carson, California 90746, United States",success,high,,"{""address_number"":""matched"",""street"":""matched"",""postcode"":""unmatched"",""place"":""matched"",""region"":""matched"",""locality"":""not_applicable"",""country"":""inferred"",""confidence"":""high""}",verified,,CA,CA,90746,90746.0,CARSON,Carson,Los Angeles County,Los Angeles County,not_flagged,verified_address,in_la_county,include_default_map,verified address in Los Angeles County
lacdmh-sa8-19HK-927,"2509 W. 115TH PL., HAWTHORNE, CA 90250-1968",-118.320953,33.929476,"2509 115th Place, Hawthorne, California 90250, United States",success,high,,"{""address_number"":""matched"",""street"":""matched"",""postcode"":""unmatched"",""place"":""matched"",""region"":""matched"",""locality"":""not_applicable"",""country"":""inferred"",""confidence"":""high""}",verified,,CA,CA,90250,90250.0,HAWTHORNE,Hawthorne,Los Angeles County,Los Angeles County,not_flagged,verified_address,in_la_county,include_default_map,verified address in Los Angeles County
lacdmh-sa8-19HC-928,"1461 N. ANAHEIM PL., LONG BEACH, CA 90804-3209",-118.136786,33.785596,"1461 Anaheim Place, Long Beach, California 90804, United States",success,high,,"{""address_number"":""matched"",""street"":""matched"",""postcode"":""unmatched"",""place"":""matched"",""region"":""matched"",""locality"":""not_applicable"",""country"":""inferred"",""confidence"":""high""}",verified,,CA,CA,90804,90804.0,LONG BEACH,Long Beach,Los Angeles County,Los Angeles County,not_flagged,verified_address,in_la_county,include_default_map,verified address in Los Angeles County
lacdmh-sa8-19HD-929,"13019 RUTHELEN ST., GARDENA, CA 90249-1819",-118.312546,33.913887,"13019 Ruthelen Avenue, Gardena, California 90249, United States",success,medium,,"{""address_number"":""matched"",""street"":""unmatched"",""postcode"":""unmatched"",""place"":""matched"",""region"":""matched"",""locality"":""not_applicable"",""country"":""inferred"",""confidence"":""medium""}",needs_review,medium_confidence;street_not_matched,CA,CA,90249,90249.0,GARDENA,Gardena,Los Angeles County,Los Angeles County,not_flagged,needs_review_address,in_la_county,manual_review,address match quality needs review
lacdmh-sa8-6859A-930,"1000 W CARSON ST STE N26A, TORRANCE, CA 90502-2004",-118.292175,33.830434,"1000 West Carson Street, STE n26a, Torrance, California 90502, United States",success,high,,"{""secondary_address"":""plausible"",""address_number"":""matched"",""street"":""matched"",""postcode"":""unmatched"",""place"":""matched"",""region"":""matched"",""locality"":""not_applicable"",""country"":""inferred"",""confidence"":""high""}",verified,,CA,CA,90502,90502.0,TORRANCE,Torrance,Los Angeles County,Los Angeles County,not_flagged,verified_address,in_la_county,include_default_map,verified address in Los Angeles County
lacdmh-sa8-7740-931,"24330 NARBONNE AVE. STE. 2, LOMITA, CA 90717-1131",-118.319195,33.804287,"24330 Narbonne Avenue, STE 2, Lomita, California 90717, United States",success,high,,"{""secondary_address"":""plausible"",""address_number"":""matched"",""street"":""matched"",""postcode"":""unmatched"",""place"":""matched"",""region"":""matched"",""locality"":""not_applicable"",""country"":""inferred"",""confidence"":""high""}",verified,,CA,CA,90717,90717.0,LOMITA,Lomita,Los Angeles County,Los Angeles County,not_flagged,verified_address,in_la_county,include_default_map,verified address in Los Angeles County
lacdmh-sa8-19CD-932,"1000 W. CARSON ST. RM. 2022 BLDG. 2 S., TORRANCE, CA 90502-2004",-118.292175,33.830434,"1000 West Carson Street, RM 2022, Torrance, California 90502, United States",success,high,,"{""secondary_address"":""plausible"",""address_number"":""matched"",""street"":""matched"",""postcode"":""unmatched"",""place"":""matched"",""region"":""matched"",""locality"":""not_applicable"",""country"":""inferred"",""confidence"":""high""}",verified,,CA,CA,90502,90502.0,TORRANCE,Torrance,Los Angeles County,Los Angeles County,not_flagged,verified_address,in_la_county,include_default_map,verified address in Los Angeles County
lacdmh-sa8-190TX-933,"1000 W CARSON ST BLDG 2, TORRANCE, CA 90502-2004",-118.292175,33.830434,"1000 West Carson Street, BLDG 2, Torrance, California 90502, United States",success,high,,"{""secondary_address"":""plausible"",""address_number"":""matched"",""street"":""matched"",""postcode"":""unmatched"",""place"":""matched"",""region"":""matched"",""locality"":""not_applicable"",""country"":""inferred"",""confidence"":""high""}",verified,,CA,CA,90502,90502.0,TORRANCE,Torrance,Los Angeles County,Los Angeles County,not_flagged,verified_address,in_la_county,include_default_map,verified address in Los Angeles County
lacdmh-sa8-7248-934,"923 S CATALINA AVE, REDONDO BEACH, CA 90277-4718",-118.389076,33.826767,"923 South Catalina Avenue, Redondo Beach, California 90277, United States",success,high,,"{""address_number"":""matched"",""street"":""matched"",""postcode"":""unmatched"",""place"":""matched"",""region"":""matched"",""locality"":""not_applicable"",""country"":""inferred"",""confidence"":""high""}",verified,,CA,CA,90277,90277.0,REDONDO BEACH,Redondo Beach,Los Angeles County,Los Angeles County,not_flagged,verified_address,in_la_county,include_default_map,verified address in Los Angeles County
lacdmh-sa8-7121-935,"4001 LONG BEACH BLVD, LONG BEACH, CA 90807-2616",-118.189692,33.830901,"4001 Long Beach Boulevard, Long Beach, California 90807, United States",success,high,,"{""address_number"":""matched"",""street"":""matched"",""postcode"":""unmatched"",""place"":""matched"",""region"":""matched"",""locality"":""not_applicable"",""country"":""inferred"",""confidence"":""high""}",verified,,CA,CA,90807,90807.0,LONG BEACH,Long Beach,Los Angeles County,Los Angeles County,not_flagged,verified_address,in_la_county,include_default_map,verified address in Los Angeles County
lacdmh-sa8-8453-936,"23700 CAMINO DEL SOL, TORRANCE, CA 90505-6080",-118.344246,33.81034,"23700 Camino Del Sol, Torrance, California 90505, United States",success,high,,"{""address_number"":""matched"",""street"":""matched"",""postcode"":""unmatched"",""place"":""matched"",""region"":""matched"",""locality"":""not_applicable"",""country"":""inferred"",""confidence"":""high""}",verified,,CA,CA,90505,90505.0,TORRANCE,Torrance,Los Angeles County,Los Angeles County,not_flagged,verified_address,in_la_county,include_default_map,verified address in Los Angeles County
lacdmh-sa8-8353-937,"23700 CAMINO DEL SOL, TORRANCE, CA 90505",-118.344246,33.81034,"23700 Camino Del Sol, Torrance, California 90505, United States",success,exact,,"{""address_number"":""matched"",""street"":""matched"",""postcode"":""matched"",""place"":""matched"",""region"":""matched"",""locality"":""not_applicable"",""country"":""inferred"",""confidence"":""exact""}",verified,,CA,CA,90505,90505.0,TORRANCE,Torrance,Los Angeles County,Los Angeles County,not_flagged,verified_address,in_la_county,include_default_map,verified address in Los Angeles County
lacdmh-sa8-19MI-938,"12021 WILMINGTON AVE BLDG 18, POD 5A, LOS ANGELES, CA 90059-3019",-118.242836,33.923005,"12021 Wilmington Avenue, BLDG 18 pod 5a, Los Angeles, California 90059, United States",success,high,,"{""secondary_address"":""plausible"",""address_number"":""matched"",""street"":""matched"",""postcode"":""unmatched"",""place"":""matched"",""region"":""matched"",""locality"":""not_applicable"",""country"":""inferred"",""confidence"":""high""}",verified,,CA,CA,90059,90059.0,LOS ANGELES,Los Angeles,Los Angeles County,Los Angeles County,not_flagged,verified_address,in_la_county,include_default_map,verified address in Los Angeles County
lacdmh-sa8-7988-939,"12501 S HAWTHORNE BLVD, HAWTHORNE, CA 90250-4404",-118.353232,33.925515,"S Hawthorne Blvd, Hawthorne, California 90250, United States",success,,,,needs_review,missing_confidence;non_address_result:street,CA,CA,90250,90250.0,HAWTHORNE,Hawthorne,Los Angeles County,Los Angeles County,not_flagged,needs_review_address,in_la_county,manual_review,address match quality needs review
lacdmh-sa8-7979-940,"1000 W. CARSON ST. PROFESSIONAL BLDG., TORRANCE, CA 90502-2004",-118.292175,33.830434,"1000 West Carson Street, Torrance, California 90502, United States",success,high,,"{""address_number"":""matched"",""street"":""matched"",""postcode"":""unmatched"",""place"":""matched"",""region"":""matched"",""locality"":""not_applicable"",""country"":""inferred"",""confidence"":""high""}",verified,,CA,CA,90502,90502.0,TORRANCE,Torrance,Los Angeles County,Los Angeles County,not_flagged,verified_address,in_la_county,include_default_map,verified address in Los Angeles County
lacdmh-sa8-19LT-941,"21732 S VERMONT AVE STE 210, TORRANCE, CA 90502-2180",-118.290177,33.831537,"21732 South Vermont Avenue, STE 210, Torrance, California 90502, United States",success,high,,"{""secondary_address"":""matched"",""address_number"":""matched"",""street"":""matched"",""postcode"":""unmatched"",""place"":""matched"",""region"":""matched"",""locality"":""not_applicable"",""country"":""inferred"",""confidence"":""high""}",verified,,CA,CA,90502,90502.0,TORRANCE,Torrance,Los Angeles County,Los Angeles County,not_flagged,verified_address,in_la_county,include_default_map,verified address in Los Angeles County
lacdmh-sa8-7738-942,"21730 S VERMONT AVE SUITE 210, TORRANCE, CA 90502-2004",-118.289571,33.830702,"21730 South Vermont Avenue, STE 210, Torrance, California 90502, United States",success,high,,"{""secondary_address"":""plausible"",""address_number"":""matched"",""street"":""matched"",""postcode"":""unmatched"",""place"":""matched"",""region"":""matched"",""locality"":""not_applicable"",""country"":""inferred"",""confidence"":""high""}",verified,,CA,CA,90502,90502.0,TORRANCE,Torrance,Los Angeles County,Los Angeles County,not_flagged,verified_address,in_la_county,include_default_map,verified address in Los Angeles County
lacdmh-sa8-19B1-943,"920 ATLANTIC AVENUE SUITE 101 102, LONG BEACH, CA 90813-4545",-118.184608,33.778208,"920 Atlantic Avenue, STE 101, Long Beach, California 90813, United States",success,high,,"{""secondary_address"":""matched"",""address_number"":""matched"",""street"":""matched"",""postcode"":""unmatched"",""place"":""matched"",""region"":""matched"",""locality"":""not_applicable"",""country"":""inferred"",""confidence"":""high""}",verified,,CA,CA,90813,90813.0,LONG BEACH,Long Beach,Los Angeles County,Los Angeles County,not_flagged,verified_address,in_la_county,include_default_map,verified address in Los Angeles County
lacdmh-sa8-7648-944,"3939 ALTLANTIC AVE SUITE 103, LONG BEACH, CA 90807-3536",-118.185438,33.830099,"3939 Atlantic Avenue, STE 103, Long Beach, California 90807, United States",success,high,,"{""secondary_address"":""matched"",""address_number"":""matched"",""street"":""matched"",""postcode"":""unmatched"",""place"":""matched"",""region"":""matched"",""locality"":""not_applicable"",""country"":""inferred"",""confidence"":""high""}",verified,,CA,CA,90807,90807.0,LONG BEACH,Long Beach,Los Angeles County,Los Angeles County,not_flagged,verified_address,in_la_county,include_default_map,verified address in Los Angeles County
lacdmh-sa8-7245X-945,"1418 W 218TH ST, TORRANCE, CA 90501-4003",-118.302236,33.830122,"1418 West 218th Street, Torrance, California 90501, United States",success,high,,"{""address_number"":""matched"",""street"":""matched"",""postcode"":""unmatched"",""place"":""matched"",""region"":""matched"",""locality"":""not_applicable"",""country"":""inferred"",""confidence"":""high""}",verified,,CA,CA,90501,90501.0,TORRANCE,Torrance,Los Angeles County,Los Angeles County,not_flagged,verified_address,in_la_county,include_default_map,verified address in Los Angeles County
lacdmh-sa8-7245V-946,"1435 W 223RD ST, TORRANCE, CA 90501-4125",-118.302869,33.824869,"1435 223rd Street, Torrance, California 90501, United States",success,high,,"{""address_number"":""matched"",""street"":""matched"",""postcode"":""unmatched"",""place"":""matched"",""region"":""matched"",""locality"":""not_applicable"",""country"":""inferred"",""confidence"":""high""}",verified,,CA,CA,90501,90501.0,TORRANCE,Torrance,Los Angeles County,Los Angeles County,not_flagged,verified_address,in_la_county,include_default_map,verified address in Los Angeles County
lacdmh-sa8-7245S-947,"20902 DENKER AVE., TORRANCE, CA 90501-2329",-118.303567,33.839783,"20902 Denker Avenue, Torrance, California 90501, United States",success,high,,"{""address_number"":""matched"",""street"":""matched"",""postcode"":""unmatched"",""place"":""matched"",""region"":""matched"",""locality"":""not_applicable"",""country"":""inferred"",""confidence"":""high""}",verified,,CA,CA,90501,90501.0,TORRANCE,Torrance,Los Angeles County,Los Angeles County,not_flagged,verified_address,in_la_county,include_default_map,verified address in Los Angeles County
lacdmh-sa8-7245T-948,"21218 MARIPOSA AVE., TORRANCE, CA 90502-1818",-118.297965,33.836397,"21218 South Mariposa Avenue, Torrance, California 90502, United States",success,medium,,"{""address_number"":""matched"",""street"":""unmatched"",""postcode"":""unmatched"",""place"":""matched"",""region"":""matched"",""locality"":""not_applicable"",""country"":""inferred"",""confidence"":""medium""}",needs_review,medium_confidence;street_not_matched,CA,CA,90502,90502.0,TORRANCE,Torrance,Los Angeles County,Los Angeles County,not_flagged,needs_review_address,in_la_county,manual_review,address match quality needs review
lacdmh-sa8-1947-949,"200 N. PACIFIC COAST HWY., REDONDO BEACH, CA 90277-3150",-118.395255,33.917757,"200 North Sepulveda Boulevard, El Segundo, California 90245, United States",success,low,,"{""address_number"":""matched"",""street"":""unmatched"",""postcode"":""unmatched"",""place"":""unmatched"",""region"":""matched"",""locality"":""not_applicable"",""country"":""inferred"",""confidence"":""low""}",needs_review,low_confidence;zip_mismatch;city_mismatch;street_not_matched,CA,CA,90277,90245.0,REDONDO BEACH,El Segundo,Los Angeles County,Los Angeles County,not_flagged,needs_review_address,in_la_county,manual_review,address match quality needs review
lacdmh-sa8-1945-950,"1 W MANCHESTER BLVD, INGLEWOOD, CA 90301-1764",-118.354827,33.963045,"1 West Manchester Boulevard, Inglewood, California 90301, United States",success,high,,"{""address_number"":""matched"",""street"":""matched"",""postcode"":""unmatched"",""place"":""matched"",""region"":""matched"",""locality"":""not_applicable"",""country"":""inferred"",""confidence"":""high""}",verified,,CA,CA,90301,90301.0,INGLEWOOD,Inglewood,Los Angeles County,Los Angeles County,not_flagged,verified_address,in_la_county,include_default_map,verified address in Los Angeles County
lacdmh-sa8-8346-951,"3151 AIRWAY AVE. STE. T3, COSTA MESA, CA 92626-4627",-117.873075,33.678249,"3151 Airway Avenue, STE T3, Costa Mesa, California 92626, United States",success,high,,"{""secondary_address"":""matched"",""address_number"":""matched"",""street"":""matched"",""postcode"":""unmatched"",""place"":""matched"",""region"":""matched"",""locality"":""not_applicable"",""country"":""inferred"",""confidence"":""high""}",verified,,CA,CA,92626,92626.0,COSTA MESA,Costa Mesa,Los Angeles County,Orange County,outside_la_county_review,verified_address,outside_la_county,exclude_default_map,correctly geocoded but outside Los Angeles County
lacdmh-sa8-8474-952,"23700 CAMINO DEL SOL, TORRANCE, CA 90505-5017",-118.344246,33.81034,"23700 Camino Del Sol, Torrance, California 90505, United States",success,high,,"{""address_number"":""matched"",""street"":""matched"",""postcode"":""unmatched"",""place"":""matched"",""region"":""matched"",""locality"":""not_applicable"",""country"":""inferred"",""confidence"":""high""}",verified,,CA,CA,90505,90505.0,TORRANCE,Torrance,Los Angeles County,Los Angeles County,not_flagged,verified_address,in_la_county,include_default_map,verified address in Los Angeles County
lacdmh-sa8-7543-953,"6060 S PARAMOUNT BLVD, LONG BEACH, CA 90805-3711",-118.195909,33.852405,"Long Beach, California 90805, United States",success,,,,needs_review,missing_confidence;non_address_result:postcode,CA,CA,90805,90805.0,LONG BEACH,Long Beach,Los Angeles County,Los Angeles County,not_flagged,needs_review_address,in_la_county,manual_review,address match quality needs review
lacdmh-sa8-7277-954,"6060 PARAMOUNT BLVD, LONG BEACH, CA 90805-3711",-118.157713,33.865181,"6060 Paramount Boulevard, Long Beach, California 90805, United States",success,high,,"{""address_number"":""matched"",""street"":""matched"",""postcode"":""unmatched"",""place"":""matched"",""region"":""matched"",""locality"":""not_applicable"",""country"":""inferred"",""confidence"":""high""}",verified,,CA,CA,90805,90805.0,LONG BEACH,Long Beach,Los Angeles County,Los Angeles County,not_flagged,verified_address,in_la_county,include_default_map,verified address in Los Angeles County
lacdmh-sa8-24-955,"1962 LAC HARBOR UCLA MEDICAL CENTER, 1000 W CARSON ST BLDG 1S RM 4, TORRANCE, CA 90502-2004",-118.292175,33.830434,"1000 West Carson Street, BLDG 1s rm 4, Torrance, California 90502, United States",success,high,,"{""secondary_address"":""plausible"",""address_number"":""matched"",""street"":""matched"",""postcode"":""unmatched"",""place"":""matched"",""region"":""matched"",""locality"":""not_applicable"",""country"":""inferred"",""confidence"":""high""}",verified,,CA,CA,90502,90502.0,TORRANCE,Torrance,Los Angeles County,Los Angeles County,not_flagged,verified_address,in_la_county,include_default_map,verified address in Los Angeles County
lacdmh-sa8-7259-956,"3205 LAKEWOOD BLVD, LONG BEACH, CA 90808-1733",-118.140065,33.815565,"3205 Lakewood Boulevard, Long Beach, California 90808, United States",success,high,,"{""address_number"":""matched"",""street"":""matched"",""postcode"":""unmatched"",""place"":""matched"",""region"":""matched"",""locality"":""not_applicable"",""country"":""inferred"",""confidence"":""high""}",verified,,CA,CA,90808,90808.0,LONG BEACH,Long Beach,Los Angeles County,Los Angeles County,not_flagged,verified_address,in_la_county,include_default_map,verified address in Los Angeles County
lacdmh-sa8-7207-957,"4510 E PACIFIC COAST HWY STE 600, LONG BEACH, CA 90804-3279",-118.140859,33.787432,"4510 Pacific Coast Highway, STE 600, Long Beach, California 90804, United States",success,high,,"{""secondary_address"":""matched"",""address_number"":""matched"",""street"":""matched"",""postcode"":""unmatched"",""place"":""matched"",""region"":""matched"",""locality"":""not_applicable"",""country"":""inferred"",""confidence"":""high""}",verified,,CA,CA,90804,90804.0,LONG BEACH,Long Beach,Los Angeles County,Los Angeles County,not_flagged,verified_address,in_la_county,include_default_map,verified address in Los Angeles County
lacdmh-sa8-19MA-958,"4510 E PACIFIC COAST HWY STE 600, LONG BEACH, CA 90804-6914",-118.140859,33.787432,"4510 Pacific Coast Highway, STE 600, Long Beach, California 90804, United States",success,high,,"{""secondary_address"":""matched"",""address_number"":""matched"",""street"":""matched"",""postcode"":""unmatched"",""place"":""matched"",""region"":""matched"",""locality"":""not_applicable"",""country"":""inferred"",""confidence"":""high""}",verified,,CA,CA,90804,90804.0,LONG BEACH,Long Beach,Los Angeles County,Los Angeles County,not_flagged,verified_address,in_la_county,include_default_map,verified address in Los Angeles County
lacdmh-sa8-1926-959,"2600 REDONDO AVE. 6TH FL., LONG BEACH, CA 90806-2325",-118.150653,33.805027,"2600 Redondo Avenue, FL 6th, Long Beach, California 90806, United States",success,high,,"{""secondary_address"":""plausible"",""address_number"":""matched"",""street"":""matched"",""postcode"":""unmatched"",""place"":""matched"",""region"":""matched"",""locality"":""not_applicable"",""country"":""inferred"",""confidence"":""high""}",verified,,CA,CA,90806,90806.0,LONG BEACH,Long Beach,Los Angeles County,Los Angeles County,not_flagged,verified_address,in_la_county,include_default_map,verified address in Los Angeles County
lacdmh-sa8-1927-960,"2600 REDONDO AVE. 3RD FL., LONG BEACH, CA 90806-2325",-118.150653,33.805027,"2600 Redondo Avenue, FL 3rd, Long Beach, California 90806, United States",success,high,,"{""secondary_address"":""plausible"",""address_number"":""matched"",""street"":""matched"",""postcode"":""unmatched"",""place"":""matched"",""region"":""matched"",""locality"":""not_applicable"",""country"":""inferred"",""confidence"":""high""}",verified,,CA,CA,90806,90806.0,LONG BEACH,Long Beach,Los Angeles County,Los Angeles County,not_flagged,verified_address,in_la_county,include_default_map,verified address in Los Angeles County
lacdmh-sa8-19LU-961,"2600 REDONDO AVE FL 3, LONG BEACH, CA 90806-2325",-118.150653,33.805027,"2600 Redondo Avenue, FL 3, Long Beach, California 90806, United States",success,high,,"{""secondary_address"":""plausible"",""address_number"":""matched"",""street"":""matched"",""postcode"":""unmatched"",""place"":""matched"",""region"":""matched"",""locality"":""not_applicable"",""country"":""inferred"",""confidence"":""high""}",verified,,CA,CA,90806,90806.0,LONG BEACH,Long Beach,Los Angeles County,Los Angeles County,not_flagged,verified_address,in_la_county,include_default_map,verified address in Los Angeles County
lacdmh-sa8-8204-962,"14903 S. NORMANDIE AVE. 214, GARDENA, CA 90247-4830",-118.301423,33.896356,"14903 South Normandie Avenue, APT 214, Gardena, California 90247, United States",success,high,,"{""secondary_address"":""matched"",""address_number"":""matched"",""street"":""matched"",""postcode"":""unmatched"",""place"":""matched"",""region"":""matched"",""locality"":""not_applicable"",""country"":""inferred"",""confidence"":""high""}",verified,,CA,CA,90247,90247.0,GARDENA,Gardena,Los Angeles County,Los Angeles County,not_flagged,verified_address,in_la_county,include_default_map,verified address in Los Angeles County
lacdmh-sa8-8470-963,"301 VICTORIA ST, COSTA MESA, CA 92627-1995",-117.911783,33.651883,"301 Victoria Street, Costa Mesa, California 92627, United States",success,high,,"{""address_number"":""matched"",""street"":""matched"",""postcode"":""unmatched"",""place"":""matched"",""region"":""matched"",""locality"":""not_applicable"",""country"":""inferred"",""confidence"":""high""}",verified,,CA,CA,92627,92627.0,COSTA MESA,Costa Mesa,Los Angeles County,Orange County,outside_la_county_review,verified_address,outside_la_county,exclude_default_map,correctly geocoded but outside Los Angeles County
lacdmh-sa8-8484-964,"23700 CAMINO DEL SOL, TORRANCE, CA 90505-5017",-118.344246,33.81034,"23700 Camino Del Sol, Torrance, California 90505, United States",success,high,,"{""address_number"":""matched"",""street"":""matched"",""postcode"":""unmatched"",""place"":""matched"",""region"":""matched"",""locality"":""not_applicable"",""country"":""inferred"",""confidence"":""high""}",verified,,CA,CA,90505,90505.0,TORRANCE,Torrance,Los Angeles County,Los Angeles County,not_flagged,verified_address,in_la_county,include_default_map,verified address in Los Angeles County
lacdmh-sa8-19AY-965,"3680 E. IMPERIAL HIGHWAY STE 300, LYNWOOD, CA 90262-2659",-118.201241,33.931754,"3680 Imperial Highway, STE 300, Lynwood, California 90262, United States",success,high,,"{""secondary_address"":""matched"",""address_number"":""matched"",""street"":""matched"",""postcode"":""unmatched"",""place"":""matched"",""region"":""matched"",""locality"":""not_applicable"",""country"":""inferred"",""confidence"":""high""}",verified,,CA,CA,90262,90262.0,LYNWOOD,Lynwood,Los Angeles County,Los Angeles County,not_flagged,verified_address,in_la_county,include_default_map,verified address in Los Angeles County
lacdmh-sa8-7342-966,"18333 S. MAIN ST., GARDENA, CA 90248-4607",-118.275967,33.863796,"18333 South Main Street, Gardena, California 90248, United States",success,high,,"{""address_number"":""matched"",""street"":""matched"",""postcode"":""unmatched"",""place"":""matched"",""region"":""matched"",""locality"":""not_applicable"",""country"":""inferred"",""confidence"":""high""}",verified,,CA,CA,90248,90248.0,GARDENA,Gardena,Los Angeles County,Los Angeles County,not_flagged,verified_address,in_la_county,include_default_map,verified address in Los Angeles County
lacdmh-sa8-7482-967,"6060 S. PARAMOUNT BLVD., LONG BEACH, CA 90805-3711",-118.195909,33.852405,"Long Beach, California 90805, United States",success,,,,needs_review,missing_confidence;non_address_result:postcode,CA,CA,90805,90805.0,LONG BEACH,Long Beach,Los Angeles County,Los Angeles County,not_flagged,needs_review_address,in_la_county,manual_review,address match quality needs review
lacdmh-sa8-7065-968,"1955 LONG BEACH BLVD. STE. 200, LONG BEACH, CA 90806-5501",-118.189777,33.792893,"1955 Long Beach Boulevard, STE 200, Long Beach, California 90806, United States",success,high,,"{""secondary_address"":""plausible"",""address_number"":""matched"",""street"":""matched"",""postcode"":""unmatched"",""place"":""matched"",""region"":""matched"",""locality"":""not_applicable"",""country"":""inferred"",""confidence"":""high""}",verified,,CA,CA,90806,90806.0,LONG BEACH,Long Beach,Los Angeles County,Los Angeles County,not_flagged,verified_address,in_la_county,include_default_map,verified address in Los Angeles County
lacdmh-sa8-7212-969,"1955 LONG BEACH BLVD. STE 200, LONG BEACH, CA 90806-5501",-118.189777,33.792893,"1955 Long Beach Boulevard, STE 200, Long Beach, California 90806, United States",success,high,,"{""secondary_address"":""plausible"",""address_number"":""matched"",""street"":""matched"",""postcode"":""unmatched"",""place"":""matched"",""region"":""matched"",""locality"":""not_applicable"",""country"":""inferred"",""confidence"":""high""}",verified,,CA,CA,90806,90806.0,LONG BEACH,Long Beach,Los Angeles County,Los Angeles County,not_flagged,verified_address,in_la_county,include_default_map,verified address in Los Angeles County
lacdmh-sa8-7947-970,"1955 LONG BEACH BLVD. STE. 200A, LONG BEACH, CA 90806-5501",-118.189777,33.792893,"1955 Long Beach Boulevard, STE 200a, Long Beach, California 90806, United States",success,high,,"{""secondary_address"":""plausible"",""address_number"":""matched"",""street"":""matched"",""postcode"":""unmatched"",""place"":""matched"",""region"":""matched"",""locality"":""not_applicable"",""country"":""inferred"",""confidence"":""high""}",verified,,CA,CA,90806,90806.0,LONG BEACH,Long Beach,Los Angeles County,Los Angeles County,not_flagged,verified_address,in_la_county,include_default_map,verified address in Los Angeles County
lacdmh-sa8-7643-971,"2025 E. 7TH ST., LONG BEACH, CA 90804-4590",-118.167037,33.775648,"2025 East 7th Street, Long Beach, California 90804, United States",success,high,,"{""address_number"":""matched"",""street"":""matched"",""postcode"":""unmatched"",""place"":""matched"",""region"":""matched"",""locality"":""not_applicable"",""country"":""inferred"",""confidence"":""high""}",verified,,CA,CA,90804,90804.0,LONG BEACH,Long Beach,Los Angeles County,Los Angeles County,not_flagged,verified_address,in_la_county,include_default_map,verified address in Los Angeles County
lacdmh-sa8-7576-972,"830 ATLANTIC AVE., LONG BEACH, CA 90813-4513",-118.184615,33.777166,"830 Atlantic Avenue, Long Beach, California 90813, United States",success,high,,"{""address_number"":""matched"",""street"":""matched"",""postcode"":""unmatched"",""place"":""matched"",""region"":""matched"",""locality"":""not_applicable"",""country"":""inferred"",""confidence"":""high""}",verified,,CA,CA,90813,90813.0,LONG BEACH,Long Beach,Los Angeles County,Los Angeles County,not_flagged,verified_address,in_la_county,include_default_map,verified address in Los Angeles County
lacdmh-sa8-19M7-973,"12021 WILMINGTON AVE POD5B, LOS ANGELES, CA 90059-3019",-118.242836,33.923005,"12021 Wilmington Avenue, pod 5b, Los Angeles, California 90059, United States",success,high,,"{""secondary_address"":""plausible"",""address_number"":""matched"",""street"":""matched"",""postcode"":""unmatched"",""place"":""matched"",""region"":""matched"",""locality"":""not_applicable"",""country"":""inferred"",""confidence"":""high""}",verified,,CA,CA,90059,90059.0,LOS ANGELES,Los Angeles,Los Angeles County,Los Angeles County,not_flagged,verified_address,in_la_county,include_default_map,verified address in Los Angeles County
lacdmh-sa8-8478-974,"23700 CAMINO DEL SOL, TORRANCE, CA 90505-5017",-118.344246,33.81034,"23700 Camino Del Sol, Torrance, California 90505, United States",success,high,,"{""address_number"":""matched"",""street"":""matched"",""postcode"":""unmatched"",""place"":""matched"",""region"":""matched"",""locality"":""not_applicable"",""country"":""inferred"",""confidence"":""high""}",verified,,CA,CA,90505,90505.0,TORRANCE,Torrance,Los Angeles County,Los Angeles County,not_flagged,verified_address,in_la_county,include_default_map,verified address in Los Angeles County
lacdmh-sa8-19MO-975,"2406 W 78TH ST, INGLEWOOD, CA 90305-1120",-118.320266,33.968817,"2406 West 78th Street, Inglewood, California 90305, United States",success,high,,"{""address_number"":""matched"",""street"":""matched"",""postcode"":""unmatched"",""place"":""matched"",""region"":""matched"",""locality"":""not_applicable"",""country"":""inferred"",""confidence"":""high""}",verified,,CA,CA,90305,90305.0,INGLEWOOD,Inglewood,Los Angeles County,Los Angeles County,not_flagged,verified_address,in_la_county,include_default_map,verified address in Los Angeles County
lacdmh-sa8-8441-976,"520 N. MAIN ST STE 120, SANTA ANA, CA 92701-4623",-117.867937,33.749312,"520 North Main Street, STE 120, Santa Ana, California 92701, United States",success,high,,"{""secondary_address"":""matched"",""address_number"":""matched"",""street"":""matched"",""postcode"":""unmatched"",""place"":""matched"",""region"":""matched"",""locality"":""not_applicable"",""country"":""inferred"",""confidence"":""high""}",verified,,CA,CA,92701,92701.0,SANTA ANA,Santa Ana,Los Angeles County,Orange County,outside_la_county_review,verified_address,outside_la_county,exclude_default_map,correctly geocoded but outside Los Angeles County
lacdmh-sa8-8490-977,"23700 CAMINO DEL SOL, TORRANCE, CA 90505-5017",-118.344246,33.81034,"23700 Camino Del Sol, Torrance, California 90505, United States",success,high,,"{""address_number"":""matched"",""street"":""matched"",""postcode"":""unmatched"",""place"":""matched"",""region"":""matched"",""locality"":""not_applicable"",""country"":""inferred"",""confidence"":""high""}",verified,,CA,CA,90505,90505.0,TORRANCE,Torrance,Los Angeles County,Los Angeles County,not_flagged,verified_address,in_la_county,include_default_map,verified address in Los Angeles County
lacdmh-sa8-8473-978,"301 VICTORIA ST, COSTA MESA, CA 92627-1995",-117.911783,33.651883,"301 Victoria Street, Costa Mesa, California 92627, United States",success,high,,"{""address_number"":""matched"",""street"":""matched"",""postcode"":""unmatched"",""place"":""matched"",""region"":""matched"",""locality"":""not_applicable"",""country"":""inferred"",""confidence"":""high""}",verified,,CA,CA,92627,92627.0,COSTA MESA,Costa Mesa,Los Angeles County,Orange County,outside_la_county_review,verified_address,outside_la_county,exclude_default_map,correctly geocoded but outside Los Angeles County
lacdmh-sa8-8430-979,"23700 CAMINO DEL SOL, TORRANCE, CA 90505-5017",-118.344246,33.81034,"23700 Camino Del Sol, Torrance, California 90505, United States",success,high,,"{""address_number"":""matched"",""street"":""matched"",""postcode"":""unmatched"",""place"":""matched"",""region"":""matched"",""locality"":""not_applicable"",""country"":""inferred"",""confidence"":""high""}",verified,,CA,CA,90505,90505.0,TORRANCE,Torrance,Los Angeles County,Los Angeles County,not_flagged,verified_address,in_la_county,include_default_map,verified address in Los Angeles County
lacdmh-sa8-8462-980,"23700 CAMINO DEL SOL, TORRANCE, CA 90505-5017",-118.344246,33.81034,"23700 Camino Del Sol, Torrance, California 90505, United States",success,high,,"{""address_number"":""matched"",""street"":""matched"",""postcode"":""unmatched"",""place"":""matched"",""region"":""matched"",""locality"":""not_applicable"",""country"":""inferred"",""confidence"":""high""}",verified,,CA,CA,90505,90505.0,TORRANCE,Torrance,Los Angeles County,Los Angeles County,not_flagged,verified_address,in_la_county,include_default_map,verified address in Los Angeles County
lacdmh-sa8-19BB-981,"4510 E. PACIFIC COAST HWY. STE. 450, LONG BEACH, CA 90804-6924",-118.140859,33.787432,"4510 Pacific Coast Highway, STE 450, Long Beach, California 90804, United States",success,high,,"{""secondary_address"":""matched"",""address_number"":""matched"",""street"":""matched"",""postcode"":""unmatched"",""place"":""matched"",""region"":""matched"",""locality"":""not_applicable"",""country"":""inferred"",""confidence"":""high""}",verified,,CA,CA,90804,90804.0,LONG BEACH,Long Beach,Los Angeles County,Los Angeles County,not_flagged,verified_address,in_la_county,include_default_map,verified address in Los Angeles County
lacdmh-sa8-1934-982,"20209 TILLMAN AVE., CARSON, CA 90746-3066",-118.253894,33.848418,"20209 Tillman Avenue, Carson, California 90746, United States",success,high,,"{""address_number"":""matched"",""street"":""matched"",""postcode"":""unmatched"",""place"":""matched"",""region"":""matched"",""locality"":""not_applicable"",""country"":""inferred"",""confidence"":""high""}",verified,,CA,CA,90746,90746.0,CARSON,Carson,Los Angeles County,Los Angeles County,not_flagged,verified_address,in_la_county,include_default_map,verified address in Los Angeles County
lacdmh-sa8-7426-983,"3530 ATLANTIC AVE. STE. 210, LONG BEACH, CA 90807-4569",-118.184596,33.820841,"3530 Atlantic Avenue, STE 210, Long Beach, California 90807, United States",success,high,,"{""secondary_address"":""matched"",""address_number"":""matched"",""street"":""matched"",""postcode"":""unmatched"",""place"":""matched"",""region"":""matched"",""locality"":""not_applicable"",""country"":""inferred"",""confidence"":""high""}",verified,,CA,CA,90807,90807.0,LONG BEACH,Long Beach,Los Angeles County,Los Angeles County,not_flagged,verified_address,in_la_county,include_default_map,verified address in Los Angeles County
lacdmh-sa8-8503-984,"39001 SUNDALE DRIVE, FREMONT, CA 94538-2005",-121.979165,37.546522,"39001 Sundale Drive, Fremont, California 94538, United States",success,high,,"{""address_number"":""matched"",""street"":""matched"",""postcode"":""unmatched"",""place"":""matched"",""region"":""matched"",""locality"":""not_applicable"",""country"":""inferred"",""confidence"":""high""}",verified,,CA,CA,94538,94538.0,FREMONT,Fremont,Los Angeles County,Alameda County,outside_la_county_review,verified_address,outside_la_county,exclude_default_map,correctly geocoded but outside Los Angeles County
lacdmh-sa8-7989-985,"24404 S VERMONT AVENUE SUITE 200, HARBOR CITY, CA 90710-2321",-118.289925,33.803018,"24404 South Vermont Avenue, STE 200, Harbor City, California 90710, United States",success,high,,"{""secondary_address"":""matched"",""address_number"":""matched"",""street"":""matched"",""postcode"":""unmatched"",""place"":""matched"",""region"":""matched"",""locality"":""not_applicable"",""country"":""inferred"",""confidence"":""high""}",verified,,CA,CA,90710,90710.0,HARBOR CITY,Harbor City,Los Angeles County,Los Angeles County,not_flagged,verified_address,in_la_county,include_default_map,verified address in Los Angeles County
lacdmh-sa8-8075-986,"21081 S. WESTERN AVE. STE. 250, TORRANCE, CA 90501-1708",-118.309906,33.838754,"21081 South Western Avenue, STE 250, Torrance, California 90501, United States",success,high,,"{""secondary_address"":""matched"",""address_number"":""matched"",""street"":""matched"",""postcode"":""unmatched"",""place"":""matched"",""region"":""matched"",""locality"":""not_applicable"",""country"":""inferred"",""confidence"":""high""}",verified,,CA,CA,90501,90501.0,TORRANCE,Torrance,Los Angeles County,Los Angeles County,not_flagged,verified_address,in_la_county,include_default_map,verified address in Los Angeles County
lacdmh-sa8-7920-987,"2241 W WILLIAMS STREET, SUITE A, LONG BEACH, CA 90810-3652",-118.222682,33.793294,"2241 West Williams Street, STE A, Long Beach, California 90810, United States",success,high,,"{""secondary_address"":""plausible"",""address_number"":""matched"",""street"":""matched"",""postcode"":""unmatched"",""place"":""matched"",""region"":""matched"",""locality"":""not_applicable"",""country"":""inferred"",""confidence"":""high""}",verified,,CA,CA,90810,90810.0,LONG BEACH,Long Beach,Los Angeles County,Los Angeles County,not_flagged,verified_address,in_la_county,include_default_map,verified address in Los Angeles County
lacdmh-sa8-19AGX-988,"1386 W. 7TH STREET STE. A, SAN PEDRO, CA 90732-3517",-118.307566,33.738034,"1386 West 7th Street, STE A, San Pedro, California 90732, United States",success,medium,,"{""secondary_address"":""plausible"",""address_number"":""matched"",""street"":""unmatched"",""postcode"":""unmatched"",""place"":""matched"",""region"":""matched"",""locality"":""not_applicable"",""country"":""inferred"",""confidence"":""medium""}",needs_review,medium_confidence;street_not_matched,CA,CA,90732,90732.0,SAN PEDRO,San Pedro,Los Angeles County,Los Angeles County,not_flagged,needs_review_address,in_la_county,manual_review,address match quality needs review
lacdmh-sa8-8350-989,"12373 LEWIS ST. STE 103, GARDEN GROVE, CA 92840-4676",-117.898453,33.783059,"12373 Lewis Street, STE 103, Garden Grove, California 92840, United States",success,high,,"{""secondary_address"":""matched"",""address_number"":""matched"",""street"":""matched"",""postcode"":""unmatched"",""place"":""matched"",""region"":""matched"",""locality"":""not_applicable"",""country"":""inferred"",""confidence"":""high""}",verified,,CA,CA,92840,92840.0,GARDEN GROVE,Garden Grove,Los Angeles County,Orange County,outside_la_county_review,verified_address,outside_la_county,exclude_default_map,correctly geocoded but outside Los Angeles County
lacdmh-sa8-8329-990,"4000 LONG BEACH BLVD SUITE 228, LONG BEACH, CA 90807-2617",-118.189038,33.830896,"4000 Long Beach Boulevard, STE 228, Long Beach, California 90807, United States",success,high,,"{""secondary_address"":""plausible"",""address_number"":""matched"",""street"":""matched"",""postcode"":""unmatched"",""place"":""matched"",""region"":""matched"",""locality"":""not_applicable"",""country"":""inferred"",""confidence"":""high""}",verified,,CA,CA,90807,90807.0,LONG BEACH,Long Beach,Los Angeles County,Los Angeles County,not_flagged,verified_address,in_la_county,include_default_map,verified address in Los Angeles County
lacdmh-sa8-8432-991,"23700 CAMINO DEL SOL, TORRANCE, CA 90505-3017",-118.344246,33.81034,"23700 Camino Del Sol, Torrance, California 90505, United States",success,high,,"{""address_number"":""matched"",""street"":""matched"",""postcode"":""unmatched"",""place"":""matched"",""region"":""matched"",""locality"":""not_applicable"",""country"":""inferred"",""confidence"":""high""}",verified,,CA,CA,90505,90505.0,TORRANCE,Torrance,Los Angeles County,Los Angeles County,not_flagged,verified_address,in_la_county,include_default_map,verified address in Los Angeles County
lacdmh-sa8-19HQ-992,"1691 GRAMERCY AVE., TORRANCE, CA 90501-3236",-118.316738,33.831728,"1691 Gramercy Avenue, Torrance, California 90501, United States",success,high,,"{""address_number"":""matched"",""street"":""matched"",""postcode"":""unmatched"",""place"":""matched"",""region"":""matched"",""locality"":""not_applicable"",""country"":""inferred"",""confidence"":""high""}",verified,,CA,CA,90501,90501.0,TORRANCE,Torrance,Los Angeles County,Los Angeles County,not_flagged,verified_address,in_la_county,include_default_map,verified address in Los Angeles County
lacdmh-sa8-19IC-993,"537 W. 8TH ST., SAN PEDRO, CA 90731-3119",-118.288768,33.736692,"537 West 8th Street, San Pedro, California 90731, United States",success,high,,"{""address_number"":""matched"",""street"":""matched"",""postcode"":""unmatched"",""place"":""matched"",""region"":""matched"",""locality"":""not_applicable"",""country"":""inferred"",""confidence"":""high""}",verified,,CA,CA,90731,90731.0,SAN PEDRO,San Pedro,Los Angeles County,Los Angeles County,not_flagged,verified_address,in_la_county,include_default_map,verified address in Los Angeles County
lacdmh-sa8-19JV-994,"20101 HAMILTON AVE. STE 155, TORRANCE, CA 90502-1314",-118.287626,33.848318,"20101 Hamilton Avenue, STE 155, Torrance, California 90502, United States",success,high,,"{""secondary_address"":""plausible"",""address_number"":""matched"",""street"":""matched"",""postcode"":""unmatched"",""place"":""matched"",""region"":""matched"",""locality"":""not_applicable"",""country"":""inferred"",""confidence"":""high""}",verified,,CA,CA,90502,90502.0,TORRANCE,Torrance,Los Angeles County,Los Angeles County,not_flagged,verified_address,in_la_county,include_default_map,verified address in Los Angeles County
lacdmh-sa8-7935-995,"2600 REDONDO AVE., 6TH FLR., LONG BEACH, CA 90806-2325",-118.150653,33.805027,"2600 Redondo Avenue, flr 6th, Long Beach, California 90806, United States",success,high,,"{""secondary_address"":""plausible"",""address_number"":""matched"",""street"":""matched"",""postcode"":""unmatched"",""place"":""matched"",""region"":""matched"",""locality"":""not_applicable"",""country"":""inferred"",""confidence"":""high""}",verified,,CA,CA,90806,90806.0,LONG BEACH,Long Beach,Los Angeles County,Los Angeles County,not_flagged,verified_address,in_la_county,include_default_map,verified address in Los Angeles County
lacdmh-sa8-19IJ SA8-996,"20101 HAMILTON AVE. 155, TORRANCE, CA 90502-1314",-118.287626,33.848318,"20101 Hamilton Avenue, #155, Torrance, California 90502, United States",success,high,,"{""secondary_address"":""plausible"",""address_number"":""matched"",""street"":""matched"",""postcode"":""unmatched"",""place"":""matched"",""region"":""matched"",""locality"":""not_applicable"",""country"":""inferred"",""confidence"":""high""}",verified,,CA,CA,90502,90502.0,TORRANCE,Torrance,Los Angeles County,Los Angeles County,not_flagged,verified_address,in_la_county,include_default_map,verified address in Los Angeles County
lacdmh-sa8-19LY SA8-997,"20101 HAMILTON AVE STE 155, TORRANCE, CA 90502-1314",-118.287626,33.848318,"20101 Hamilton Avenue, STE 155, Torrance, California 90502, United States",success,high,,"{""secondary_address"":""plausible"",""address_number"":""matched"",""street"":""matched"",""postcode"":""unmatched"",""place"":""matched"",""region"":""matched"",""locality"":""not_applicable"",""country"":""inferred"",""confidence"":""high""}",verified,,CA,CA,90502,90502.0,TORRANCE,Torrance,Los Angeles County,Los Angeles County,not_flagged,verified_address,in_la_county,include_default_map,verified address in Los Angeles County
lacdmh-sa8-19N1 SA8-998,"1045 W REDONDO BEACH BLVD 3RD FL, GARDENA, CA 90247-4128",-118.293156,33.892863,"1045 West Redondo Beach Boulevard, Gardena, California 90247, United States",success,high,,"{""address_number"":""matched"",""street"":""matched"",""postcode"":""unmatched"",""place"":""matched"",""region"":""matched"",""locality"":""not_applicable"",""country"":""inferred"",""confidence"":""high""}",verified,,CA,CA,90247,90247.0,GARDENA,Gardena,Los Angeles County,Los Angeles County,not_flagged,verified_address,in_la_county,include_default_map,verified address in Los Angeles County
lacdmh-sa8-8479-999,"13132 STUDEBAKER RD, STE 10, NORWALK, CA 90650-2576",-118.098456,33.911873,"13132 Studebaker Road, STE 10, Norwalk, California 90650, United States",success,medium,,"{""secondary_address"":""matched"",""address_number"":""matched"",""street"":""unmatched"",""postcode"":""unmatched"",""place"":""matched"",""region"":""matched"",""locality"":""not_applicable"",""country"":""inferred"",""confidence"":""medium""}",needs_review,medium_confidence;street_not_matched,CA,CA,90650,90650.0,NORWALK,Norwalk,Los Angeles County,Los Angeles County,not_flagged,needs_review_address,in_la_county,manual_review,address match quality needs review
lacdmh-sa8-1928-1000,"1360 W 6TH ST STE 200, SAN PEDRO, CA 90732-3561",-118.307049,33.739037,"1360 West 6th Street, STE 200, San Pedro, California 90732, United States",success,high,,"{""secondary_address"":""matched"",""address_number"":""matched"",""street"":""matched"",""postcode"":""unmatched"",""place"":""matched"",""region"":""matched"",""locality"":""not_applicable"",""country"":""inferred"",""confidence"":""high""}",verified,,CA,CA,90732,90732.0,SAN PEDRO,San Pedro,Los Angeles County,Los Angeles County,not_flagged,verified_address,in_la_county,include_default_map,verified address in Los Angeles County
lacdmh-sa8-19ME-1001,"12021 WILMINGTON AVE 5C, LOS ANGELES, CA 90059-3019",-118.242836,33.923005,"12021 Wilmington Avenue, #5c, Los Angeles, California 90059, United States",success,high,,"{""secondary_address"":""plausible"",""address_number"":""matched"",""street"":""matched"",""postcode"":""unmatched"",""place"":""matched"",""region"":""matched"",""locality"":""not_applicable"",""country"":""inferred"",""confidence"":""high""}",verified,,CA,CA,90059,90059.0,LOS ANGELES,Los Angeles,Los Angeles County,Los Angeles County,not_flagged,verified_address,in_la_county,include_default_map,verified address in Los Angeles County
lacdmh-sa8-7763-1002,"11601 S. WESTERN AVE., LOS ANGELES, CA 90047-5006",-118.310179,33.928567,"11601 South Western Avenue, Los Angeles, California 90047, United States",success,high,,"{""address_number"":""matched"",""street"":""matched"",""postcode"":""unmatched"",""place"":""matched"",""region"":""matched"",""locality"":""not_applicable"",""country"":""inferred"",""confidence"":""high""}",verified,,CA,CA,90047,90047.0,LOS ANGELES,Los Angeles,Los Angeles County,Los Angeles County,not_flagged,verified_address,in_la_county,include_default_map,verified address in Los Angeles County
lacdmh-sa8-7768-1003,"11601 SOUTH WESTERN AVENUE, LOS ANGELES, CA 90047-5006",-118.310179,33.928567,"11601 South Western Avenue, Los Angeles, California 90047, United States",success,high,,"{""address_number"":""matched"",""street"":""matched"",""postcode"":""unmatched"",""place"":""matched"",""region"":""matched"",""locality"":""not_applicable"",""country"":""inferred"",""confidence"":""high""}",verified,,CA,CA,90047,90047.0,LOS ANGELES,Los Angeles,Los Angeles County,Los Angeles County,not_flagged,verified_address,in_la_county,include_default_map,verified address in Los Angeles County
lacdmh-sa8-7536-1004,"161 W VICTORIA ST SUITE 255, LONG BEACH, CA 90805-2175",-118.202778,33.865449,"161 Victoria Street, STE 255, Long Beach, California 90805, United States",success,high,,"{""secondary_address"":""matched"",""address_number"":""matched"",""street"":""matched"",""postcode"":""unmatched"",""place"":""matched"",""region"":""matched"",""locality"":""not_applicable"",""country"":""inferred"",""confidence"":""high""}",verified,,CA,CA,90805,90805.0,LONG BEACH,Long Beach,Los Angeles County,Los Angeles County,not_flagged,verified_address,in_la_county,include_default_map,verified address in Los Angeles County
lacdmh-sa8-8495-1005,"3151 AIRWAY AVE BLDG R, COSTA MESA, CA 92626-4607",-117.873261,33.678446,"3151 Airway Avenue, BLDG R, Costa Mesa, California 92626, United States",success,high,,"{""secondary_address"":""plausible"",""address_number"":""matched"",""street"":""matched"",""postcode"":""unmatched"",""place"":""matched"",""region"":""matched"",""locality"":""not_applicable"",""country"":""inferred"",""confidence"":""high""}",verified,,CA,CA,92626,92626.0,COSTA MESA,Costa Mesa,Los Angeles County,Orange County,outside_la_county_review,verified_address,outside_la_county,exclude_default_map,correctly geocoded but outside Los Angeles County
lacdmh-sa8-8052-1006,"21515 S FIGUEROA, CARSON, CA 90745-1947",-118.286349,33.832864,"21515 South Figueroa Street, Carson, California 90745, United States",success,medium,,"{""address_number"":""matched"",""street"":""unmatched"",""postcode"":""unmatched"",""place"":""matched"",""region"":""matched"",""locality"":""not_applicable"",""country"":""inferred"",""confidence"":""medium""}",needs_review,medium_confidence;street_not_matched,CA,CA,90745,90745.0,CARSON,Carson,Los Angeles County,Los Angeles County,not_flagged,needs_review_address,in_la_county,manual_review,address match quality needs review
lacdmh-sa8-1969-1007,"1617 CRAVENS AVE, TORRANCE, CA 90501-3203",-118.315964,33.832592,"1617 Cravens Avenue, Torrance, California 90501, United States",success,high,,"{""address_number"":""matched"",""street"":""matched"",""postcode"":""unmatched"",""place"":""matched"",""region"":""matched"",""locality"":""not_applicable"",""country"":""inferred"",""confidence"":""high""}",verified,,CA,CA,90501,90501.0,TORRANCE,Torrance,Los Angeles County,Los Angeles County,not_flagged,verified_address,in_la_county,include_default_map,verified address in Los Angeles County
lacdmh-sa8-1935-1008,"1045 W. REDONDO BEACH BLVD. FL. 3, GARDENA, CA 90247-4128",-118.293156,33.892863,"1045 West Redondo Beach Boulevard, FL 3, Gardena, California 90247, United States",success,high,,"{""secondary_address"":""plausible"",""address_number"":""matched"",""street"":""matched"",""postcode"":""unmatched"",""place"":""matched"",""region"":""matched"",""locality"":""not_applicable"",""country"":""inferred"",""confidence"":""high""}",verified,,CA,CA,90247,90247.0,GARDENA,Gardena,Los Angeles County,Los Angeles County,not_flagged,verified_address,in_la_county,include_default_map,verified address in Los Angeles County
lacdmh-sa8-7672-1009,"1045 W REDONDO BEACH BLVD FL 3, GARDENA, CA 90247-4128",-118.293156,33.892863,"1045 West Redondo Beach Boulevard, FL 3, Gardena, California 90247, United States",success,high,,"{""secondary_address"":""plausible"",""address_number"":""matched"",""street"":""matched"",""postcode"":""unmatched"",""place"":""matched"",""region"":""matched"",""locality"":""not_applicable"",""country"":""inferred"",""confidence"":""high""}",verified,,CA,CA,90247,90247.0,GARDENA,Gardena,Los Angeles County,Los Angeles County,not_flagged,verified_address,in_la_county,include_default_map,verified address in Los Angeles County
lacdmh-sa8-8431-1010,"23700 CAMINO DEL SOL, TORRANCE, CA 90505-5017",-118.344246,33.81034,"23700 Camino Del Sol, Torrance, California 90505, United States",success,high,,"{""address_number"":""matched"",""street"":""matched"",""postcode"":""unmatched"",""place"":""matched"",""region"":""matched"",""locality"":""not_applicable"",""country"":""inferred"",""confidence"":""high""}",verified,,CA,CA,90505,90505.0,TORRANCE,Torrance,Los Angeles County,Los Angeles County,not_flagged,verified_address,in_la_county,include_default_map,verified address in Los Angeles County
lacdmh-sa8-19C5-1011,"1 CIVIC PLAZA DR., CARSON, CA 90745-2243",-118.25906,33.83315,"1 Civic Plaza Drive, Carson, California 90745, United States",success,high,,"{""address_number"":""matched"",""street"":""matched"",""postcode"":""unmatched"",""place"":""matched"",""region"":""matched"",""locality"":""not_applicable"",""country"":""inferred"",""confidence"":""high""}",verified,,CA,CA,90745,90745.0,CARSON,Carson,Los Angeles County,Los Angeles County,not_flagged,verified_address,in_la_county,include_default_map,verified address in Los Angeles County
lacdmh-sa8-7509-1012,"2325 CRENSHAW BLVD, TORRANCE, CA 90501-3325",-118.330564,33.824361,"2325 Crenshaw Boulevard, Torrance, California 90501, United States",success,high,,"{""address_number"":""matched"",""street"":""matched"",""postcode"":""unmatched"",""place"":""matched"",""region"":""matched"",""locality"":""not_applicable"",""country"":""inferred"",""confidence"":""high""}",verified,,CA,CA,90501,90501.0,TORRANCE,Torrance,Los Angeles County,Los Angeles County,not_flagged,verified_address,in_la_county,include_default_map,verified address in Los Angeles County
lacdmh-sa8-7329-1013,"879 W 190TH ST STE 350, GARDENA, CA 90248-4223",-118.289322,33.859997,"879 West 190th Street, STE 350, Gardena, California 90248, United States",success,high,,"{""secondary_address"":""matched"",""address_number"":""matched"",""street"":""matched"",""postcode"":""unmatched"",""place"":""matched"",""region"":""matched"",""locality"":""not_applicable"",""country"":""inferred"",""confidence"":""high""}",verified,,CA,CA,90248,90248.0,GARDENA,Gardena,Los Angeles County,Los Angeles County,not_flagged,verified_address,in_la_county,include_default_map,verified address in Los Angeles County
lacdmh-sa8-7683-1014,"2501 ATLANTIC AVENUE, LONG BEACH, CA 90806-9998",-118.185525,33.802674,"2501 Atlantic Avenue, Long Beach, California 90806, United States",success,high,,"{""address_number"":""matched"",""street"":""matched"",""postcode"":""unmatched"",""place"":""matched"",""region"":""matched"",""locality"":""not_applicable"",""country"":""inferred"",""confidence"":""high""}",verified,,CA,CA,90806,90806.0,LONG BEACH,Long Beach,Los Angeles County,Los Angeles County,not_flagged,verified_address,in_la_county,include_default_map,verified address in Los Angeles County
lacdmh-sa8-7686-1015,"3530 ATLANTIC AVE STE210, LONG BEACH, CA 90807-4569",-118.184596,33.820841,"3530 Atlantic Avenue, STE 210, Long Beach, California 90807, United States",success,high,,"{""secondary_address"":""matched"",""address_number"":""matched"",""street"":""matched"",""postcode"":""unmatched"",""place"":""matched"",""region"":""matched"",""locality"":""not_applicable"",""country"":""inferred"",""confidence"":""high""}",verified,,CA,CA,90807,90807.0,LONG BEACH,Long Beach,Los Angeles County,Los Angeles County,not_flagged,verified_address,in_la_county,include_default_map,verified address in Los Angeles County
lacdmh-sa8-7257-1016,"4025 W. 226TH ST., TORRANCE, CA 90505-2340",-118.35626,33.82433,"4025 West 226th Street, Torrance, California 90505, United States",success,high,,"{""address_number"":""matched"",""street"":""matched"",""postcode"":""unmatched"",""place"":""matched"",""region"":""matched"",""locality"":""not_applicable"",""country"":""inferred"",""confidence"":""high""}",verified,,CA,CA,90505,90505.0,TORRANCE,Torrance,Los Angeles County,Los Angeles County,not_flagged,verified_address,in_la_county,include_default_map,verified address in Los Angeles County
lacdmh-sa8-7335-1017,"370 S CRENSHAW BLVD E100 101 200, TORRANCE, CA 90503-1727",-118.328065,33.845517,"370 Crenshaw Boulevard, 00 e1 101 200, Torrance, California 90503, United States",success,high,,"{""secondary_address"":""plausible"",""address_number"":""matched"",""street"":""matched"",""postcode"":""unmatched"",""place"":""matched"",""region"":""matched"",""locality"":""not_applicable"",""country"":""inferred"",""confidence"":""high""}",verified,,CA,CA,90503,90503.0,TORRANCE,Torrance,Los Angeles County,Los Angeles County,not_flagged,verified_address,in_la_county,include_default_map,verified address in Los Angeles County
lacdmh-sa8-7367-1018,"4500 E. PACIFIC COAST HWY. STE. 100, LONG BEACH, CA 90804-3233",-118.140261,33.78779,"4500 Pacific Coast Highway, STE 100, Long Beach, California 90804, United States",success,high,,"{""secondary_address"":""matched"",""address_number"":""matched"",""street"":""matched"",""postcode"":""unmatched"",""place"":""matched"",""region"":""matched"",""locality"":""not_applicable"",""country"":""inferred"",""confidence"":""high""}",verified,,CA,CA,90804,90804.0,LONG BEACH,Long Beach,Los Angeles County,Los Angeles County,not_flagged,verified_address,in_la_county,include_default_map,verified address in Los Angeles County
lacdmh-sa8-7856-1019,"649 E. ALBERTONI STREET SUITE 100, CARSON, CA 90746-1538",-118.26427,33.87257,"649 East Albertoni Street, #100, Carson, California 90746, United States",success,high,,"{""secondary_address"":""matched"",""address_number"":""matched"",""street"":""matched"",""postcode"":""unmatched"",""place"":""matched"",""region"":""matched"",""locality"":""not_applicable"",""country"":""inferred"",""confidence"":""high""}",verified,,CA,CA,90746,90746.0,CARSON,Carson,Los Angeles County,Los Angeles County,not_flagged,verified_address,in_la_county,include_default_map,verified address in Los Angeles County
lacdmh-sa8-190UX-1020,"3210-3220 LONG BEACH BLVD., LONG BEACH, CA 90807-5062",-118.182815,33.832616,"Long Beach Blvd, Long Beach, California 90807, United States",success,,,,needs_review,missing_confidence;non_address_result:street,CA,CA,90807,90807.0,LONG BEACH,Long Beach,Los Angeles County,Los Angeles County,not_flagged,needs_review_address,in_la_county,manual_review,address match quality needs review
lacdmh-sa8-7650-1021,"5190 ATLANTIC AVE., LONG BEACH, CA 90805-6510",-118.183944,33.850661,"5190 Atlantic Avenue, Long Beach, California 90805, United States",success,high,,"{""address_number"":""matched"",""street"":""matched"",""postcode"":""unmatched"",""place"":""matched"",""region"":""matched"",""locality"":""not_applicable"",""country"":""inferred"",""confidence"":""high""}",verified,,CA,CA,90805,90805.0,LONG BEACH,Long Beach,Los Angeles County,Los Angeles County,not_flagged,verified_address,in_la_county,include_default_map,verified address in Los Angeles County
lacdmh-sa8-19JJ-1022,"5178 ATLANTIC AVE., LONG BEACH, CA 90805-6510",-118.183947,33.850248,"5178 Atlantic Avenue, Long Beach, California 90805, United States",success,high,,"{""address_number"":""matched"",""street"":""matched"",""postcode"":""unmatched"",""place"":""matched"",""region"":""matched"",""locality"":""not_applicable"",""country"":""inferred"",""confidence"":""high""}",verified,,CA,CA,90805,90805.0,LONG BEACH,Long Beach,Los Angeles County,Los Angeles County,not_flagged,verified_address,in_la_county,include_default_map,verified address in Los Angeles County
lacdmh-sa8-19JO-1023,"7725 LEEDS ST. BLDG. D, DOWNEY, CA 90242-3489",-118.15692,33.927983,"7725 Leeds Street, BLDG D, Downey, California 90242, United States",success,high,,"{""secondary_address"":""plausible"",""address_number"":""matched"",""street"":""matched"",""postcode"":""unmatched"",""place"":""matched"",""region"":""matched"",""locality"":""not_applicable"",""country"":""inferred"",""confidence"":""high""}",verified,,CA,CA,90242,90242.0,DOWNEY,Downey,Los Angeles County,Los Angeles County,not_flagged,verified_address,in_la_county,include_default_map,verified address in Los Angeles County
lacdmh-sa8-7837-1024,"4335 ATLANTIC AVENUE, LONG BEACH, CA 90807-2803",-118.185443,33.835568,"4335 Atlantic Avenue, Long Beach, California 90807, United States",success,high,,"{""address_number"":""matched"",""street"":""matched"",""postcode"":""unmatched"",""place"":""matched"",""region"":""matched"",""locality"":""not_applicable"",""country"":""inferred"",""confidence"":""high""}",verified,,CA,CA,90807,90807.0,LONG BEACH,Long Beach,Los Angeles County,Los Angeles County,not_flagged,verified_address,in_la_county,include_default_map,verified address in Los Angeles County
lacdmh-sa8-7853-1025,"21730 S VERMONT AVE, TORRANCE, CA 90502-2196",-118.289571,33.830702,"21730 South Vermont Avenue, Torrance, California 90502, United States",success,high,,"{""address_number"":""matched"",""street"":""matched"",""postcode"":""unmatched"",""place"":""matched"",""region"":""matched"",""locality"":""not_applicable"",""country"":""inferred"",""confidence"":""high""}",verified,,CA,CA,90502,90502.0,TORRANCE,Torrance,Los Angeles County,Los Angeles County,not_flagged,verified_address,in_la_county,include_default_map,verified address in Los Angeles County
lacdmh-sa8-8498-1026,"23700 CAMINO DEL SOL, TORRANCE, CA 90505-1234",-118.344246,33.81034,"23700 Camino Del Sol, Torrance, California 90505, United States",success,high,,"{""address_number"":""matched"",""street"":""matched"",""postcode"":""unmatched"",""place"":""matched"",""region"":""matched"",""locality"":""not_applicable"",""country"":""inferred"",""confidence"":""high""}",verified,,CA,CA,90505,90505.0,TORRANCE,Torrance,Los Angeles County,Los Angeles County,not_flagged,verified_address,in_la_county,include_default_map,verified address in Los Angeles County
lacdmh-sa8-7793-1027,"18220 SOUTH BROADWAY STREET, GARDENA, CA 90248-3501",-118.278074,33.864955,"18220 South Broadway, Gardena, California 90248, United States",success,high,,"{""address_number"":""matched"",""street"":""matched"",""postcode"":""unmatched"",""place"":""matched"",""region"":""matched"",""locality"":""not_applicable"",""country"":""inferred"",""confidence"":""high""}",verified,,CA,CA,90248,90248.0,GARDENA,Gardena,Los Angeles County,Los Angeles County,not_flagged,verified_address,in_la_county,include_default_map,verified address in Los Angeles County
lacdmh-sa8-8349-1028,"3151 AIRWAY AVE. STE. T3, COSTA MESA, CA 92626-4627",-117.873075,33.678249,"3151 Airway Avenue, STE T3, Costa Mesa, California 92626, United States",success,high,,"{""secondary_address"":""matched"",""address_number"":""matched"",""street"":""matched"",""postcode"":""unmatched"",""place"":""matched"",""region"":""matched"",""locality"":""not_applicable"",""country"":""inferred"",""confidence"":""high""}",verified,,CA,CA,92626,92626.0,COSTA MESA,Costa Mesa,Los Angeles County,Orange County,outside_la_county_review,verified_address,outside_la_county,exclude_default_map,correctly geocoded but outside Los Angeles County
lacdmh-sa8-7279-1029,"901 W. VICTORIA ST. UNITS F G, COMPTON, CA 90220-5807",-118.237298,33.868027,"901 West Victoria Street, units f g, Compton, California 90220, United States",success,high,,"{""secondary_address"":""plausible"",""address_number"":""matched"",""street"":""matched"",""postcode"":""unmatched"",""place"":""matched"",""region"":""matched"",""locality"":""not_applicable"",""country"":""inferred"",""confidence"":""high""}",verified,,CA,CA,90220,90220.0,COMPTON,Compton,Los Angeles County,Los Angeles County,not_flagged,verified_address,in_la_county,include_default_map,verified address in Los Angeles County
lacdmh-sa8-7249-1030,"1360 W 6TH ST STE 205, SAN PEDRO, CA 90732-3567",-118.307049,33.739037,"1360 West 6th Street, STE 205, San Pedro, California 90732, United States",success,high,,"{""secondary_address"":""matched"",""address_number"":""matched"",""street"":""matched"",""postcode"":""unmatched"",""place"":""matched"",""region"":""matched"",""locality"":""not_applicable"",""country"":""inferred"",""confidence"":""high""}",verified,,CA,CA,90732,90732.0,SAN PEDRO,San Pedro,Los Angeles County,Los Angeles County,not_flagged,verified_address,in_la_county,include_default_map,verified address in Los Angeles County
lacdmh-sa8-7433-1031,"1301 PINE AVE., LONG BEACH, CA 90813-3124",-118.192762,33.782912,"1301 Pine Avenue, Long Beach, California 90813, United States",success,high,,"{""address_number"":""matched"",""street"":""matched"",""postcode"":""unmatched"",""place"":""matched"",""region"":""matched"",""locality"":""not_applicable"",""country"":""inferred"",""confidence"":""high""}",verified,,CA,CA,90813,90813.0,LONG BEACH,Long Beach,Los Angeles County,Los Angeles County,not_flagged,verified_address,in_la_county,include_default_map,verified address in Los Angeles County
lacdmh-sa8-19FQ-1032,"1055 FREEMAN AVE., LONG BEACH, CA 90804-3804",-118.155926,33.779965,"1055 Freeman Avenue, Long Beach, California 90804, United States",success,high,,"{""address_number"":""matched"",""street"":""matched"",""postcode"":""unmatched"",""place"":""matched"",""region"":""matched"",""locality"":""not_applicable"",""country"":""inferred"",""confidence"":""high""}",verified,,CA,CA,90804,90804.0,LONG BEACH,Long Beach,Los Angeles County,Los Angeles County,not_flagged,verified_address,in_la_county,include_default_map,verified address in Los Angeles County
lacdmh-sa8-19G2-1033,"1060 E. 70TH ST., LONG BEACH, CA 90805-1008",-118.179899,33.880888,"1060 East 70th Street, Long Beach, California 90805, United States",success,high,,"{""address_number"":""matched"",""street"":""matched"",""postcode"":""unmatched"",""place"":""matched"",""region"":""matched"",""locality"":""not_applicable"",""country"":""inferred"",""confidence"":""high""}",verified,,CA,CA,90805,90805.0,LONG BEACH,Long Beach,Los Angeles County,Los Angeles County,not_flagged,verified_address,in_la_county,include_default_map,verified address in Los Angeles County
lacdmh-sa8-19G5-1034,"1951 CHERRY AVE., SIGNAL HILL, CA 90755-5823",-118.168816,33.792924,"1951 Cherry Avenue, Signal Hill, California 90755, United States",success,high,,"{""address_number"":""matched"",""street"":""matched"",""postcode"":""unmatched"",""place"":""matched"",""region"":""matched"",""locality"":""not_applicable"",""country"":""inferred"",""confidence"":""high""}",verified,,CA,CA,90755,90755.0,SIGNAL HILL,Signal Hill,Los Angeles County,Los Angeles County,not_flagged,verified_address,in_la_county,include_default_map,verified address in Los Angeles County
lacdmh-sa8-7377-1035,"2017 E. 4TH ST., LONG BEACH, CA 90814-1001",-118.167154,33.77197,"2017 East 4th Street, Long Beach, California 90814, United States",success,high,,"{""address_number"":""matched"",""street"":""matched"",""postcode"":""unmatched"",""place"":""matched"",""region"":""matched"",""locality"":""not_applicable"",""country"":""inferred"",""confidence"":""high""}",verified,,CA,CA,90814,90814.0,LONG BEACH,Long Beach,Los Angeles County,Los Angeles County,not_flagged,verified_address,in_la_county,include_default_map,verified address in Los Angeles County
lacdmh-sa8-8516-1036,"1010 W. CHAPMAN AVENUE, ORANGE, CA 92868-2847",-117.863132,33.78764,"1010 West Chapman Avenue, Orange, California 92868, United States",success,high,,"{""address_number"":""matched"",""street"":""matched"",""postcode"":""unmatched"",""place"":""matched"",""region"":""matched"",""locality"":""not_applicable"",""country"":""inferred"",""confidence"":""high""}",verified,,CA,CA,92868,92868.0,ORANGE,Orange,Los Angeles County,Orange County,outside_la_county_review,verified_address,outside_la_county,exclude_default_map,correctly geocoded but outside Los Angeles County
lacdmh-sa8-7702-1037,"21810 NORMANDIE AVE 2ND FL, TORRANCE, CA 90502-2047",-118.298843,33.829899,"21810 South Normandie Avenue, Torrance, California 90502, United States",success,medium,,"{""address_number"":""matched"",""street"":""unmatched"",""postcode"":""unmatched"",""place"":""matched"",""region"":""matched"",""locality"":""not_applicable"",""country"":""inferred"",""confidence"":""medium""}",needs_review,medium_confidence;street_not_matched,CA,CA,90502,90502.0,TORRANCE,Torrance,Los Angeles County,Los Angeles County,not_flagged,needs_review_address,in_la_county,manual_review,address match quality needs review
lacdmh-sa8-7938-1038,"3300 CIVIC CENTER DRIVE, TORRANCE, CA 90503-5016",-118.342325,33.839998,"3300 Civic Center Drive, Torrance, California 90503, United States",success,high,,"{""address_number"":""matched"",""street"":""matched"",""postcode"":""unmatched"",""place"":""matched"",""region"":""matched"",""locality"":""not_applicable"",""country"":""inferred"",""confidence"":""high""}",verified,,CA,CA,90503,90503.0,TORRANCE,Torrance,Los Angeles County,Los Angeles County,not_flagged,verified_address,in_la_county,include_default_map,verified address in Los Angeles County
lacdmh-sa8-8489-1039,"9214 BELMONT STREET, BELLFLOWER, CA 90706-5604",-118.137715,33.88355,"9214 Belmont Street, Bellflower, California 90706, United States",success,high,,"{""address_number"":""matched"",""street"":""matched"",""postcode"":""unmatched"",""place"":""matched"",""region"":""matched"",""locality"":""not_applicable"",""country"":""inferred"",""confidence"":""high""}",verified,,CA,CA,90706,90706.0,BELLFLOWER,Bellflower,Los Angeles County,Los Angeles County,not_flagged,verified_address,in_la_county,include_default_map,verified address in Los Angeles County
lacdmh-sa8-8481-1040,"2776 PACIFIC AVE, LONG BEACH, CA 90806-2613",-118.192968,33.80727,"2776 Pacific Avenue, Long Beach, California 90806, United States",success,high,,"{""address_number"":""matched"",""street"":""matched"",""postcode"":""unmatched"",""place"":""matched"",""region"":""matched"",""locality"":""not_applicable"",""country"":""inferred"",""confidence"":""high""}",verified,,CA,CA,90806,90806.0,LONG BEACH,Long Beach,Los Angeles County,Los Angeles County,not_flagged,verified_address,in_la_county,include_default_map,verified address in Los Angeles County
lacdmh-sa8-8513-1041,"2748 PACIFIC COAST HWY 1084, TORRANCE, CA 90505-7002",-118.334883,33.792792,"2748 Pacific Coast Highway, #1084, Torrance, California 90505, United States",success,high,,"{""secondary_address"":""plausible"",""address_number"":""matched"",""street"":""matched"",""postcode"":""unmatched"",""place"":""matched"",""region"":""matched"",""locality"":""not_applicable"",""country"":""inferred"",""confidence"":""high""}",verified,,CA,CA,90505,90505.0,TORRANCE,Torrance,Los Angeles County,Los Angeles County,not_flagged,verified_address,in_la_county,include_default_map,verified address in Los Angeles County
lacdmh-sa8-7714-1042,"11222 S LA CIENEGA BLVD SUITE 115, INGLEWOOD, CA 90304-1109",-118.369663,33.932079,"11222 South La Cienega Boulevard, STE 115, Inglewood, California 90304, United States",success,high,,"{""secondary_address"":""matched"",""address_number"":""matched"",""street"":""matched"",""postcode"":""unmatched"",""place"":""matched"",""region"":""matched"",""locality"":""not_applicable"",""country"":""inferred"",""confidence"":""high""}",verified,,CA,CA,90304,90304.0,INGLEWOOD,Inglewood,Los Angeles County,Los Angeles County,not_flagged,verified_address,in_la_county,include_default_map,verified address in Los Angeles County
lacdmh-sa8-8436-1043,"1703 TERMINO AVE. STE 106, LONG BEACH, CA 90804-2126",-118.146586,33.788208,"1703 Termino Avenue, STE 106, Long Beach, California 90804, United States",success,high,,"{""secondary_address"":""matched"",""address_number"":""matched"",""street"":""matched"",""postcode"":""unmatched"",""place"":""matched"",""region"":""matched"",""locality"":""not_applicable"",""country"":""inferred"",""confidence"":""high""}",verified,,CA,CA,90804,90804.0,LONG BEACH,Long Beach,Los Angeles County,Los Angeles County,not_flagged,verified_address,in_la_county,include_default_map,verified address in Los Angeles County
